order_id,order_date,ship_date,customer_id,customer_email,region,country,postal_code,sales_channel,product_category,units_sold,unit_price,revenue_amount,discount_pct,margin_amount,delivery_days,satisfaction_score,currency_code,order_notes,fiscal_period
ORD-100200,2023-09-29,2023-10-08,10448,user486@example.com,East,United States,94385,Online,Bakery,24,16.92,359.44,13.44,,12,4.6,USD,Customer requested split delivery across two addresses.,2023-09
ORD-100584,2024-04-03,2024-04-04,12365,user1686@example.com,East,United States,80722,Retail,Household,13,19.58,318.1,7.39,99.82,12,4.3,USD,Escalated to the regional service desk for a damaged pallet.,2024-04
ORD-101204,2023-06-03,2023-06-06,12269,user2227@example.com,North,United States,84217,Online,Household,26,36.44,1249.67,4.92,409.99,12,3.3,USD,Customer requested split delivery across two addresses.,2023-06
ORD-102643,2023-06-22,2023-06-22,10908,user590@example.com,East,United States,47935,Online,Household,35,19.99,859.19,13.74,266.73,13,3.7,USD,,2023-06
ORD-100920,2023-08-08,2023-08-10,11845,user1552@example.com,East,Canada,75019,Retail,Snacks,12,12.23,124.69,4.92,48.58,5,4.8,USD,Escalated to the regional service desk for a damaged pallet.,2023-08
ORD-102427,2024-03-22,2024-03-25,10716,user958@example.com,East,Mexico,61201,Online,Dairy,18,35.32,935.37,7.8,296.4,1,3.5,USD,Escalated to the regional service desk for a damaged pallet.,2024-03
ORD-100395,2024-08-12,2024-08-18,10641,user1691@example.com,South,United States,69074,Online,Snacks,14,20.69,284.71,8.04,93.36,5,,USD,,2024-08
ORD-103339,2023-04-24,2023-05-04,11194,user2564@example.com,South,Canada,26983,Retail,Bakery,11,43.35,587.04,12.67,177.7,11,,USD,Customer requested split delivery across two addresses.,2023-04
ORD-101281,2024-07-07,2024-07-11,10726,user356@example.com,East,United States,36004,Online,Bakery,19,42.24,920.58,4.47,299.13,1,5.0,USD,"Standard order, no special handling requested by the buyer.",2024-07
ORD-100162,2023-10-15,2023-10-18,10503,user2228@example.com,South,Canada,12440,Retail,Household,10,15.2,115.14,2.27,45.08,11,4.4,USD,Customer requested split delivery across two addresses.,2023-10
ORD-100151,2024-01-12,2024-01-20,11137,user2755@example.com,North,United States,63442,Online,Snacks,27,25.37,849.73,12.21,266.47,13,3.8,USD,"Standard order, no special handling requested by the buyer.",2024-01
ORD-102144,2023-09-14,2023-09-14,10187,user1950@example.com,North,Canada,34548,Partner,Produce,39,13.36,356.54,11.43,109.88,12,4.6,USD,,2023-09
ORD-100370,2024-07-25,2024-07-28,10460,user330@example.com,North,United States,38701,Online,Dairy,34,57.96,2087.38,6.76,683.39,8,3.8,USD,Customer requested split delivery across two addresses.,2024-07
ORD-101081,2023-03-13,2023-03-14,10347,user1172@example.com,North,United States,50068,Retail,Produce,24,33.16,983.98,5.44,318.75,9,5.0,USD,Customer requested split delivery across two addresses.,2023-03
ORD-103471,2023-01-03,2023-01-14,11183,user2556@example.com,north ,United States,22554,Retail,Beverages,13,34.18,450.07,0.0,151.25,13,4.0,USD,"Standard order, no special handling requested by the buyer.",2023-01
ORD-102366,2024-07-05,2024-07-11,11663,user2426@example.com,North,United States,96174,Online,Snacks,8,19.56,181.07,6.69,59.25,6,3.5,USD,Escalated to the regional service desk for a damaged pallet.,2024-07
ORD-103645,2024-07-13,2024-07-22,11621,user49@example.com,North,United States,89379,Wholesale,Household,28,15.38,550.33,2.36,183.33,3,4.8,USD,,2024-07
ORD-100012,2024-08-11,2024-08-11,11454,user1066@example.com,East,Canada,89891,Online,Beverages,37,15.12,552.02,14.14,159.64,7,2.8,USD,Escalated to the regional service desk for a damaged pallet.,2024-08
ORD-103719,2024-01-26,2024-01-29,11990,user847@example.com,West,United States,83110,Partner,Household,27,51.06,1375.0,9.63,434.39,13,3.6,USD,Customer requested split delivery across two addresses.,2024-01
ORD-102809,2024-04-04,2024-04-10,11780,user1362@example.com,North,United States,30209,Retail,Beverages,1,34.96,43.68,6.2,8.38,1,4.5,USD,Customer requested split delivery across two addresses.,2024-04
ORD-103293,2023-12-12,2023-12-15,10192,user1752@example.com,East,United States,99917,Online,Dairy,2,21.77,47.25,18.49,15.89,10,3.7,USD,"Standard order, no special handling requested by the buyer.",2023-12
ORD-102673,2024-09-12,2024-09-13,10616,user2319@example.com,South,United States,81900,Retail,Frozen,13,39.03,386.42,20.37,109.71,5,3.3,USD,,2024-09
ORD-102097,2024-01-01,2024-01-11,11683,user2659@example.com,East,United States,88120,Online,Frozen,8,25.61,242.8,6.17,82.07,2,4.9,USD,"Standard order, no special handling requested by the buyer.",2024-01
ORD-102650,2023-11-18,2023-11-18,10726,user1073@example.com,South,United States,98689,Online,Produce,2,17.74,34.81,1.83,5.85,7,4.8,USD,,2023-11
ORD-100342,2024-03-16,2024-03-16,11563,user270@example.com,SOUTH,United States,27163,Wholesale,Beverages,31,26.1,1356.0,7.7,435.65,4,4.1,USD,"Standard order, no special handling requested by the buyer.",2024-03
ORD-101739,2023-06-05,2023-06-13,11082,user1366@example.com,East,United States,40009,Online,Bakery,1,9.88,12.94,7.09,10.13,9,5.0,USD,,2023-06
ORD-102718,2023-09-30,2023-09-30,11730,user1207@example.com,North,United States,68887,Online,Produce,33,28.0,817.76,6.57,280.52,3,3.2,USD,Customer requested split delivery across two addresses.,2023-09
ORD-101045,2023-01-01,2023-01-07,11278,user642@example.com,North,United States,96725,Online,Produce,7,22.71,188.39,8.52,60.62,13,3.0,USD,,2023-01
ORD-103132,2023-04-16,2023-04-26,10022,user2910@example.com,North,United States,31229,Online,Frozen,20,15.97,468.09,14.95,145.84,12,4.6,USD,,2023-04
ORD-101091,2023-02-06,2023-02-14,11568,user2564@example.com,East,United States,45367,Online,Beverages,8,17.56,190.41,0.0,66.43,12,4.2,USD,Escalated to the regional service desk for a damaged pallet.,2023-02
ORD-102415,2024-11-10,2024-11-16,10095,user2905@example.com,North,Canada,76484,Online,Dairy,29,9.44,261.8,3.75,92.36,11,,USD,Customer requested split delivery across two addresses.,2024-11
ORD-103371,2024-11-07,2024-11-11,11501,user2152@example.com,North,United States,54137,Wholesale,Household,28,25.27,766.33,8.41,245.55,3,4.9,USD,Customer requested split delivery across two addresses.,2024-11
ORD-100420,2024-08-15,2024-08-18,10259,user55@example.com,West,United States,85392,Wholesale,Produce,11,13.04,159.49,6.54,41.06,2,3.7,USD,"Standard order, no special handling requested by the buyer.",2024-08
ORD-102997,2024-10-25,2024-10-29,11129,user439@example.com,North,Mexico,55503,Online,Bakery,16,15.48,225.99,10.79,70.81,9,2.9,USD,Customer requested split delivery across two addresses.,2024-10
ORD-100695,2023-12-17,2023-12-19,12388,user937@example.com,North,Canada,66748,Partner,Beverages,30,32.8,832.76,9.04,272.32,1,4.6,USD,Escalated to the regional service desk for a damaged pallet.,2023-12
ORD-102353,2024-11-28,2024-11-28,11042,user1799@example.com,South,Mexico,23425,Wholesale,Snacks,3,21.01,73.96,0.0,27.46,13,3.7,USD,Escalated to the regional service desk for a damaged pallet.,2024-11
ORD-103378,2023-03-24,2023-03-28,11036,user510@example.com,East,Canada,55631,Online,Snacks,17,54.52,1364.34,10.46,431.68,2,4.1,USD,"Standard order, no special handling requested by the buyer.",2023-03
ORD-100801,2023-01-23,2023-02-02,12108,user2124@example.com,South,United States,92397,Online,Beverages,3,55.09,5986.96,6.75,72.72,1,4.3,USD,"Standard order, no special handling requested by the buyer.",2023-01
ORD-101277,2024-05-02,2024-05-05,11243,user1151@example.com,South,United States,24604,Online,Bakery,14,34.45,690.67,9.5,212.19,4,5.0,USD,,2024-05
ORD-102313,2023-03-17,2023-03-28,11012,user2948@example.com,West,United States,29915,Online,Snacks,11,22.42,361.27,13.67,110.63,11,4.2,USD,"Standard order, no special handling requested by the buyer.",2023-03
ORD-103251,2024-04-08,2024-04-17,12240,user836@example.com,North,United States,34177,Partner,Frozen,16,37.26,669.49,18.15,192.48,8,5.0,USD,Customer requested split delivery across two addresses.,2024-04
ORD-101123,2023-05-19,2023-05-21,11089,user1184@example.com,North,United States,91526,Online,Produce,13,17.79,319.34,8.11,106.43,13,3.8,USD,Customer requested split delivery across two addresses.,2023-05
ORD-100579,2024-01-20,2024-01-28,10341,user576@example.com,SOUTH,Mexico,47646,Online,Household,24,20.56,631.39,6.37,207.55,7,4.1,USD,Customer requested split delivery across two addresses.,2024-01
ORD-100677,2024-02-13,2024-02-17,11478,user1926@example.com,South,United States,80149,Wholesale,Snacks,32,24.62,1246.27,7.24,407.76,9,5.0,USD,Escalated to the regional service desk for a damaged pallet.,2024-02
ORD-103505,2023-09-08,2023-09-14,12264,user2065@example.com,North,Canada,98017,Wholesale,Dairy,9,14.4,134.53,0.36,47.78,4,4.5,USD,Customer requested split delivery across two addresses.,2023-09
ORD-103630,2024-01-25,2024-01-25,12067,user534@example.com,North,United States,35648,Partner,Frozen,3,31.96,2668.1200000000003,15.16,30.0,3,5.0,USD,"Standard order, no special handling requested by the buyer.",2024-01
ORD-102349,2023-06-22,2023-07-01,11615,user658@example.com,North,United States,57179,Online,Beverages,12,37.07,546.28,5.26,174.1,2,4.0,USD,"Standard order, no special handling requested by the buyer.",2023-06
ORD-102532,2024-08-17,2024-08-23,11997,user2311@example.com,South,United States,66811,Wholesale,Bakery,26,32.9,944.17,7.92,302.27,11,4.9,USD,Customer requested split delivery across two addresses.,2024-08
ORD-101984,2024-11-13,2024-11-19,10398,user57@example.com,South,Canada,70012,Retail,Beverages,4,28.33,92.82,1.96,30.04,13,4.2,USD,,2024-11
ORD-100074,2024-04-29,2024-05-09,11428,user774@example.com,North,United States,16500,Online,Snacks,23,37.19,1231.39,20.01,358.48,6,4.0,USD,Customer requested split delivery across two addresses.,2024-04
ORD-102020,2024-11-24,2024-11-28,10306,user2079@example.com,North,United States,86204,Online,Frozen,5,9.65,48.67,11.04,20.42,2,4.2,USD,Customer requested split delivery across two addresses.,2024-11
ORD-102392,2023-09-13,2023-09-15,11287,user2917@example.com,West,Canada,70441,Partner,Snacks,20,26.0,356.42,2.43,113.97,1,4.8,USD,Customer requested split delivery across two addresses.,2023-09
ORD-101779,2024-03-01,2024-03-05,10776,user2403@example.com,north ,United States,17583,Retail,Beverages,32,23.61,919.37,0.42,309.9,9,4.6,USD,"Standard order, no special handling requested by the buyer.",2024-03
ORD-103376,2024-01-05,2024-01-14,10229,user2460@example.com,SOUTH,United States,91435,Online,Household,3,27.32,98.79,5.13,25.11,8,3.8,USD,Customer requested split delivery across two addresses.,2024-01
ORD-103336,2024-08-31,2024-09-03,10779,user1986@example.com,West,United States,39420,Online,Bakery,20,17.66,325.95,4.81,111.82,1,2.9,USD,,2024-08
ORD-101851,2023-07-14,2023-07-16,11951,user2115@example.com,South,Canada,25828,Online,Bakery,30,51.17,1714.72,3.73,,10,4.2,USD,"Standard order, no special handling requested by the buyer.",2023-07
ORD-103796,2024-04-25,2024-05-06,12307,user2126@example.com,North,United States,70133,Online,Snacks,31,44.74,2009.16,11.08,625.64,5,4.2,USD,,2024-04
ORD-101366,2023-10-02,2023-10-07,10640,user1615@example.com,South,Canada,32121,Retail,Bakery,37,18.22,505.64,0.0,173.54,4,4.5,USD,"Standard order, no special handling requested by the buyer.",2023-10
ORD-101357,2024-08-02,2024-08-10,12049,user2829@example.com,West,United States,57256,Online,Bakery,39,37.2,1484.8,6.1,471.62,1,4.4,USD,"Standard order, no special handling requested by the buyer.",2024-08
ORD-102799,2023-06-21,2023-07-02,10153,user1772@example.com,North,United States,32234,Online,Beverages,32,12.03,474.67,7.55,152.99,7,4.3,USD,,2023-06
ORD-103073,2023-05-04,2023-05-10,11317,user536@example.com,West,United States,50011,Online,Beverages,15,19.83,425.16,4.23,139.15,1,4.3,USD,,2023-05
ORD-101164,2024-03-09,2024-03-12,11496,user2941@example.com,West,United States,85637,Online,Frozen,20,52.17,1516.71,5.92,491.5,5,3.8,USD,Customer requested split delivery across two addresses.,2024-03
ORD-103403,2023-01-20,2023-01-31,11536,user2960@example.com,South,United States,81719,Online,Household,13,18.74,311.73,6.24,97.29,3,4.7,USD,"Standard order, no special handling requested by the buyer.",2023-01
ORD-100174,2024-03-21,2024-03-31,11114,user728@example.com,North,United States,67856,Online,Household,5,38.57,283.57,9.41,90.54,2,5.0,USD,,2024-03
ORD-100821,2024-08-16,2024-08-23,10467,user2523@example.com,South,Canada,38057,Retail,Beverages,8,26.15,171.67,6.03,55.75,4,3.7,USD,Escalated to the regional service desk for a damaged pallet.,2024-08
ORD-102622,2024-11-05,2024-11-10,10221,user2975@example.com,North,United States,25756,Wholesale,Dairy,26,35.35,989.05,7.14,,5,4.1,USD,Escalated to the regional service desk for a damaged pallet.,2024-11
ORD-103287,2023-01-09,2023-01-15,11761,user297@example.com,North,United States,99287,Online,Bakery,19,24.66,574.21,6.04,182.5,6,4.3,USD,Customer requested split delivery across two addresses.,2023-01
ORD-100933,2024-10-30,2024-11-04,11370,user1903@example.com,North,United States,18057,Retail,Snacks,36,30.16,850.3,6.01,276.64,1,4.5,USD,Customer requested split delivery across two addresses.,2024-10
ORD-101973,2023-01-02,2023-01-05,11587,user1719@example.com,South,United States,94616,Wholesale,Snacks,1,40.14,54.66,7.13,12.93,3,2.5,USD,"Standard order, no special handling requested by the buyer.",2023-01
ORD-100214,2023-01-10,2023-01-13,11122,user2217@example.com,East,Canada,42903,Retail,Bakery,10,42.28,440.91,6.09,143.87,3,4.2,USD,Customer requested split delivery across two addresses.,2023-01
ORD-103714,2023-10-09,2023-10-18,10130,user1552@example.com,North,United States,11668,Wholesale,Household,35,26.67,26552.12,6.28,306.12,6,3.6,USD,Escalated to the regional service desk for a damaged pallet.,2023-10
ORD-103684,2023-12-29,2023-12-29,10703,user961@example.com,East,Mexico,75677,Partner,Bakery,11,29.69,291.4,15.67,89.56,3,4.2,USD,,2023-12
ORD-102604,2024-04-14,2024-04-22,10922,user2750@example.com,South,Canada,19938,Online,Bakery,13,27.06,515.98,8.69,163.69,4,4.8,USD,Escalated to the regional service desk for a damaged pallet.,2024-04
ORD-103738,2023-06-02,2023-06-03,10183,user892@example.com,East,United States,17151,Online,Bakery,8,11.76,124.51,6.14,,2,4.2,USD,Escalated to the regional service desk for a damaged pallet.,2023-06
ORD-101024,2024-05-10,2024-05-11,10302,user2357@example.com,West,United States,17129,Online,Snacks,6,37.11,313.64,12.7,95.05,11,3.5,USD,,2024-05
ORD-103700,2024-10-31,2024-11-10,11944,user93@example.com,East,Canada,79813,Retail,Dairy,25,8.48,166.49,5.16,59.93,11,3.1,USD,Customer requested split delivery across two addresses.,2024-10
ORD-100268,2024-01-11,2024-01-18,11556,user2551@example.com,South,United States,63345,Online,Bakery,19,26.17,614.34,5.08,206.43,7,3.9,USD,Escalated to the regional service desk for a damaged pallet.,2024-01
ORD-100767,2024-06-25,2024-07-03,11313,user2805@example.com,South,Canada,87373,Online,Beverages,15,27.29,494.45,11.73,151.09,1,4.1,USD,,2024-06
ORD-103490,2023-08-07,2023-08-08,10084,user2874@example.com,South,Canada,19899,Online,Beverages,10,39.15,394.09,10.97,119.5,10,4.7,USD,,2023-08
ORD-100014,2023-02-16,2023-02-19,12422,user894@example.com,North,United States,66313,Retail,Produce,7,39.11,323.3,17.82,94.57,13,3.7,USD,Customer requested split delivery across two addresses.,2023-02
ORD-103933,2024-11-22,2024-11-22,11448,user1835@example.com,East,United States,52183,Online,Bakery,39,9.98,389.41,7.02,118.53,9,4.7,USD,Escalated to the regional service desk for a damaged pallet.,2024-11
ORD-100544,2023-03-10,2023-03-14,10350,user1465@example.com,South,Canada,48094,Retail,Produce,28,26.31,907.51,7.51,,9,4.8,USD,,2023-03
ORD-100632,2023-12-23,2023-12-24,10996,user182@example.com,SOUTH,United States,52833,Online,Bakery,-8,17.85,162.72,10.83,52.41,5,3.7,USD,Customer requested split delivery across two addresses.,2023-12
ORD-100432,2024-06-06,2024-06-13,10173,user2049@example.com,East,United States,56555,Online,Frozen,34,6.62,292.78,9.71,92.12,8,4.6,USD,Customer requested split delivery across two addresses.,2024-06
ORD-100080,2023-07-26,2023-07-29,11691,user1433@example.com,South,United States,40280,Online,Bakery,1,10.76,11.4,8.79,2.46,8,4.3,USD,Escalated to the regional service desk for a damaged pallet.,2023-07
ORD-101529,2024-11-28,2024-12-01,10231,user190@example.com,north ,Mexico,86357,Online,Dairy,10,17.27,177.12,14.67,51.4,4,3.6,USD,"Standard order, no special handling requested by the buyer.",2024-11
ORD-100177,2024-11-28,2024-12-06,12314,user643@example.com,North,Mexico,42745,Online,Bakery,12,19.4,238.76,5.75,78.58,3,4.8,USD,,2024-11
ORD-101569,2024-02-22,2024-02-24,10508,user458@example.com,North,United States,67538,Retail,Frozen,13,66.51,1035.6,11.12,331.09,10,3.7,USD,Escalated to the regional service desk for a damaged pallet.,2024-02
ORD-103457,2024-07-03,2024-07-13,11554,user2680@example.com,East,United States,91284,Online,Household,2,24.88,58.09,8.8,15.34,7,4.6,USD,Escalated to the regional service desk for a damaged pallet.,2024-07
ORD-103181,2024-08-18,2024-08-22,11796,user762@example.com,East,United States,60015,Retail,Bakery,4,43.74,142.54,5.47,39.95,12,5.0,USD,Customer requested split delivery across two addresses.,2024-08
ORD-101340,2023-01-16,2023-01-19,11781,user440@example.com,North,United States,98266,Partner,Frozen,11,10.59,111.97,7.46,,4,4.6,USD,Escalated to the regional service desk for a damaged pallet.,2023-01
ORD-102755,2024-08-03,2024-08-10,11964,user2176@example.com,South,United States,42856,Partner,Dairy,9,30.84,215.75,0.0,67.18,11,3.7,USD,"Standard order, no special handling requested by the buyer.",2024-08
ORD-102517,2024-03-29,2024-04-07,10849,user47@example.com,West,United States,83213,Retail,Beverages,26,16.61,539.74,10.26,172.51,6,,USD,Escalated to the regional service desk for a damaged pallet.,2024-03
ORD-103450,2024-03-17,2024-03-21,11781,user2731@example.com,North,United States,47387,Online,Produce,18,38.21,1008.4,14.32,311.8,7,3.5,USD,,2024-03
ORD-102139,2024-04-22,2024-04-28,12114,user644@example.com,North,Mexico,20016,Online,Dairy,5,50.93,370.4,8.83,119.34,13,4.4,USD,,2024-04
ORD-100757,2024-09-01,2024-09-11,11675,user1748@example.com,South,United States,91530,Retail,Beverages,19,20.55,304.55,10.26,90.37,5,3.6,USD,Escalated to the regional service desk for a damaged pallet.,2024-09
ORD-101007,2023-09-27,2023-09-28,12444,user754@example.com,South,Canada,53630,Retail,Bakery,29,21.75,473.39,12.99,149.68,1,4.2,USD,"Standard order, no special handling requested by the buyer.",2023-09
ORD-103545,2024-07-07,2024-07-08,12025,user642@example.com,North,United States,92569,Online,Bakery,32,16.42,602.71,6.77,198.46,12,3.3,USD,"Standard order, no special handling requested by the buyer.",2024-07
ORD-100857,2023-02-18,2023-02-25,10980,user119@example.com,North,Canada,18036,Partner,Household,11,32.73,384.54,9.85,120.1,8,4.6,USD,,2023-02
ORD-102661,2024-03-22,2024-04-02,11617,user1890@example.com,South,United States,21458,Retail,Frozen,4,18.86,94.06,10.32,33.82,9,3.6,USD,Customer requested split delivery across two addresses.,2024-03
ORD-103635,2023-02-02,2023-02-13,11692,user2894@example.com,North,United States,69431,Online,Dairy,34,13.78,627.21,1.81,209.02,8,4.2,USD,"Standard order, no special handling requested by the buyer.",2023-02
ORD-102293,2023-07-16,2023-07-17,11163,user366@example.com,West,United States,15417,Online,Dairy,28,36.95,1145.44,10.03,372.38,13,4.7,USD,,2023-07
ORD-100995,2023-03-25,2023-04-05,11043,user1134@example.com,North,United States,78131,Retail,Produce,20,24.98,623.53,12.23,189.71,2,4.1,USD,Escalated to the regional service desk for a damaged pallet.,2023-03
ORD-100400,2024-08-30,2024-09-07,10927,user694@example.com,North,United States,59248,Partner,Produce,14,9.83,97.13,1.78,32.33,3,3.9,USD,,2024-08
ORD-101735,2024-08-20,2024-08-30,12273,user2465@example.com,South,United States,68442,Retail,Snacks,17,24.9,342.46,0.0,,11,4.3,USD,Customer requested split delivery across two addresses.,2024-08
ORD-101728,2024-11-03,2024-11-09,11608,user2672@example.com,East,Canada,47590,Retail,Bakery,32,30.06,762.04,0.0,261.94,7,4.1,USD,,2024-11
ORD-100594,2023-06-04,2023-06-15,12315,user1149@example.com,East,United States,18071,Partner,Beverages,26,34.17,890.71,17.38,260.79,12,5.0,USD,Escalated to the regional service desk for a damaged pallet.,2023-06
ORD-103874,2023-05-15,2023-05-23,11506,user63@example.com,West,Canada,98208,Retail,Dairy,12,12.65,179.49,12.55,57.16,10,4.4,USD,,2023-05
ORD-102469,2023-05-08,2023-05-19,12083,user2237@example.com,North,Canada,81161,Partner,Produce,18,24.6,478.87,6.59,155.29,9,4.8,USD,Customer requested split delivery across two addresses.,2023-05
ORD-102442,2024-09-10,2024-09-20,12183,user1825@example.com,West,United States,46044,Online,Produce,12,38.43,415.91,2.39,,8,4.1,USD,"Standard order, no special handling requested by the buyer.",2024-09
ORD-103437,2024-08-01,2024-08-09,11281,user2331@example.com,North,United States,95529,Retail,Dairy,1,30.68,748.16,4.92,6.71,11,4.9,USD,"Standard order, no special handling requested by the buyer.",2024-08
ORD-102201,2024-03-27,2024-04-02,10071,user916@example.com,SOUTH,United States,32719,Online,Beverages,2,27.29,80.46,13.06,20.34,9,3.1,USD,,2024-03
ORD-101869,2024-08-09,2024-08-18,10690,user393@example.com,West,Canada,51717,Retail,Bakery,38,23.74,760.32,13.61,235.37,1,5.0,USD,Customer requested split delivery across two addresses.,2024-08
ORD-102245,2024-07-05,2024-07-14,10626,user2021@example.com,East,United States,17826,Online,Bakery,8,47.26,437.5,8.14,143.77,1,5.0,USD,"Standard order, no special handling requested by the buyer.",2024-07
ORD-102866,2024-07-14,2024-07-15,11839,user1243@example.com,North,United States,32211,Online,Bakery,14,30.39,473.14,5.83,156.92,1,3.3,USD,Escalated to the regional service desk for a damaged pallet.,2024-07
ORD-103656,2023-01-27,2023-02-05,11407,user301@example.com,East,Canada,27362,Retail,Beverages,39,23.51,1019.63,9.67,318.31,1,3.6,USD,Customer requested split delivery across two addresses.,2023-01
ORD-100865,2023-12-22,2023-12-22,12107,user1792@example.com,South,United States,57471,Retail,Produce,28,43.45,1169.67,2.09,392.36,9,3.8,USD,"Standard order, no special handling requested by the buyer.",2023-12
ORD-100448,2024-11-11,2024-11-13,11064,user1762@example.com,West,Canada,90355,Partner,Frozen,21,28.55,438.83,9.35,140.75,2,3.7,USD,Escalated to the regional service desk for a damaged pallet.,2024-11
ORD-101043,2024-11-16,2024-11-26,11152,user1927@example.com,South,Mexico,92639,Partner,Bakery,19,9.33,132.14,11.71,40.26,9,4.5,USD,Escalated to the regional service desk for a damaged pallet.,2024-11
ORD-102436,2023-11-16,2023-11-19,11784,user2322@example.com,north ,United States,78840,Partner,Bakery,14,27.54,286.33,11.13,93.25,4,4.3,USD,"Standard order, no special handling requested by the buyer.",2023-11
ORD-102094,2023-06-10,2023-06-15,10879,user654@example.com,East,United States,14919,Partner,Produce,24,29.0,683.04,7.8,215.81,2,5.0,USD,Customer requested split delivery across two addresses.,2023-06
ORD-101862,2023-01-28,2023-01-31,11317,user1022@example.com,North,United States,40282,Partner,Beverages,17,27.71,473.1,8.62,147.99,10,5.0,USD,Escalated to the regional service desk for a damaged pallet.,2023-01
ORD-101187,2023-05-17,2023-05-26,11203,user1603@example.com,West,Canada,20217,Retail,Bakery,7,28.28,232.88,11.58,76.01,10,4.6,USD,,2023-05
ORD-102768,2024-08-29,2024-09-05,11207,user24@example.com,North,United States,78106,Wholesale,Frozen,17,29.52,532.79,8.87,175.07,12,4.7,USD,Escalated to the regional service desk for a damaged pallet.,2024-08
ORD-103008,2024-07-17,2024-07-28,11355,user1197@example.com,North,United States,55378,Partner,Household,34,49.24,1401.19,0.48,479.58,3,4.3,USD,"Standard order, no special handling requested by the buyer.",2024-07
ORD-103166,2023-05-30,2023-05-30,11015,user671@example.com,East,Canada,52855,Online,Snacks,25,58.97,1970.43,4.5,652.6,11,,USD,"Standard order, no special handling requested by the buyer.",2023-05
ORD-100255,2023-07-15,2023-07-15,11101,user1515@example.com,East,United States,79521,Online,Dairy,23,34.37,879.09,9.31,283.07,5,3.3,USD,Escalated to the regional service desk for a damaged pallet.,2023-07
ORD-100128,2024-10-11,2024-10-13,11770,user1168@example.com,West,Mexico,17524,Retail,Dairy,22,42.89,712.09,12.87,219.3,12,4.2,USD,Customer requested split delivery across two addresses.,2024-10
ORD-103589,2024-08-26,2024-09-04,10911,user2299@example.com,South,Canada,90348,Retail,Produce,20,30.54,484.62,16.48,142.91,10,3.8,USD,,2024-08
ORD-102754,2024-11-28,2024-12-04,11078,user995@example.com,East,United States,46517,Wholesale,Beverages,20,29.28,687.11,0.0,236.57,10,3.7,USD,Customer requested split delivery across two addresses.,2024-11
ORD-100564,2023-01-06,2023-01-07,10799,user938@example.com,West,Canada,33405,Retail,Dairy,35,51.16,1836.75,13.32,567.48,2,5.0,USD,Customer requested split delivery across two addresses.,2023-01
ORD-103228,2024-10-07,2024-10-15,11067,user1071@example.com,North,United States,58720,Retail,Household,30,22.92,517.04,8.65,173.15,13,4.1,USD,"Standard order, no special handling requested by the buyer.",2024-10
ORD-102990,2024-05-05,2024-05-06,11085,user2711@example.com,East,Canada,51664,Wholesale,Household,36,11.29,662.05,11.43,204.02,3,3.5,USD,Customer requested split delivery across two addresses.,2024-05
ORD-102273,2023-12-10,2023-12-20,10067,user2445@example.com,South,United States,42851,Online,Beverages,16,26.79,461.07,3.66,151.81,9,5.0,USD,Escalated to the regional service desk for a damaged pallet.,2023-12
ORD-101782,2023-05-01,2023-05-10,11201,user1017@example.com,East,United States,55936,Online,Snacks,25,13.67,491.15,9.34,157.1,10,5.0,USD,Escalated to the regional service desk for a damaged pallet.,2023-05
ORD-100390,2023-08-14,2023-08-15,11025,user1005@example.com,South,United States,66402,Partner,Dairy,-12,9.09,81.46,5.78,32.78,6,4.3,USD,"Standard order, no special handling requested by the buyer.",2023-08
ORD-100258,2023-12-08,2023-12-18,10396,user1063@example.com,West,United States,18893,Partner,Bakery,3,11.28,27.52,0.0,6.42,3,4.1,USD,Escalated to the regional service desk for a damaged pallet.,2023-12
ORD-103780,2024-11-24,2024-11-25,12146,user2924@example.com,South,United States,63047,Online,Bakery,31,19.91,622.56,10.92,193.88,3,3.5,USD,Customer requested split delivery across two addresses.,2024-11
ORD-101905,2024-05-12,2024-05-16,10179,user187@example.com,North,Canada,73666,Retail,Dairy,-29,18.9,651.23,3.08,,3,3.6,USD,"Standard order, no special handling requested by the buyer.",2024-05
ORD-101426,2024-01-07,2024-01-09,12129,user237@example.com,North,United States,24085,Retail,Snacks,13,48.64,651.32,2.45,223.48,6,4.2,USD,Escalated to the regional service desk for a damaged pallet.,2024-01
ORD-100637,2024-08-17,2024-08-28,10142,user2322@example.com,North,United States,18707,Retail,Produce,38,41.39,1285.95,11.95,398.11,5,3.9,USD,,2024-08
ORD-103361,2024-01-31,2024-02-05,11556,user1073@example.com,West,Canada,86437,Wholesale,Snacks,38,24.08,1392.39,15.96,413.39,2,4.8,USD,Customer requested split delivery across two addresses.,2024-01
ORD-103045,2024-02-27,2024-03-03,11392,user1485@example.com,South,United States,20910,Retail,Frozen,38,17.21,791.42,2.19,261.48,12,2.9,USD,Escalated to the regional service desk for a damaged pallet.,2024-02
ORD-100737,2024-02-28,2024-03-01,10207,user154@example.com,West,United States,76317,Online,Snacks,37,22.96,1215.4,3.34,404.87,4,4.1,USD,"Standard order, no special handling requested by the buyer.",2024-02
ORD-100768,2023-05-10,2023-05-10,10928,user2902@example.com,SOUTH,Canada,13468,Online,Snacks,23,30.06,976.07,12.8,304.7,6,4.1,USD,,2023-05
ORD-102216,2024-10-08,2024-10-19,12436,user2605@example.com,North,United States,44636,Retail,Beverages,8,37.93,228.34,12.29,72.39,12,3.8,USD,,2024-10
ORD-101397,2023-01-12,2023-01-14,12441,user2974@example.com,North,United States,94947,Online,Household,18,21.3,475.61,4.85,158.29,2,3.0,USD,Customer requested split delivery across two addresses.,2023-01
ORD-101226,2024-05-03,2024-05-04,10380,user694@example.com,North,United States,18931,Retail,Frozen,36,30.44,1327.4,0.51,449.76,7,3.9,USD,Customer requested split delivery across two addresses.,2024-05
ORD-103010,2024-04-18,2024-04-27,12012,user334@example.com,East,United States,16297,Partner,Frozen,7,25.36,197.86,7.09,65.81,4,4.1,USD,,2024-04
ORD-101727,2024-02-28,2024-03-08,12135,user33@example.com,East,United States,28167,Online,Household,39,27.7,1545.58,9.53,490.0,3,4.2,USD,Customer requested split delivery across two addresses.,2024-02
ORD-102915,2023-03-27,2023-03-29,11598,user1521@example.com,South,United States,17776,Online,Bakery,21,40.98,1268.32,4.21,418.0,9,4.6,USD,,2023-03
ORD-100533,2023-05-26,2023-05-31,10923,user2773@example.com,North,United States,80360,Online,Frozen,34,29.07,1337.67,7.43,439.22,12,4.6,USD,"Standard order, no special handling requested by the buyer.",2023-05
ORD-101069,2023-07-26,2023-08-03,11554,user185@example.com,East,United States,62017,Partner,Snacks,29,37.46,877.65,8.34,289.59,10,3.7,USD,Escalated to the regional service desk for a damaged pallet.,2023-07
ORD-102585,2023-05-05,2023-05-15,10289,user971@example.com,North,United States,43932,Retail,Beverages,31,46.34,1736.75,4.5,565.92,12,3.5,USD,Customer requested split delivery across two addresses.,2023-05
ORD-100326,2024-06-05,2024-06-09,11925,user1880@example.com,North,Canada,74482,Online,Snacks,11,36.03,517.36,19.38,147.07,4,5.0,USD,,2024-06
ORD-100833,2024-05-15,2024-05-22,10206,user2524@example.com,East,United States,17125,Online,Household,5,19.02,132.35,8.22,33.44,13,4.4,USD,Escalated to the regional service desk for a damaged pallet.,2024-05
ORD-102607,2024-09-18,2024-09-20,11582,user1109@example.com,North,United States,34959,Online,Dairy,11,23.38,229.15,4.92,75.81,12,4.9,USD,"Standard order, no special handling requested by the buyer.",2024-09
ORD-103484,2024-03-04,2024-03-13,10225,user167@example.com,North,United States,56765,Online,Frozen,31,15.09,675.08,7.0,215.01,5,4.0,USD,,2024-03
ORD-100748,2024-05-24,2024-05-25,11415,user1847@example.com,South,United States,71724,Retail,Snacks,22,11.47,290.29,6.48,89.18,10,4.1,USD,Customer requested split delivery across two addresses.,2024-05
ORD-102540,2023-02-06,2023-02-09,11206,user2966@example.com,South,United States,49501,Retail,Produce,30,10.68,368.04,0.0,128.89,7,4.2,USD,Customer requested split delivery across two addresses.,2023-02
ORD-100081,2023-02-01,2023-02-04,11893,user1791@example.com,North,United States,32590,Online,Bakery,31,14.25,589.47,4.67,197.25,6,4.4,USD,,2023-02
ORD-102521,2023-02-26,2023-03-02,11794,user2050@example.com,East,United States,42235,Retail,Snacks,5,26.47,159.85,1.3,49.33,7,4.6,USD,Escalated to the regional service desk for a damaged pallet.,2023-02
ORD-102932,2024-05-20,2024-05-22,11248,user389@example.com,north ,United States,13985,Partner,Frozen,2,41.15,86.2,7.31,31.55,13,3.8,USD,,2024-05
ORD-100365,2023-06-10,2023-06-16,10869,user745@example.com,East,United States,23932,Retail,Household,32,20.14,702.76,15.81,205.1,8,4.5,USD,"Standard order, no special handling requested by the buyer.",2023-06
ORD-100311,2023-08-31,2023-09-08,11787,user1025@example.com,South,Canada,67407,Wholesale,Snacks,2,37.26,78.89,8.41,25.21,6,4.9,USD,Customer requested split delivery across two addresses.,2023-08
ORD-103569,2023-03-16,2023-03-24,11216,user697@example.com,South,United States,89639,Retail,Beverages,13,26.68,430.18,7.16,142.37,10,3.2,USD,,2023-03
ORD-101623,2023-08-17,2023-08-22,12164,user475@example.com,East,Mexico,38602,Retail,Household,17,51.23,714.65,5.09,230.02,5,4.7,USD,"Standard order, no special handling requested by the buyer.",2023-08
ORD-100896,2024-08-21,2024-09-01,12251,user149@example.com,North,United States,83275,Online,Bakery,28,28.68,764.02,6.53,245.57,11,3.6,USD,Escalated to the regional service desk for a damaged pallet.,2024-08
ORD-103330,2023-10-12,2023-10-22,12033,user1632@example.com,South,United States,82522,Wholesale,Dairy,34,49.15,1702.53,8.94,537.57,2,3.5,USD,Escalated to the regional service desk for a damaged pallet.,2023-10
ORD-100243,2023-02-27,2023-03-10,11875,user445@example.com,South,United States,28431,Partner,Frozen,28,20.33,619.98,9.94,185.7,9,3.4,USD,"Standard order, no special handling requested by the buyer.",2023-02
ORD-101553,2023-06-05,2023-06-12,12357,user2775@example.com,North,United States,35371,Partner,Frozen,21,20.24,424.66,13.45,127.79,3,4.4,USD,"Standard order, no special handling requested by the buyer.",2023-06
ORD-101941,2024-10-18,2024-10-21,10399,user1374@example.com,North,United States,63680,Retail,Bakery,13,8.92,88.39,9.68,25.36,11,4.8,USD,Escalated to the regional service desk for a damaged pallet.,2024-10
ORD-102244,2023-12-29,2024-01-03,12223,user478@example.com,North,United States,12986,Online,Produce,35,38.22,1564.9,7.13,506.23,5,4.8,USD,Escalated to the regional service desk for a damaged pallet.,2023-12
ORD-103113,2024-06-06,2024-06-17,11208,user1241@example.com,north ,United States,14407,Partner,Beverages,32,32.92,1045.12,0.0,,9,4.2,USD,"Standard order, no special handling requested by the buyer.",2024-06
ORD-103390,2023-03-15,2023-03-23,12438,user694@example.com,West,Canada,84990,Retail,Household,7,27.91,242.07,10.26,75.78,9,3.4,USD,Customer requested split delivery across two addresses.,2023-03
ORD-102017,2023-03-29,2023-04-08,11658,user1049@example.com,South,United States,49613,Online,Beverages,26,43.41,1664.25,18.1,489.19,1,3.4,USD,,2023-03
ORD-103997,2023-12-08,2023-12-18,10984,user1579@example.com,East,United States,92767,Online,Snacks,35,19.78,738.15,10.59,230.82,2,,USD,Customer requested split delivery across two addresses.,2023-12
ORD-103199,2023-04-13,2023-04-16,10928,user326@example.com,South,United States,77039,Online,Snacks,2,22.6,66.4,7.71,14.87,9,4.5,USD,Escalated to the regional service desk for a damaged pallet.,2023-04
ORD-102776,2023-04-08,2023-04-09,12470,user1956@example.com,South,United States,59685,Retail,Household,15,18.48,346.03,13.6,104.7,12,5.0,USD,Escalated to the regional service desk for a damaged pallet.,2023-04
ORD-100980,2023-12-29,2024-01-02,11702,user2117@example.com,South,United States,63636,Online,Household,20,39.26,918.56,0.0,307.58,3,3.8,USD,Customer requested split delivery across two addresses.,2023-12
ORD-100750,2023-09-11,2023-09-14,11921,user767@example.com,North,Canada,39575,Online,Beverages,15,18.57,251.22,6.2,81.7,5,4.8,USD,"Standard order, no special handling requested by the buyer.",2023-09
ORD-100726,2024-11-24,2024-11-26,11964,user2640@example.com,West,United States,13729,Online,Produce,8,17.85,144.04,12.45,42.43,3,4.7,USD,Customer requested split delivery across two addresses.,2024-11
ORD-102848,2023-11-04,2023-11-06,12381,user1221@example.com,North,Canada,75685,Online,Snacks,36,20.11,18949.28,13.88,203.3,4,4.4,USD,"Standard order, no special handling requested by the buyer.",2023-11
ORD-102921,2024-08-23,2024-09-03,10476,user347@example.com,South,United States,15562,Partner,Frozen,1,12.03,8.67,6.1,4.67,9,3.7,USD,Escalated to the regional service desk for a damaged pallet.,2024-08
ORD-103106,2023-03-16,2023-03-24,10193,user469@example.com,East,Canada,45062,Online,Snacks,32,27.57,1291.19,12.36,405.03,8,4.2,USD,Customer requested split delivery across two addresses.,2023-03
ORD-102418,2024-11-07,2024-11-12,10502,user739@example.com,South,Canada,17300,Online,Beverages,4,37.04,140.26,6.73,41.06,1,3.9,USD,"Standard order, no special handling requested by the buyer.",2024-11
ORD-101460,2023-11-27,2023-12-05,11458,user2217@example.com,East,United States,89101,Online,Dairy,4,13.81,56.18,14.35,,10,3.6,USD,Customer requested split delivery across two addresses.,2023-11
ORD-100246,2023-11-01,2023-11-08,12159,user1808@example.com,West,United States,90619,Online,Snacks,11,34.45,351.16,11.39,114.89,9,4.6,USD,"Standard order, no special handling requested by the buyer.",2023-11
ORD-102679,2023-03-12,2023-03-20,11390,user1295@example.com,North,United States,59017,Retail,Dairy,39,7.55,363.64,0.0,119.66,4,3.0,USD,Escalated to the regional service desk for a damaged pallet.,2023-03
ORD-103604,2024-11-15,2024-11-19,10772,user1568@example.com,SOUTH,Canada,20519,Online,Snacks,2,34.88,67.92,4.86,19.46,11,4.4,USD,Escalated to the regional service desk for a damaged pallet.,2024-11
ORD-101254,2024-01-15,2024-01-20,10755,user1628@example.com,East,United States,78070,Wholesale,Produce,32,7.38,339.17,7.66,111.53,5,3.3,USD,,2024-01
ORD-100065,2023-10-18,2023-10-26,11217,user2348@example.com,West,Mexico,12193,Online,Produce,32,27.99,804.24,6.26,263.12,6,3.7,USD,"Standard order, no special handling requested by the buyer.",2023-10
ORD-103673,2023-07-05,2023-07-09,10146,user1787@example.com,East,Canada, 90210 ,Online,Dairy,37,49.35,2122.19,1.52,716.64,7,5.0,USD,Escalated to the regional service desk for a damaged pallet.,2023-07
ORD-100235,2023-11-15,2023-11-15,11379,user1040@example.com,North,Mexico,92614,Partner,Snacks,35,31.28,810.02,5.78,262.34,13,2.9,USD,Customer requested split delivery across two addresses.,2023-11
ORD-103059,2023-09-16,2023-09-17,11887,user554@example.com,South,United States,35428,Partner,Dairy,14,38.34,366.19,2.62,114.7,12,4.1,USD,Customer requested split delivery across two addresses.,2023-09
ORD-101988,2024-11-07,2024-11-14,12426,user2004@example.com,North,Mexico,84482,Wholesale,Produce,13,38.26,538.69,6.21,178.76,6,2.7,USD,Customer requested split delivery across two addresses.,2024-11
ORD-102727,2023-05-25,2023-06-04,11675,user1405@example.com,East,Mexico,59461,Retail,Frozen,2,26.59,61.18,2.26,17.13,3,4.3,USD,Escalated to the regional service desk for a damaged pallet.,2023-05
ORD-103426,2023-02-07,2023-02-14,10517,user532@example.com,North,United States,57297,Retail,Household,23,28.72,761.04,8.1,245.47,6,3.4,USD,Customer requested split delivery across two addresses.,2023-02
ORD-102128,2023-09-21,2023-10-01,11634,user610@example.com,north ,United States,33107,Partner,Snacks,18,17.53,213.99,5.71,74.25,11,4.1,USD,Customer requested split delivery across two addresses.,2023-09
ORD-101894,2024-06-02,2024-06-12,10698,user1501@example.com,SOUTH,United States,21586,Wholesale,Beverages,15,26.14,591.69,5.32,192.51,4,4.0,USD,Escalated to the regional service desk for a damaged pallet.,2024-06
ORD-100940,2023-08-09,2023-08-11,11690,user2622@example.com,West,United States,24582,Online,Dairy,37,30.42,1123.84,6.53,363.04,6,3.7,USD,"Standard order, no special handling requested by the buyer.",2023-08
ORD-102710,2024-10-21,2024-10-25,10261,user241@example.com,North,Canada,21931,Online,Beverages,36,24.64,802.34,9.31,260.62,12,4.2,USD,"Standard order, no special handling requested by the buyer.",2024-10
ORD-101872,2024-10-04,2024-10-04,10061,user528@example.com,East,Canada,25097,Retail,Frozen,39,27.38,801.58,9.07,248.07,7,4.3,USD,"Standard order, no special handling requested by the buyer.",2024-10
ORD-100570,2024-09-12,2024-09-23,10395,user123@example.com,North,United States,80491,Retail,Beverages,26,35.26,698.19,3.63,237.8,12,3.8,USD,,2024-09
ORD-100353,2024-09-24,2024-10-01,10200,user281@example.com,West,United States,48919,Retail,Snacks,18,37.12,501.94,3.02,167.43,2,4.4,USD,Escalated to the regional service desk for a damaged pallet.,2024-09
ORD-100452,2024-10-30,2024-11-03,11049,user2989@example.com,West,Mexico,59618,Online,Dairy,38,11.97,420.34,6.01,139.77,7,3.3,USD,Customer requested split delivery across two addresses.,2024-10
ORD-102731,2023-12-18,2023-12-19,10399,user855@example.com,North,United States,13131,Wholesale,Frozen,16,14.33,292.36,12.46,91.47,2,3.6,USD,Customer requested split delivery across two addresses.,2023-12
ORD-100376,2023-03-18,2023-03-22,10828,user1259@example.com,South,United States,93284,Online,Dairy,39,40.91,2339.26,13.45,709.45,12,3.4,USD,Customer requested split delivery across two addresses.,2023-03
ORD-100354,2024-08-03,2024-08-12,11691,user2128@example.com,South,Canada,17263,Partner,Frozen,24,9.02,168.27,12.5,58.69,10,3.4,USD,,2024-08
ORD-102744,2024-06-18,2024-06-23,11766,user2304@example.com,North,United States,33236,Partner,Beverages,8,27.49,208.49,2.65,73.24,4,4.0,USD,Escalated to the regional service desk for a damaged pallet.,2024-06
ORD-102367,2024-05-30,2024-06-08,11654,user1584@example.com,South,Canada,15907,Online,Bakery,12,31.28,500.07,6.59,159.55,12,4.7,USD,,2024-05
ORD-103119,2024-01-06,2024-01-11,11368,user1300@example.com,North,United States,11756,Online,Produce,33,30.68,1225.47,13.12,375.55,1,4.4,USD,Customer requested split delivery across two addresses.,2024-01
ORD-102549,2024-09-14,2024-09-16,12138,user1206@example.com,South,Canada,81403,Wholesale,Dairy,1,29.23,29.96,7.7,,9,3.8,USD,"Standard order, no special handling requested by the buyer.",2024-09
ORD-100622,2023-09-06,2023-09-16,11945,user1286@example.com,South,United States,48113,Retail,Frozen,36,10.08,280.27,15.35,88.67,8,4.3,USD,Customer requested split delivery across two addresses.,2023-09
ORD-100458,2023-04-25,2023-05-04,11152,user769@example.com,West,United States,82440,Online,Bakery,33,23.68,1133.62,14.36,344.28,12,3.3,USD,Customer requested split delivery across two addresses.,2023-04
ORD-101834,2024-11-11,2024-11-21,10655,user2251@example.com,South,United States,14785,Online,Dairy,16,15.65,240.29,6.61,76.6,11,5.0,USD,,2024-11
ORD-103895,2023-12-23,2024-01-02,12363,user2183@example.com,North,United States,49450,Wholesale,Beverages,8,47.43,494.66,1.96,165.22,5,5.0,USD,"Standard order, no special handling requested by the buyer.",2023-12
ORD-101671,2023-05-13,2023-05-24,11505,user1902@example.com,West,United States,96981,Retail,Dairy,15,24.69,440.04,7.79,,3,3.1,USD,Customer requested split delivery across two addresses.,2023-05
ORD-100251,2024-08-13,2024-08-23,11918,user2974@example.com,South,Mexico,48455,Retail,Beverages,35,27.24,791.14,11.61,251.87,3,3.9,USD,,2024-08
ORD-101936,2023-07-24,2023-07-28,11205,user35@example.com,North,Canada,80895,Online,Frozen,17,27.25,495.02,8.71,160.39,11,4.6,USD,Escalated to the regional service desk for a damaged pallet.,2023-07
ORD-100263,2023-05-10,2023-05-13,11546,user925@example.com,South,Canada,28326,Retail,Bakery,-3,17.46,62.67,14.68,21.15,5,5.0,USD,Escalated to the regional service desk for a damaged pallet.,2023-05
ORD-101413,2023-12-27,2023-12-30,10398,user2180@example.com,SOUTH,United States,64091,Wholesale,Snacks,37,5.27,258.71,12.7,80.52,10,3.4,USD,Customer requested split delivery across two addresses.,2023-12
ORD-100189,2024-10-19,2024-10-21,11038,user2330@example.com,East,United States,49274,Partner,Beverages,38,23.6,616.32,12.24,193.44,8,3.8,USD,,2024-10
ORD-102092,2023-12-04,2023-12-06,10935,user1709@example.com,SOUTH,Mexico,95611,Online,Beverages,14,25.72,377.28,0.13,122.92,3,4.3,USD,,2023-12
ORD-101507,2024-11-30,2024-12-09,11723,user1097@example.com,North,Mexico,97654,Retail,Produce,32,14.32,401.67,7.39,127.15,8,3.8,USD,"Standard order, no special handling requested by the buyer.",2024-11
ORD-101605,2023-06-25,2023-07-05,11637,user731@example.com,North,United States,75588,Online,Snacks,12,30.02,436.95,1.31,142.5,0,4.0,USD,"Standard order, no special handling requested by the buyer.",2023-06
ORD-100125,2023-11-23,2023-11-25,11191,user502@example.com,North,United States,31265,Wholesale,Snacks,29,21.11,700.74,3.71,233.53,3,4.3,USD,Escalated to the regional service desk for a damaged pallet.,2023-11
ORD-101838,2024-09-30,2024-10-03,11217,user1810@example.com,South,United States,79856,Retail,Frozen,33,43.28,1071.18,1.34,364.73,8,4.7,USD,"Standard order, no special handling requested by the buyer.",2024-09
ORD-101934,2024-10-09,2024-10-14,11615,user1067@example.com,South,United States,41560,Online,Beverages,21,35.6,664.42,12.74,203.14,6,4.0,USD,Escalated to the regional service desk for a damaged pallet.,2024-10
ORD-103669,2024-01-15,2024-01-18,10631,user2887@example.com,East,Canada,76856,Online,Frozen,28,24.85,873.46,0.0,301.75,4,3.6,USD,"Standard order, no special handling requested by the buyer.",2024-01
ORD-102954,2024-04-24,2024-05-05,11883,user1581@example.com,East,Canada,80612,Retail,Household,26,14.6,466.68,4.54,,4,4.6,USD,"Standard order, no special handling requested by the buyer.",2024-04
ORD-101364,2023-03-25,2023-03-25,11669,user1281@example.com,North,United States,21673,Online,Household,35,20.76,1070.07,2.56,360.41,9,3.1,USD,"Standard order, no special handling requested by the buyer.",2023-03
ORD-103052,2024-07-08,2024-07-17,12210,user1019@example.com,north ,Canada,31176,Online,Produce,28,23.46,750.17,8.73,238.25,3,3.9,USD,Escalated to the regional service desk for a damaged pallet.,2024-07
ORD-102312,2023-08-20,2023-08-25,11545,user1700@example.com,North,Mexico,19638,Online,Beverages,25,22.61,541.49,0.0,187.99,0,3.5,USD,,2023-08
ORD-100791,2023-09-29,2023-10-10,11272,user1560@example.com,West,United States,23934,Partner,Produce,26,24.12,423.37,8.47,138.89,7,4.9,USD,Customer requested split delivery across two addresses.,2023-09
ORD-103244,2023-12-18,2023-12-22,11235,user2220@example.com,East,United States,72939,Retail,Produce,34,22.07,708.75,7.9,229.07,2,4.3,USD,,2023-12
ORD-103074,2023-09-05,2023-09-16,10565,user2645@example.com,North,United States,31544,Partner,Household,25,33.67,586.49,2.74,190.63,5,2.7,USD,"Standard order, no special handling requested by the buyer.",2023-09
ORD-102237,2024-03-17,2024-03-19,10128,user2830@example.com,West,United States,49743,Online,Dairy,15,46.98,1033.21,1.49,341.83,13,3.6,USD,Customer requested split delivery across two addresses.,2024-03
ORD-100690,2023-01-12,2023-01-17,11259,user1210@example.com,East,United States,70662,Online,Produce,32,34.63,1374.68,4.4,455.57,0,2.7,USD,"Standard order, no special handling requested by the buyer.",2023-01
ORD-102944,2024-10-05,2024-10-12,11173,user24@example.com,north ,United States,20849,Online,Beverages,37,37.35,1224.69,4.84,398.5,5,3.6,USD,Escalated to the regional service desk for a damaged pallet.,2024-10
ORD-101263,2023-09-23,2023-10-04,10362,user952@example.com,South,United States,41829,Retail,Household,22,5.7,94.33,6.8,29.12,5,4.6,USD,,2023-09
ORD-102040,2023-04-07,2023-04-15,11433,user2020@example.com,South,United States,92688,Partner,Household,26,33.9,990.6,12.91,301.34,11,4.6,USD,"Standard order, no special handling requested by the buyer.",2023-04
ORD-100556,2031-06-15,2023-02-25,10788,user338@example.com,West,United States,72303,Wholesale,Beverages,31,34.79,1731.98,2.41,578.49,9,5.0,USD,Escalated to the regional service desk for a damaged pallet.,2031-06
ORD-103022,2023-02-23,2023-03-03,12205,user2131@example.com,North,Canada,26717,Online,Dairy,18,32.23,821.71,10.64,253.15,11,5.0,USD,"Standard order, no special handling requested by the buyer.",2023-02
ORD-101548,2023-05-06,2023-05-09,11394,user1822@example.com,North,Canada,57802,Online,Produce,26,20.06,742.58,12.83,234.44,11,3.3,USD,"Standard order, no special handling requested by the buyer.",2023-05
ORD-102917,2024-08-27,2024-08-28,11417,user1632@example.com,West,Mexico,37348,Retail,Household,36,19.71,561.28,12.03,171.36,1,5.0,USD,,2024-08
ORD-101120,2023-01-05,2023-01-14,11207,user108@example.com,South,Mexico,48888,Retail,Produce,30,23.75,727.81,0.0,250.17,13,3.0,USD,Customer requested split delivery across two addresses.,2023-01
ORD-103124,2024-06-22,2024-06-24,11752,user766@example.com,North,Canada,41771,Online,Dairy,37,15.72,711.35,11.16,224.45,10,4.6,USD,Escalated to the regional service desk for a damaged pallet.,2024-06
ORD-103513,2023-12-02,2023-12-05,10117,user2292@example.com,East,United States,68606,Wholesale,Bakery,5,22.81,135.54,17.53,38.65,12,3.5,USD,,2023-12
ORD-100777,2023-11-11,2023-11-13,10182,user1589@example.com,South,United States,78597,Online,Beverages,36,10.93,376.28,15.36,116.05,4,4.3,USD,Customer requested split delivery across two addresses.,2023-11
ORD-100164,2024-05-11,2024-05-18,11697,user2491@example.com,South,United States,22472,Retail,Beverages,27,35.13,1129.65,8.66,366.9,9,3.4,USD,Customer requested split delivery across two addresses.,2024-05
ORD-102404,2023-10-13,2023-10-17,10519,user1576@example.com,SOUTH,United States,50550,Online,Frozen,32,23.19,661.59,8.36,212.83,9,5.0,USD,Escalated to the regional service desk for a damaged pallet.,2023-10
ORD-101800,2023-02-01,2023-02-05,12259,user1361@example.com,West,United States,88354,Retail,Frozen,10,21.97,248.45,0.0,90.98,8,4.0,USD,Customer requested split delivery across two addresses.,2023-02
ORD-103764,2023-02-05,2023-02-08,12190,user479@example.com,South,United States,36578,Online,Household,38,43.62,2239.92,4.27,737.55,8,2.8,USD,Customer requested split delivery across two addresses.,2023-02
ORD-101031,2023-10-11,2023-10-22,10893,user2872@example.com,West,United States,87426,Online,Bakery,27,23.49,564.2,10.9,175.72,13,3.8,USD,Escalated to the regional service desk for a damaged pallet.,2023-10
ORD-101506,2023-06-06,2023-06-11,11995,user2321@example.com,South,Canada,94698,Partner,Household,11,21.67,237.33,10.91,77.62,1,4.8,USD,Customer requested split delivery across two addresses.,2023-06
ORD-102704,2024-11-04,2024-11-07,10161,user443@example.com,West,United States,50914,Online,Snacks,35,12.18,399.73,8.16,123.82,3,3.3,USD,Customer requested split delivery across two addresses.,2024-11
ORD-101681,2023-12-05,2023-12-09,11041,user1149@example.com,North,United States,49300,Wholesale,Dairy,27,12.54,407.63,13.3,118.39,6,5.0,USD,Escalated to the regional service desk for a damaged pallet.,2023-12
ORD-100481,2023-06-01,2023-06-02,11471,user1565@example.com,South,United States,10140,Partner,Frozen,38,21.72,835.91,7.49,272.42,11,4.4,USD,,2023-06
ORD-102970,2023-02-21,2023-02-21,10339,user2473@example.com,East,United States,75672,Online,Beverages,16,12.69,286.32,5.36,89.47,13,2.6,USD,"Standard order, no special handling requested by the buyer.",2023-02
ORD-101478,2024-07-29,2024-07-29,12465,user787@example.com,South,United States,62943,Online,Beverages,23,34.92,836.1,6.44,,4,3.7,USD,Customer requested split delivery across two addresses.,2024-07
ORD-101987,2024-01-20,2024-01-26,12315,user2562@example.com,North,United States,12519,Online,Snacks,37,33.03,1563.77,8.97,502.82,6,4.8,USD,Customer requested split delivery across two addresses.,2024-01
ORD-102060,2024-06-14,2024-06-23,12476,user600@example.com,South,Canada,78411,Partner,Dairy,34,31.7,1037.98,0.58,349.99,10,4.5,USD,Customer requested split delivery across two addresses.,2024-06
ORD-101632,2024-07-12,2024-07-18,11361,user1561@example.com,South,Mexico,68403,Online,Beverages,23,17.46,450.57,9.6,142.71,8,4.3,USD,"Standard order, no special handling requested by the buyer.",2024-07
ORD-100972,2024-05-14,2024-05-23,10879,user2356@example.com,West,United States,28251,Wholesale,Produce,8,21.08,269.19,9.34,73.28,10,3.3,USD,,2024-05
ORD-100175,2024-09-19,2024-09-19,11545,user2287@example.com,West,Canada,53239,Partner,Bakery,25,37.44,635.4,4.24,204.48,12,3.4,USD,Escalated to the regional service desk for a damaged pallet.,2024-09
ORD-103137,2024-03-15,2024-03-16,10735,user436@example.com,South,United States,65357,Online,Beverages,14,26.59,544.81,4.83,179.87,7,4.5,USD,,2024-03
ORD-100199,2024-01-02,2024-01-09,10663,user2962@example.com,South,United States,44342,Retail,Dairy,12,11.18,135.31,6.82,40.09,2,4.1,USD,Escalated to the regional service desk for a damaged pallet.,2024-01
ORD-102130,2023-06-15,2023-06-17,10545,user2600@example.com,West,Mexico,26494,Online,Snacks,1,13.48,17.02,6.66,12.08,7,3.7,USD,"Standard order, no special handling requested by the buyer.",2023-06
ORD-101294,2023-07-09,2023-07-20,11293,user2978@example.com,North,Canada,40009,Online,Dairy,20,45.78,1045.63,10.25,330.24,8,4.4,USD,,2023-07
ORD-101638,2024-10-19,2024-10-29,10029,user1272@example.com,West,United States,93732,Wholesale,Dairy,4,30.08,124.03,8.77,33.74,13,3.4,USD,"Standard order, no special handling requested by the buyer.",2024-10
ORD-100078,2023-12-30,2024-01-10,12380,user2449@example.com,North,United States,70402,Wholesale,Beverages,2,17.76,47.75,0.0,19.73,1,4.3,USD,,2023-12
ORD-100346,2024-11-18,2024-11-24,10893,user1460@example.com,East,Canada,19805,Partner,Produce,32,19.28,463.42,7.06,147.2,10,4.8,USD,Escalated to the regional service desk for a damaged pallet.,2024-11
ORD-100240,2023-06-07,2023-06-13,12195,user305@example.com,North,United States,33923,Retail,Dairy,15,20.0,330.7,14.32,100.17,13,5.0,USD,Customer requested split delivery across two addresses.,2023-06
ORD-101386,2023-04-14,2023-04-22,12412,user1183@example.com,West,United States, 90210 ,Partner,Bakery,18,27.81,560.45,16.23,166.84,11,3.9,USD,,2023-04
ORD-100983,2024-09-24,2024-10-02,11347,user2710@example.com,North,United States,64364,Online,Dairy,36,26.4,842.48,8.61,273.63,7,3.7,USD,"Standard order, no special handling requested by the buyer.",2024-09
ORD-102933,2024-02-04,2024-02-06,11450,user639@example.com,West,United States,84490,Partner,Snacks,37,11.34,431.12,11.22,139.19,12,4.8,USD,"Standard order, no special handling requested by the buyer.",2024-02
ORD-100643,2024-06-10,2024-06-15,12213,user1575@example.com,north ,Mexico,27035,Retail,Dairy,33,27.04,969.42,9.23,305.31,6,1.9,USD,Customer requested split delivery across two addresses.,2024-06
ORD-102522,2024-05-01,2024-05-01,10727,user916@example.com,South,United States,84739,Online,Dairy,35,21.2,1064.49,6.49,345.05,1,4.6,USD,Escalated to the regional service desk for a damaged pallet.,2024-05
ORD-101524,2023-09-21,2023-10-01,10430,user961@example.com,north ,Canada,58052,Wholesale,Bakery,27,17.18,471.86,7.86,,4,4.3,USD,,2023-09
ORD-101714,2023-06-16,2023-06-24,12323,user2806@example.com,East,United States,36178,Retail,Beverages,10,21.54,229.6,13.43,72.64,11,4.8,USD,"Standard order, no special handling requested by the buyer.",2023-06
ORD-102155,2024-03-04,2024-03-12,10988,user2869@example.com,South,United States,34987,Online,Frozen,1,14.36,20.72,6.72,5.77,13,4.6,USD,"Standard order, no special handling requested by the buyer.",2024-03
ORD-100098,2024-04-20,2024-04-25,12321,user2749@example.com,North,United States,82734,Online,Dairy,37,51.76,2792.46,4.45,921.66,11,,USD,Escalated to the regional service desk for a damaged pallet.,2024-04
ORD-103658,2023-02-04,2023-02-14,11174,user575@example.com,North,United States,73025,Online,Beverages,10,29.87,402.4,16.65,116.54,4,3.0,USD,Customer requested split delivery across two addresses.,2023-02
ORD-103787,2024-10-19,2024-10-23,12365,user2231@example.com,South,United States,50717,Retail,Beverages,39,44.25,1317.78,4.34,427.61,3,4.3,USD,Escalated to the regional service desk for a damaged pallet.,2024-10
ORD-103268,2023-06-30,2023-07-01,10064,user2132@example.com,East,United States,77338,Online,Household,11,35.78,467.42,9.87,148.49,8,4.4,USD,,2023-06
ORD-101830,2024-08-14,2024-08-25,12322,user2841@example.com,South,Mexico,88638,Online,Snacks,28,22.19,606.09,7.61,192.07,4,4.4,USD,Escalated to the regional service desk for a damaged pallet.,2024-08
ORD-101694,2024-07-21,2024-07-31,10088,user2291@example.com,North,Canada,45968,Online,Produce,10,8.88,95.73,11.85,23.82,12,5.0,USD,Escalated to the regional service desk for a damaged pallet.,2024-07
ORD-103548,2024-11-16,2024-11-26,10681,user1073@example.com,North,Canada,71030,Retail,Dairy,1,12.84,10.63,16.0,9.76,9,4.9,USD,"Standard order, no special handling requested by the buyer.",2024-11
ORD-103909,2024-01-19,2024-01-29,12084,user2607@example.com,East,United States,45292,Online,Bakery,21,39.01,1044.31,2.77,352.84,7,4.8,USD,Customer requested split delivery across two addresses.,2024-01
ORD-101184,2024-07-09,2024-07-14,11420,user878@example.com,north ,United States,52939,Partner,Household,20,18.28,317.05,8.39,103.29,10,5.0,USD,Customer requested split delivery across two addresses.,2024-07
ORD-102737,2024-07-30,2024-08-02,12457,user1110@example.com,South,United States,21537,Online,Bakery,30,27.72,861.99,10.09,272.33,9,3.9,USD,Customer requested split delivery across two addresses.,2024-07
ORD-103011,2024-07-26,2024-07-27,10851,user1747@example.com,north ,United States,16513,Online,Snacks,38,30.75,1232.33,9.53,391.07,3,3.7,USD,Escalated to the regional service desk for a damaged pallet.,2024-07
ORD-103968,2024-01-04,2024-01-06,10661,user2481@example.com,East,United States,91521,Online,Beverages,16,30.81,591.7,12.49,186.76,1,5.0,USD,Customer requested split delivery across two addresses.,2024-01
ORD-103394,2023-01-29,2023-02-03,11170,user2822@example.com,East,United States,98637,Retail,Bakery,20,35.55,796.09,7.72,260.77,10,3.7,USD,Escalated to the regional service desk for a damaged pallet.,2023-01
ORD-100728,2024-09-19,2024-09-20,11944,user1960@example.com,North,Mexico,35280,Online,Dairy,39,11.7,406.12,7.85,129.72,2,4.5,USD,,2024-09
ORD-100330,2023-05-08,2023-05-08,10995,user555@example.com,North,United States,28033,Online,Beverages,18,16.3,416.02,3.59,139.86,2,3.7,USD,"Standard order, no special handling requested by the buyer.",2023-05
ORD-101381,2024-02-23,2024-02-23,11479,user2792@example.com,South,United States,88226,Online,Dairy,7,29.31,290.6,9.03,100.63,11,4.2,USD,"Standard order, no special handling requested by the buyer.",2024-02
ORD-100600,2024-07-21,2024-07-30,12008,user2376@example.com,North,Mexico,96260,Online,Beverages,9,43.44,421.47,7.33,132.36,2,4.3,USD,Escalated to the regional service desk for a damaged pallet.,2024-07
ORD-102974,2024-03-24,2024-04-01,10354,user263@example.com,SOUTH,United States,34990,Partner,Beverages,23,21.19,547.44,9.47,167.1,1,5.0,USD,,2024-03
ORD-101213,2023-01-26,2023-02-02,12304,user510@example.com,West,Canada,26434,Partner,Snacks,38,24.68,935.38,1.54,315.11,8,5.0,USD,,2023-01
ORD-100659,2024-10-19,2024-10-23,10229,user1830@example.com,North,United States,38143,Online,Household,17,8.0,122.54,9.44,30.43,12,4.8,USD,"Standard order, no special handling requested by the buyer.",2024-10
ORD-101301,2023-09-11,2023-09-19,12275,user945@example.com,South,United States,92478,Partner,Frozen,17,26.37,308.37,6.2,101.2,4,4.8,USD,"Standard order, no special handling requested by the buyer.",2023-09
ORD-102949,2023-12-22,2023-12-22,11683,user92@example.com,West,United States,12148,Retail,Frozen,17,20.39,333.26,10.06,109.37,5,3.6,USD,"Standard order, no special handling requested by the buyer.",2023-12
ORD-102973,2024-08-24,2024-09-01,11671,user1485@example.com,North,Canada,21472,Retail,Snacks,22,27.18,477.4,9.98,156.53,13,2.8,USD,,2024-08
ORD-100060,2023-05-27,2023-06-07,11596,user225@example.com,East,Mexico,42711,Online,Snacks,7,9.13,86.23,11.48,16.54,6,3.9,USD,Customer requested split delivery across two addresses.,2023-05
ORD-100470,2024-08-28,2024-08-28,10297,user2954@example.com,South,Canada,30380,Online,Produce,10,25.3,235.45,5.18,78.56,5,3.4,USD,"Standard order, no special handling requested by the buyer.",2024-08
ORD-103696,2023-08-18,2023-08-29,11092,user581@example.com,East,United States,87316,Online,Frozen,15,20.45,295.95,2.21,99.21,2,4.7,USD,,2023-08
ORD-101573,2024-05-28,2024-06-08,12037,user2991@example.com,South,Canada,56614,Retail,Beverages,4,22.24,101.09,7.89,27.71,12,3.4,USD,Escalated to the regional service desk for a damaged pallet.,2024-05
ORD-100866,2023-06-13,2023-06-20,11357,user1866@example.com,South,United States,62555,Online,Household,2,29.85,75.96,8.41,22.41,4,4.9,USD,Customer requested split delivery across two addresses.,2023-06
ORD-100611,2024-03-21,2024-03-28,11575,user731@example.com,,United States,57716,Retail,Snacks,10,15.96,198.88,10.66,67.35,12,4.1,USD,Customer requested split delivery across two addresses.,2024-03
ORD-103082,2023-12-27,2024-01-06,12040,user1307@example.com,West,United States,89816,Retail,Beverages,6,36.4,214.64,9.46,70.64,10,3.9,USD,"Standard order, no special handling requested by the buyer.",2023-12
ORD-101223,2024-11-25,2024-12-01,12197,user316@example.com,North,United States,35942,Retail,Snacks,1,9.37,8.04,11.57,3.03,4,4.7,USD,Customer requested split delivery across two addresses.,2024-11
ORD-103432,2024-02-04,2024-02-12,11919,user1566@example.com,South,Canada,45846,Wholesale,Dairy,19,36.2,1060.08,7.72,,12,4.6,USD,,2024-02
ORD-100167,2024-10-28,2024-11-01,10258,user411@example.com,West,United States,78752,Partner,Beverages,25,30.76,15095.64,9.91,168.21,7,4.5,USD,Customer requested split delivery across two addresses.,2024-10
ORD-103407,2023-08-24,2023-08-29,10592,user931@example.com,South,Canada,90239,Retail,Produce,8,38.67,247.78,6.8,78.18,5,3.6,USD,Customer requested split delivery across two addresses.,2023-08
ORD-100909,2023-05-31,2023-06-09,10425,user2906@example.com,South,United States,86607,Online,Frozen,12,21.7,346.91,1.84,115.83,1,4.5,USD,,2023-05
ORD-103695,2023-08-09,2023-08-15,12254,user1758@example.com,North,Mexico,19167,Retail,Frozen,14,14.65,173.55,5.11,58.47,3,5.0,USD,Customer requested split delivery across two addresses.,2023-08
ORD-101816,2024-10-20,2024-10-22,12214,user700@example.com,East,United States,14727,Online,Beverages,16,47.92,692.15,19.67,202.13,2,3.3,USD,,2024-10
ORD-100826,2023-07-01,2023-07-04,11730,user915@example.com,South,United States,93661,Retail,Frozen,32,15.12,484.88,5.24,154.36,11,4.2,USD,Escalated to the regional service desk for a damaged pallet.,2023-07
ORD-100623,2024-02-05,2024-02-16,11072,user438@example.com,South,United States,71238,Partner,Snacks,15,21.55,333.17,14.32,106.35,10,4.0,USD,Escalated to the regional service desk for a damaged pallet.,2024-02
ORD-102520,2023-08-03,2023-08-11,12245,user1343@example.com,North,United States,36697,Online,Snacks,18,12.51,230.46,7.41,74.32,6,3.5,USD,Customer requested split delivery across two addresses.,2023-08
ORD-100576,2023-10-09,2023-10-12,11578,user2570@example.com,West,Canada,47582,Online,Frozen,25,35.7,792.51,12.93,245.47,9,3.1,USD,Customer requested split delivery across two addresses.,2023-10
ORD-102481,2023-12-28,2024-01-08,11523,user1619@example.com,West,United States,41998,Online,Beverages,36,18.03,756.03,5.25,245.67,3,4.5,USD,Customer requested split delivery across two addresses.,2023-12
ORD-102867,2024-08-19,2024-08-27,11369,user377@example.com,North,Mexico,51459,Retail,Produce,-14,16.41,186.51,2.54,62.68,12,4.1,USD,"Standard order, no special handling requested by the buyer.",2024-08
ORD-103524,2024-08-29,2024-09-03,11519,user1354@example.com,South,United States, 90210 ,Retail,Household,26,17.62,360.27,9.98,110.7,4,4.9,USD,"Standard order, no special handling requested by the buyer.",2024-08
ORD-100237,2023-06-08,2023-06-16,10675,user311@example.com,East,United States,93823,Retail,Bakery,21,27.21,627.64,15.94,182.7,2,4.1,USD,Customer requested split delivery across two addresses.,2023-06
ORD-101412,2024-04-09,2024-04-13,10168,user1200@example.com,North,Canada,46160,Partner,Frozen,35,56.08,2203.15,8.52,709.65,13,3.3,USD,"Standard order, no special handling requested by the buyer.",2024-04
ORD-101799,2024-05-28,2024-06-02,11777,user2060@example.com,South,United States,80305,Partner,Frozen,8,20.56,168.21,11.77,58.17,2,4.4,USD,,2024-05
ORD-100447,2024-11-30,2024-12-07,11680,user1354@example.com,South,United States,35048,Online,Bakery,22,18.38,418.24,8.29,137.6,6,4.9,USD,Escalated to the regional service desk for a damaged pallet.,2024-11
ORD-103987,2024-01-24,2024-01-28,10008,user1210@example.com,West,United States,36065,Online,Beverages,18,36.33,849.1,5.06,276.97,12,3.7,USD,"Standard order, no special handling requested by the buyer.",2024-01
ORD-101396,2023-07-03,2023-07-12,10061,user2521@example.com,North,United States,74298,Wholesale,Snacks,10,25.03,335.72,12.33,103.38,1,4.6,USD,"Standard order, no special handling requested by the buyer.",2023-07
ORD-100471,2023-11-01,2023-11-09,11368,user1771@example.com,South,United States,56948,Retail,Produce,8,27.2,170.88,1.18,60.91,10,4.2,USD,Escalated to the regional service desk for a damaged pallet.,2023-11
ORD-103319,2024-04-14,2024-04-18,10792,user2801@example.com,South,Mexico,81260,Online,Produce,3,28.49,125.37,9.13,43.95,2,4.8,USD,Customer requested split delivery across two addresses.,2024-04
ORD-103448,2024-10-15,2024-10-26,11238,user1031@example.com,North,Mexico,96283,Online,Dairy,22,11.28,222.13,14.87,67.35,6,3.6,USD,Customer requested split delivery across two addresses.,2024-10
ORD-100100,2023-04-21,2023-05-02,11631,user1111@example.com,East,United States,73106,Online,Dairy,19,27.43,759.93,3.09,253.79,12,5.0,USD,Escalated to the regional service desk for a damaged pallet.,2023-04
ORD-103019,2023-09-09,2023-09-14,12121,user2366@example.com,South,Canada,11156,Retail,Snacks,3,18.78,43.23,15.52,20.86,13,4.1,USD,Customer requested split delivery across two addresses.,2023-09
ORD-100508,2024-11-10,2024-11-17,10198,user1461@example.com,,Canada,15874,Online,Bakery,9,13.2,113.61,2.67,41.26,1,4.2,USD,Customer requested split delivery across two addresses.,2024-11
ORD-102655,2023-04-02,2023-04-11,10975,user2848@example.com,North,United States,81945,Partner,Beverages,26,18.11,529.71,9.05,169.33,6,4.5,USD,Escalated to the regional service desk for a damaged pallet.,2023-04
ORD-102683,2023-12-13,2023-12-13,12339,user2836@example.com,North,United States,92433,Online,Dairy,39,24.56,1044.09,7.37,334.61,8,4.1,USD,Customer requested split delivery across two addresses.,2023-12
ORD-100913,2023-08-13,2023-08-21,11278,user1217@example.com,North,United States,51765,Retail,Beverages,20,18.54,308.87,8.14,94.99,3,5.0,USD,,2023-08
ORD-102362,2023-01-02,2023-01-07,10774,user233@example.com,North,United States,57887,Online,Snacks,7,28.7,239.1,13.91,77.84,4,5.0,USD,,2023-01
ORD-100409,2024-09-18,2024-09-27,12082,user1431@example.com,West,United States,65105,Partner,Household,9,28.0,171.26,3.7,56.09,13,4.0,USD,Customer requested split delivery across two addresses.,2024-09
ORD-100521,2023-02-17,2023-02-24,11383,user1372@example.com,North,United States,70240,Online,Frozen,22,48.72,1497.3,8.08,476.48,12,4.3,USD,"Standard order, no special handling requested by the buyer.",2023-02
ORD-102377,2023-11-24,2023-11-30,11342,user2467@example.com,North,United States,47114,Online,Frozen,36,13.79,498.7,7.96,159.36,10,3.4,USD,,2023-11
ORD-101672,2023-08-02,2023-08-12,10863,user2100@example.com,South,United States,80596,Online,Dairy,35,20.97,754.33,4.51,244.36,2,4.1,USD,,2023-08
ORD-100195,2023-03-11,2023-03-16,12129,user97@example.com,East,United States,30224,Online,Dairy,38,23.15,1280.39,9.34,412.57,12,4.6,USD,"Standard order, no special handling requested by the buyer.",2023-03
ORD-100746,2023-10-23,2023-10-26,12026,user1750@example.com,West,United States,80273,Online,Bakery,32,43.39,1258.48,7.83,403.66,1,3.3,USD,"Standard order, no special handling requested by the buyer.",2023-10
ORD-100357,2023-02-16,2023-02-17,11974,user2899@example.com,West,United States,56237,Partner,Produce,21,11.05,246.63,10.42,73.03,3,2.9,USD,,2023-02
ORD-101055,2024-06-03,2024-06-08,12088,user854@example.com,South,United States,86595,Online,Bakery,39,23.0,1179.1,14.78,363.35,6,3.8,USD,Customer requested split delivery across two addresses.,2024-06
ORD-100270,2023-11-24,2023-12-01,11260,user2742@example.com,South,United States,32580,Partner,Household,18,61.06,842.1,8.14,264.08,1,3.3,USD,,2023-11
ORD-100863,2031-06-15,2023-11-14,10558,user2827@example.com,West,United States,52239,Online,Household,6,46.2,263.29,14.41,78.21,11,4.2,USD,"Standard order, no special handling requested by the buyer.",2031-06
ORD-103240,2024-08-15,2024-08-24,11834,user2797@example.com,North,United States,38596,Partner,Produce,30,35.27,784.31,7.31,250.8,10,3.5,USD,,2024-08
ORD-103043,2023-06-17,2023-06-20,11972,user2481@example.com,West,Canada,21803,Online,Frozen,39,26.73,1306.08,12.54,406.0,13,4.1,USD,,2023-06
ORD-103487,2024-02-06,2024-02-06,10129,user2013@example.com,East,Canada,59685,Online,Frozen,39,31.48,1664.11,5.9,539.44,13,3.5,USD,"Standard order, no special handling requested by the buyer.",2024-02
ORD-100389,2023-10-28,2023-10-30,11068,user2685@example.com,north ,United States,50797,Retail,Dairy,25,20.54,398.99,8.79,128.04,7,4.3,USD,Customer requested split delivery across two addresses.,2023-10
ORD-103516,2024-05-31,2024-06-08,11099,user1200@example.com,West,Mexico,59661,Online,Frozen,9,31.48,376.21,1.26,,5,3.7,USD,"Standard order, no special handling requested by the buyer.",2024-05
ORD-103424,2023-12-04,2023-12-13,12035,user2548@example.com,East,United States,29080,Retail,Produce,1,27.68,24.58,0.5,9.71,5,3.4,USD,Escalated to the regional service desk for a damaged pallet.,2023-12
ORD-103757,2023-01-29,2023-02-03,11925,user1715@example.com,,Canada,92809,Online,Household,17,49.59,1113.83,8.2,345.05,6,5.0,USD,,2023-01
ORD-100655,2023-08-04,2023-08-13,11899,user2325@example.com,West,United States,19036,Retail,Household,27,31.66,738.3,10.29,232.85,11,4.3,USD,Customer requested split delivery across two addresses.,2023-08
ORD-100820,2024-02-01,2024-02-01,10689,user677@example.com,South,United States,51827,Partner,Household,17,15.58,269.57,9.0,87.74,6,3.3,USD,"Standard order, no special handling requested by the buyer.",2024-02
ORD-103032,2024-11-16,2024-11-16,12351,user336@example.com,South,United States,18364,Online,Dairy,5,32.0,156.37,7.63,48.92,3,4.2,USD,,2024-11
ORD-103385,2023-07-24,2023-07-26,12280,user1796@example.com,South,Canada,88489,Partner,Frozen,27,22.32,491.16,14.84,145.34,4,4.6,USD,"Standard order, no special handling requested by the buyer.",2023-07
ORD-103806,2024-07-04,2024-07-09,11258,user2360@example.com,North,Canada,19744,Retail,Produce,28,23.14,638.17,3.05,210.3,1,2.6,USD,Escalated to the regional service desk for a damaged pallet.,2024-07
ORD-101232,2024-04-04,2024-04-12,11084,user2454@example.com,East,Mexico,46720,Retail,Dairy,23,20.65,593.44,15.99,174.84,3,3.7,USD,Customer requested split delivery across two addresses.,2024-04
ORD-100372,2024-02-15,2024-02-20,11275,user898@example.com,South,United States,60155,Online,Produce,9,19.89,248.81,17.29,79.95,10,3.6,USD,Customer requested split delivery across two addresses.,2024-02
ORD-101195,2024-06-01,2024-06-05,10169,user1784@example.com,East,United States,49213,Wholesale,Produce,8,39.05,473.01,7.63,150.45,8,3.7,USD,,2024-06
ORD-103170,2023-01-31,2023-02-08,10603,user1974@example.com,West,Canada, 90210 ,Partner,Produce,18,29.93,546.53,11.95,167.51,11,3.2,USD,"Standard order, no special handling requested by the buyer.",2023-01
ORD-101545,2024-06-03,2024-06-14,10187,user1962@example.com,North,United States,53974,Online,Produce,26,40.79,1394.07,5.68,448.63,4,5.0,USD,Escalated to the regional service desk for a damaged pallet.,2024-06
ORD-103622,2024-08-05,2024-08-15,10415,user1018@example.com,North,United States,61199,Online,Frozen,37,14.08,526.55,0.0,,11,3.1,USD,"Standard order, no special handling requested by the buyer.",2024-08
ORD-100028,2023-07-27,2023-07-28,10543,user2512@example.com,West,United States,27888,Online,Frozen,28,16.76,494.91,0.0,164.73,8,3.7,USD,Customer requested split delivery across two addresses.,2023-07
ORD-103263,2023-01-07,2023-01-08,10273,user951@example.com,SOUTH,United States,30417,Online,Dairy,7,14.22,120.99,6.11,37.6,2,5.0,USD,"Standard order, no special handling requested by the buyer.",2023-01
ORD-103804,2024-07-03,2024-07-09,12010,user596@example.com,West,United States,64505,Partner,Household,35,24.3,757.22,9.77,237.65,10,,USD,,2024-07
ORD-100455,2023-10-16,2023-10-23,10931,user1981@example.com,South,Mexico,46837,Retail,Household,24,34.49,627.91,9.77,190.05,13,2.9,USD,Customer requested split delivery across two addresses.,2023-10
ORD-102240,2023-09-14,2023-09-22,10422,user1951@example.com,East,United States,15064,Online,Snacks,13,14.48,168.88,16.49,50.42,9,4.1,USD,Customer requested split delivery across two addresses.,2023-09
ORD-103718,2024-06-09,2024-06-09,11504,user954@example.com,West,Canada,77991,Retail,Frozen,4,33.45,145.9,13.49,49.72,4,4.4,USD,Escalated to the regional service desk for a damaged pallet.,2024-06
ORD-103473,2024-06-15,2024-06-15,10613,user79@example.com,West,United States,20448,Online,Produce,29,31.1,1134.39,1.67,382.04,12,4.9,USD,Escalated to the regional service desk for a damaged pallet.,2024-06
ORD-101809,2024-06-10,2024-06-17,10467,user1466@example.com,West,Canada,21218,Online,Produce,14,57.87,1038.61,4.59,339.31,11,3.9,USD,,2024-06
ORD-102723,2024-01-08,2024-01-08,10159,user1275@example.com,North,United States,18173,Online,Frozen,23,25.01,702.07,21.21,207.52,7,,USD,Customer requested split delivery across two addresses.,2024-01
ORD-103364,2024-05-27,2024-05-29,10537,user1768@example.com,South,United States,50931,Online,Frozen,8,39.11,420.85,2.8,141.15,7,5.0,USD,Escalated to the regional service desk for a damaged pallet.,2024-05
ORD-102127,2023-06-06,2023-06-11,10773,user65@example.com,South,United States,49388,Online,Snacks,39,27.6,1405.11,3.29,467.84,1,5.0,USD,"Standard order, no special handling requested by the buyer.",2023-06
ORD-100183,2023-03-25,2023-03-25,10380,user1607@example.com,West,United States,59306,Retail,Bakery,22,14.76,405.27,5.38,131.1,7,4.0,USD,Escalated to the regional service desk for a damaged pallet.,2023-03
ORD-103942,2023-05-03,2023-05-13,12322,user1369@example.com,South,United States,58180,Online,Frozen,14,19.01,381.12,1.74,130.91,10,4.6,USD,,2023-05
ORD-101107,2024-04-02,2024-04-04,11148,user275@example.com,South,United States,29175,Partner,Bakery,5,21.78,122.5,5.94,42.14,10,5.0,USD,"Standard order, no special handling requested by the buyer.",2024-04
ORD-102991,2023-02-28,2023-03-08,11845,user1058@example.com,North,Mexico,55135,Retail,Produce,28,24.68,837.85,11.66,267.35,5,5.0,USD,Customer requested split delivery across two addresses.,2023-02
ORD-100754,2023-06-30,2023-07-06,10134,user781@example.com,North,Mexico,69799,Online,Beverages,16,31.78,603.88,8.21,190.64,3,2.8,USD,"Standard order, no special handling requested by the buyer.",2023-06
ORD-103120,2023-03-03,2023-03-14,10461,user1139@example.com,East,Canada,30451,Retail,Beverages,14,42.29,721.71,4.43,235.52,5,5.0,USD,,2023-03
ORD-101481,2024-08-01,2024-08-11,10304,user2599@example.com,East,United States,34382,Retail,Bakery,38,29.43,974.06,6.2,316.69,10,3.7,USD,"Standard order, no special handling requested by the buyer.",2024-08
ORD-103786,2024-11-17,2024-11-18,11780,user2417@example.com,East,United States,94245,Online,Bakery,17,17.6,293.53,10.58,91.32,6,4.0,USD,,2024-11
ORD-101829,2024-01-22,2024-01-22,10876,user2216@example.com,West,Canada,33960,Partner,Frozen,21,38.07,786.03,22.32,219.21,8,3.8,USD,Escalated to the regional service desk for a damaged pallet.,2024-01
ORD-102284,2023-04-29,2023-05-05,10734,user1018@example.com,North,United States,36285,Partner,Beverages,36,24.94,987.46,9.79,308.93,6,4.3,USD,,2023-04
ORD-102181,2024-04-22,2024-05-01,10002,user911@example.com,North,Canada,53523,Online,Household,23,16.93,566.39,12.3,177.41,9,3.6,USD,,2024-04
ORD-102882,2024-02-14,2024-02-22,10168,user2920@example.com,East,United States,89432,Online,Produce,29,13.76,553.21,7.27,182.49,5,,USD,,2024-02
ORD-102248,2024-03-19,2024-03-22,12066,user489@example.com,South,United States,52598,Retail,Bakery,16,14.67,292.1,5.51,96.76,11,4.7,USD,Escalated to the regional service desk for a damaged pallet.,2024-03
ORD-101385,2023-01-31,2023-01-31,10848,user1517@example.com,West,United States,48690,Partner,Beverages,39,8.95,354.09,4.22,114.78,5,3.4,USD,Customer requested split delivery across two addresses.,2023-01
ORD-102120,2023-02-16,2023-02-21,11968,user981@example.com,North,Canada,72531,Partner,Dairy,1,32.13,34.15,4.09,13.98,2,4.2,USD,"Standard order, no special handling requested by the buyer.",2023-02
ORD-100043,2024-09-01,2024-09-03,10442,user1002@example.com,South,Canada,35657,Online,Snacks,37,24.73,842.17,6.95,267.46,11,4.1,USD,"Standard order, no special handling requested by the buyer.",2024-09
ORD-103677,2023-01-07,2023-01-13,11855,user2144@example.com,South,United States,43246,Online,Produce,24,16.9,492.99,11.51,153.53,12,2.8,USD,"Standard order, no special handling requested by the buyer.",2023-01
ORD-102504,2023-09-30,2023-10-06,10735,user187@example.com,East,United States,29004,Online,Household,15,23.01,305.47,7.53,98.11,8,3.7,USD,"Standard order, no special handling requested by the buyer.",2023-09
ORD-102073,2024-10-13,2024-10-13,11641,user415@example.com,South,Canada,99023,Online,Beverages,35,56.49,1764.88,13.48,538.17,11,4.2,USD,,2024-10
ORD-103270,2023-06-26,2023-06-26,12318,user1869@example.com,South,United States,76851,Online,Snacks,5,16.83,101.64,9.4,29.96,9,2.1,USD,Escalated to the regional service desk for a damaged pallet.,2023-06
ORD-103098,2023-12-16,2023-12-22,10909,user367@example.com,East,United States,80464,Retail,Dairy,8,41.98,314.4,2.89,107.66,8,5.0,USD,,2023-12
ORD-100537,2024-07-15,2024-07-26,10845,user761@example.com,South,United States,45440,Retail,Beverages,3,27.59,77.66,8.31,20.62,2,4.1,USD,Escalated to the regional service desk for a damaged pallet.,2024-07
ORD-103546,2023-01-26,2023-01-26,11707,user2677@example.com,North,United States,80688,Retail,Frozen,32,27.75,984.08,17.57,296.57,7,4.8,USD,Customer requested split delivery across two addresses.,2023-01
ORD-100278,2023-01-11,2023-01-18,12015,user1796@example.com,North,United States,70539,Online,Beverages,11,26.99,366.82,16.68,109.9,5,4.4,USD,Escalated to the regional service desk for a damaged pallet.,2023-01
ORD-102229,2023-02-28,2023-03-09,10258,user392@example.com,South,Canada,22664,Retail,Produce,4,23.02,111.64,10.91,26.19,8,4.0,USD,Escalated to the regional service desk for a damaged pallet.,2023-02
ORD-102892,2023-01-22,2023-01-31,11640,user405@example.com,South,United States,50783,Online,Frozen,37,11.07,527.99,8.47,173.16,5,2.4,USD,,2023-01
ORD-103712,2024-01-19,2024-01-24,10506,user2942@example.com,South,United States,98504,Retail,Dairy,32,9.34,322.89,4.48,104.19,7,4.1,USD,,2024-01
ORD-101649,2024-02-03,2024-02-06,10305,user2848@example.com,,United States,50875,Retail,Household,22,19.1,478.23,0.64,166.86,5,4.3,USD,,2024-02
ORD-101852,2024-01-11,2024-01-20,10083,user558@example.com,North,United States,85905,Retail,Frozen,3,39.66,124.58,4.92,30.08,8,4.2,USD,,2024-01
ORD-100216,2024-03-29,2024-03-30,11960,user1440@example.com,South,Mexico,90268,Retail,Dairy,23,12.8,367.94,12.1,114.45,7,4.7,USD,Escalated to the regional service desk for a damaged pallet.,2024-03
ORD-102830,2024-08-07,2024-08-13,11593,user550@example.com,South,United States,98045,Partner,Bakery,6,32.35,148.42,13.11,43.15,6,3.8,USD,,2024-08
ORD-103699,2024-04-03,2024-04-06,10040,user1107@example.com,East,United States,97672,Partner,Household,22,20.74,513.2,0.0,178.06,8,,USD,Customer requested split delivery across two addresses.,2024-04
ORD-101235,2024-09-29,2024-10-01,11852,user978@example.com,South,United States,44414,Retail,Frozen,22,21.19,349.64,8.41,109.7,13,4.1,USD,Escalated to the regional service desk for a damaged pallet.,2024-09
ORD-100829,2024-10-22,2024-11-01,11930,user1406@example.com,East,United States,75840,Retail,Bakery,31,55.25,1315.59,10.85,408.69,10,3.5,USD,Escalated to the regional service desk for a damaged pallet.,2024-10
ORD-103519,2023-10-27,2023-11-04,10826,user608@example.com,North,United States,49274,Online,Frozen,30,21.55,591.29,12.13,180.78,13,4.7,USD,"Standard order, no special handling requested by the buyer.",2023-10
ORD-101341,2023-09-17,2023-09-28,10606,user1200@example.com,South,United States,41733,Online,Frozen,21,16.39,307.44,10.64,95.97,2,4.5,USD,,2023-09
ORD-103030,2023-12-21,2023-12-22,10128,user454@example.com,East,United States,91153,Online,Produce,1,12.18,13.76,15.58,11.63,13,4.4,USD,Customer requested split delivery across two addresses.,2023-12
ORD-101515,2024-04-29,2024-05-09,10938,user1326@example.com,South,United States,51128,Online,Frozen,32,14.53,669.36,1.39,231.28,11,4.8,USD,,2024-04
ORD-103009,2023-07-22,2023-07-31,11694,user1698@example.com,North,United States,91773,Wholesale,Beverages,27,21.9,729.28,12.51,221.97,8,3.9,USD,Escalated to the regional service desk for a damaged pallet.,2023-07
ORD-103547,2024-07-24,2024-07-25,10485,user1634@example.com,West,United States,28400,Partner,Snacks,37,34.2,1026.8,11.6,320.95,3,3.9,USD,Escalated to the regional service desk for a damaged pallet.,2024-07
ORD-101537,2023-02-12,2023-02-12,10781,user1930@example.com,West,Canada,27404,Retail,Dairy,12,22.85,320.43,3.96,103.81,5,4.0,USD,,2023-02
ORD-100843,2023-08-14,2023-08-22,11913,user1760@example.com,North,United States,28804,Retail,Produce,36,43.33,1294.4,7.94,413.5,8,3.9,USD,Escalated to the regional service desk for a damaged pallet.,2023-08
ORD-102800,2024-02-02,2024-02-12,11151,user1229@example.com,East,United States,78951,Online,Frozen,16,83.05,1778.88,9.03,560.57,8,3.8,USD,Customer requested split delivery across two addresses.,2024-02
ORD-103402,2024-03-24,2024-04-04,10718,user811@example.com,East,United States,70832,Partner,Household,37,44.17,1835.72,6.12,597.51,8,5.0,USD,Escalated to the regional service desk for a damaged pallet.,2024-03
ORD-101100,2024-06-20,2024-06-27,12475,user2863@example.com,North,United States,32644,Retail,Produce,27,16.6,468.34,14.26,152.46,9,5.0,USD,"Standard order, no special handling requested by the buyer.",2024-06
ORD-100985,2023-02-24,2023-03-01,10306,user445@example.com,North,United States,51039,Online,Frozen,34,33.69,1625.87,6.51,528.12,4,4.5,USD,,2023-02
ORD-103884,2023-07-31,2023-08-05,10418,user1909@example.com,North,United States,71640,Retail,Household,36,17.96,567.96,13.62,177.92,7,2.3,USD,Customer requested split delivery across two addresses.,2023-07
ORD-101466,2023-03-31,2023-04-11,12059,user2764@example.com,North,United States,29676,Online,Snacks,14,17.69,365.28,2.25,123.6,12,3.6,USD,Escalated to the regional service desk for a damaged pallet.,2023-03
ORD-103249,2024-07-15,2024-07-16,12144,user164@example.com,North,United States,35257,Wholesale,Beverages,29,25.47,935.57,5.4,301.46,1,3.6,USD,"Standard order, no special handling requested by the buyer.",2024-07
ORD-103101,2024-01-28,2024-01-29,11417,user328@example.com,North,United States,43655,Partner,Bakery,6,29.12,175.47,12.86,,3,5.0,USD,Customer requested split delivery across two addresses.,2024-01
ORD-100964,2024-05-24,2024-05-28,11281,user1136@example.com,East,United States,64485,Online,Beverages,13,12.59,222.18,5.99,74.95,6,5.0,USD,Escalated to the regional service desk for a damaged pallet.,2024-05
ORD-103012,2023-03-06,2023-03-15,10415,user778@example.com,South,United States,82194,Wholesale,Household,6,17.02,168.87,18.49,50.84,12,3.0,USD,Escalated to the regional service desk for a damaged pallet.,2023-03
ORD-101270,2024-02-17,2024-02-20,11958,user1571@example.com,East,Mexico,54793,Online,Dairy,27,25.06,945.2,12.38,287.68,1,4.5,USD,"Standard order, no special handling requested by the buyer.",2024-02
ORD-100300,2024-02-03,2024-02-07,12456,user2728@example.com,South,Canada,97644,Online,Beverages,23,28.76,888.35,6.26,284.1,13,2.8,USD,Customer requested split delivery across two addresses.,2024-02
ORD-103832,2023-11-11,2023-11-19,10885,user1394@example.com,South,United States,35009,Online,Snacks,16,34.33,525.28,5.41,176.56,5,5.0,USD,,2023-11
ORD-103597,2023-09-13,2023-09-17,10380,user2028@example.com,East,United States,92216,Partner,Beverages,15,30.96,318.31,5.69,102.33,11,3.1,USD,,2023-09
ORD-101602,2024-05-08,2024-05-17,12151,user1583@example.com,West,Canada,14025,Wholesale,Bakery,1,42.42,68.67,3.05,26.97,4,4.2,USD,"Standard order, no special handling requested by the buyer.",2024-05
ORD-100279,2024-03-20,2024-03-23,11395,user2349@example.com,North,Mexico,64810,Retail,Bakery,26,11.42,369.76,0.08,124.24,1,4.5,USD,,2024-03
ORD-103938,2023-02-13,2023-02-23,10767,user2011@example.com,West,United States,40311,Retail,Produce,6,19.91,139.98,7.03,41.45,4,4.1,USD,Escalated to the regional service desk for a damaged pallet.,2023-02
ORD-102278,2024-11-05,2024-11-14,11157,user103@example.com,West,United States,68776,Online,Beverages,5,47.83,224.94,11.65,69.33,3,5.0,USD,"Standard order, no special handling requested by the buyer.",2024-11
ORD-103913,2023-06-10,2023-06-17,10663,user751@example.com,West,Canada,50707,Retail,Snacks,32,29.63,1033.9,18.71,304.24,10,3.9,USD,,2023-06
ORD-103560,2024-02-27,2024-03-06,11262,user1417@example.com,East,United States,17881,Retail,Produce,31,16.49,618.62,11.3,189.8,5,3.9,USD,Escalated to the regional service desk for a damaged pallet.,2024-02
ORD-101139,2024-03-29,2024-04-03,12482,user1086@example.com,East,Canada,52699,Retail,Dairy,34,23.74,1008.8,13.46,311.47,4,4.7,USD,,2024-03
ORD-102935,2024-04-12,2024-04-14,11208,user123@example.com,South,United States,90116,Online,Bakery,33,29.41,1425.7,1.99,475.56,8,3.6,USD,Escalated to the regional service desk for a damaged pallet.,2024-04
ORD-101477,2024-01-10,2024-01-16,10824,user2680@example.com,East,United States,19986,Wholesale,Dairy,32,49.21,2216.91,9.52,695.65,3,4.7,USD,Escalated to the regional service desk for a damaged pallet.,2024-01
ORD-102953,2023-04-09,2023-04-15,12201,user672@example.com,South,United States,23153,Online,Frozen,19,24.58,687.63,8.07,217.94,3,3.0,USD,"Standard order, no special handling requested by the buyer.",2023-04
ORD-103239,2023-10-20,2023-10-24,11797,user2825@example.com,North,United States,76566,Partner,Dairy,14,10.49,100.93,5.12,43.22,9,3.7,USD,"Standard order, no special handling requested by the buyer.",2023-10
ORD-100541,2024-08-07,2024-08-07,10665,user744@example.com,South,Mexico,67163,Online,Bakery,4,21.82,87.5,15.02,21.88,11,3.7,USD,Escalated to the regional service desk for a damaged pallet.,2024-08
ORD-102780,2023-03-11,2023-03-17,11148,user1526@example.com,north ,Mexico,93526,Partner,Snacks,38,16.94,714.6,14.11,220.4,11,4.8,USD,"Standard order, no special handling requested by the buyer.",2023-03
ORD-102712,2024-06-13,2024-06-16,10862,user2059@example.com,West,United States,56110,Retail,Dairy,33,34.01,1205.58,4.87,389.35,13,3.6,USD,Customer requested split delivery across two addresses.,2024-06
ORD-101725,2023-02-11,2023-02-18,10502,user183@example.com,West,Canada,92926,Retail,Frozen,27,29.29,921.64,14.77,279.36,5,5.0,USD,Escalated to the regional service desk for a damaged pallet.,2023-02
ORD-102763,2024-09-30,2024-10-05,11302,user1950@example.com,East,United States,66568,Retail,Dairy,22,53.41,881.27,3.08,286.92,9,3.6,USD,Escalated to the regional service desk for a damaged pallet.,2024-09
ORD-101648,2023-01-31,2023-02-08,11837,user1253@example.com,North,United States,98747,Retail,Snacks,10,28.25,318.42,12.7,102.88,3,3.7,USD,Escalated to the regional service desk for a damaged pallet.,2023-01
ORD-101464,2024-01-13,2024-01-16,12220,user2738@example.com,East,Mexico,21121,Online,Produce,35,21.67,944.62,10.78,297.72,5,4.1,USD,Customer requested split delivery across two addresses.,2024-01
ORD-102528,2023-01-01,2023-01-03,10466,user2605@example.com,East,United States,56668,Online,Household,2,26.63,63.12,0.0,23.86,13,,USD,,2023-01
ORD-101930,2023-07-09,2023-07-13,11994,user1141@example.com,North,Mexico,76026,Online,Snacks,1,22.52,25.72,5.59,11.66,12,3.9,USD,"Standard order, no special handling requested by the buyer.",2023-07
ORD-102385,2023-11-09,2023-11-19,11078,user2507@example.com,East,United States,47750,Partner,Dairy,31,35.15,789.38,11.01,245.55,11,4.3,USD,Escalated to the regional service desk for a damaged pallet.,2023-11
ORD-100170,2024-07-08,2024-07-11,11667,user2976@example.com,West,Canada,35318,Online,Household,30,41.76,1430.72,1.22,481.48,4,4.0,USD,"Standard order, no special handling requested by the buyer.",2024-07
ORD-103334,2024-04-14,2024-04-15,12442,user1220@example.com,North,United States,23786,Retail,Produce,20,30.27,752.53,7.78,238.05,4,3.3,USD,"Standard order, no special handling requested by the buyer.",2024-04
ORD-100984,2024-09-24,2024-09-24,11056,user593@example.com,South,United States, 90210 ,Online,Bakery,7,43.75,271.47,11.54,84.49,13,4.5,USD,Customer requested split delivery across two addresses.,2024-09
ORD-103411,2024-08-30,2024-09-05,10104,user2105@example.com,South,United States,67434,Online,Frozen,14,17.01,220.37,5.32,73.83,3,5.0,USD,Customer requested split delivery across two addresses.,2024-08
ORD-103698,2023-09-23,2023-09-30,12185,user1663@example.com,South,Mexico,64572,Wholesale,Beverages,35,32.5,1155.13,15.89,341.97,4,4.6,USD,"Standard order, no special handling requested by the buyer.",2023-09
ORD-102141,2024-11-22,2024-11-29,11879,user2020@example.com,East,United States,95147,Retail,Frozen,20,62.75,1064.09,0.0,363.42,2,4.3,USD,Customer requested split delivery across two addresses.,2024-11
ORD-101346,2024-08-13,2024-08-15,10145,user5@example.com,East,Mexico,95771,Retail,Snacks,27,39.28,880.06,8.4,279.17,1,4.1,USD,Escalated to the regional service desk for a damaged pallet.,2024-08
ORD-103763,2023-05-01,2023-05-07,10500,user1984@example.com,West,United States,39373,Retail,Frozen,17,27.73,16075.92,9.1,183.02,5,4.6,USD,Customer requested split delivery across two addresses.,2023-05
ORD-101920,2023-04-13,2023-04-20,10531,user2404@example.com,South,Mexico,54355,Online,Produce,19,28.52,796.01,6.37,261.84,7,3.7,USD,"Standard order, no special handling requested by the buyer.",2023-04
ORD-101172,2023-06-06,2023-06-15,11895,user1527@example.com,East,Canada,88017,Retail,Beverages,37,15.95,652.85,10.04,205.64,11,4.1,USD,Customer requested split delivery across two addresses.,2023-06
ORD-100870,2023-09-30,2023-09-30,10675,user2735@example.com,South,Canada,36397,Partner,Dairy,6,39.54,160.14,9.26,45.9,13,3.4,USD,Customer requested split delivery across two addresses.,2023-09
ORD-101048,2024-08-22,2024-08-25,11392,user2339@example.com,East,United States,74938,Retail,Bakery,16,23.13,297.39,0.0,95.87,1,4.6,USD,Customer requested split delivery across two addresses.,2024-08
ORD-103323,2023-10-31,2023-11-07,11558,user2978@example.com,South,United States,97834,Partner,Household,22,20.06,311.05,10.81,92.17,2,5.0,USD,"Standard order, no special handling requested by the buyer.",2023-10
ORD-101003,2024-08-28,2024-09-06,10853,user1123@example.com,,Canada,26603,Retail,Dairy,9,30.01,213.02,10.18,67.59,7,3.9,USD,Escalated to the regional service desk for a damaged pallet.,2024-08
ORD-103425,2024-08-06,2024-08-15,11241,user1030@example.com,North,United States,82728,Online,Frozen,39,26.93,1057.21,7.31,,12,3.3,USD,Escalated to the regional service desk for a damaged pallet.,2024-08
ORD-102199,2023-07-07,2023-07-16,11853,user777@example.com,East,United States,68686,Online,Bakery,7,6.8,54.84,12.48,19.79,4,3.2,USD,Customer requested split delivery across two addresses.,2023-07
ORD-103998,2024-09-24,2024-09-30,11898,user1554@example.com,West,United States,43121,Online,Bakery,15,15.31,203.57,5.94,65.01,12,4.9,USD,"Standard order, no special handling requested by the buyer.",2024-09
ORD-100560,2024-05-09,2024-05-13,10310,user1789@example.com,South,United States,14297,Retail,Beverages,15,10.43,187.18,2.04,58.94,7,3.4,USD,,2024-05
ORD-101402,2024-04-01,2024-04-02,10138,user2773@example.com,West,United States,27208,Retail,Snacks,12,14.68,220.2,21.71,58.9,7,3.9,USD,,2024-04
ORD-101046,2024-09-16,2024-09-19,10141,user2607@example.com,West,United States,81216,Online,Household,4,26.67,95.29,15.44,29.26,5,5.0,USD,"Standard order, no special handling requested by the buyer.",2024-09
ORD-102363,2024-10-08,2024-10-08,12487,user1101@example.com,north ,United States,72456,Online,Frozen,39,50.13,1736.04,6.78,559.4,5,3.5,USD,Customer requested split delivery across two addresses.,2024-10
ORD-100575,2023-08-14,2023-08-23,10304,user1224@example.com,South,United States,44059,Wholesale,Dairy,17,18.49,352.12,22.14,102.69,5,3.6,USD,Escalated to the regional service desk for a damaged pallet.,2023-08
ORD-101300,2024-06-16,2024-06-24,10498,user2502@example.com,South,United States,65631,Online,Household,28,21.48,753.53,7.77,243.51,3,3.4,USD,,2024-06
ORD-103768,2024-02-17,2024-02-21,10569,user600@example.com,South,United States,99140,Online,Dairy,11,29.02,445.93,15.74,136.35,12,5.0,USD,Customer requested split delivery across two addresses.,2024-02
ORD-101225,2023-02-19,2023-03-01,10707,user2179@example.com,West,United States,35721,Retail,Snacks,27,16.88,542.16,5.36,184.22,10,3.9,USD,Customer requested split delivery across two addresses.,2023-02
ORD-102400,2023-12-15,2023-12-24,10424,user1927@example.com,West,United States,20467,Online,Bakery,19,29.7,620.6,12.26,195.76,12,2.3,USD,Escalated to the regional service desk for a damaged pallet.,2023-12
ORD-100982,2023-09-30,2023-10-09,12387,user1167@example.com,South,United States,63368,Online,Frozen,38,13.06,439.22,6.71,144.7,12,4.2,USD,Customer requested split delivery across two addresses.,2023-09
ORD-102503,2024-01-30,2024-02-03,11990,user2281@example.com,West,Mexico,41850,Online,Household,3,23.51,93.5,5.76,28.87,11,3.6,USD,,2024-01
ORD-103931,2023-04-23,2023-04-29,11708,user2822@example.com,South,United States,54549,Online,Household,30,30.67,1338.34,27.29,362.85,3,4.5,USD,,2023-04
ORD-103959,2024-03-08,2024-03-16,12067,user402@example.com,East,Canada,20640,Online,Dairy,3,22.29,97.07,10.14,32.19,4,4.1,USD,Escalated to the regional service desk for a damaged pallet.,2024-03
ORD-103964,2023-05-20,2023-05-23,11622,user791@example.com,East,Canada,98773,Retail,Beverages,20,27.71,646.76,4.64,209.78,13,4.9,USD,"Standard order, no special handling requested by the buyer.",2023-05
ORD-100755,2023-08-14,2023-08-16,10159,user2708@example.com,West,United States,85221,Partner,Snacks,21,24.33,381.58,5.13,119.14,10,3.7,USD,,2023-08
ORD-101776,2024-10-04,2024-10-12,12232,user2424@example.com,South,United States, 90210 ,Retail,Bakery,31,6.86,159.64,0.5,54.34,6,4.3,USD,Escalated to the regional service desk for a damaged pallet.,2024-10
ORD-103674,2023-04-05,2023-04-08,12198,user782@example.com,North,Canada,43178,Retail,Household,36,12.58,565.86,8.29,171.63,4,5.0,USD,"Standard order, no special handling requested by the buyer.",2023-04
ORD-102232,2024-07-17,2024-07-19,11045,user275@example.com,South,United States,52464,Retail,Household,18,70.22,1175.41,12.44,364.16,5,4.5,USD,Customer requested split delivery across two addresses.,2024-07
ORD-100021,2023-12-05,2023-12-06,11545,user1280@example.com,East,United States,65163,Retail,Produce,37,12.22,403.22,10.87,128.57,2,4.0,USD,Customer requested split delivery across two addresses.,2023-12
ORD-102779,2024-05-23,2024-06-01,11475,user1658@example.com,North,United States,71044,Partner,Snacks,34,64.96,2293.54,9.07,727.04,11,3.8,USD,"Standard order, no special handling requested by the buyer.",2024-05
ORD-101827,2024-07-18,2024-07-19,11163,user791@example.com,East,United States,50868,Retail,Frozen,31,31.75,911.24,0.0,304.94,13,3.3,USD,,2024-07
ORD-100691,2024-09-05,2024-09-12,12260,user1549@example.com,East,United States,98312,Online,Dairy,12,22.28,243.66,14.57,76.27,1,4.1,USD,"Standard order, no special handling requested by the buyer.",2024-09
ORD-103182,2023-02-07,2023-02-15,10096,user705@example.com,SOUTH,Canada,98708,Partner,Snacks,12,11.18,139.11,4.92,,8,4.1,USD,Customer requested split delivery across two addresses.,2023-02
ORD-102897,2023-10-04,2023-10-10,10193,user2923@example.com,North,United States,81954,Partner,Snacks,28,32.34,611.54,10.41,197.65,1,4.5,USD,"Standard order, no special handling requested by the buyer.",2023-10
ORD-100413,2023-12-29,2024-01-04,10321,user972@example.com,West,United States,29503,Retail,Frozen,15,25.15,374.0,4.94,122.12,2,3.2,USD,,2023-12
ORD-100760,2024-09-17,2024-09-22,11599,user695@example.com,North,United States,44148,Online,Produce,6,29.95,160.31,3.09,55.92,8,4.6,USD,"Standard order, no special handling requested by the buyer.",2024-09
ORD-103285,2023-10-02,2023-10-06,10244,user1905@example.com,West,United States,65669,Online,Bakery,3,21.53,57.17,2.97,19.79,6,5.0,USD,Customer requested split delivery across two addresses.,2023-10
ORD-102426,2023-10-20,2023-10-22,10853,user2929@example.com,East,United States,47539,Online,Bakery,9,31.35,254.23,2.94,79.92,10,3.3,USD,Customer requested split delivery across two addresses.,2023-10
ORD-102746,2024-01-26,2024-02-06,11643,user116@example.com,North,United States,41121,Partner,Bakery,8,24.46,195.17,15.4,62.42,13,5.0,USD,"Standard order, no special handling requested by the buyer.",2024-01
ORD-102314,2023-06-09,2023-06-09,10299,user2108@example.com,South,Canada,33449,Retail,Beverages,13,12.05,171.44,5.54,58.83,6,4.0,USD,"Standard order, no special handling requested by the buyer.",2023-06
ORD-101295,2023-12-24,2024-01-03,10987,user767@example.com,West,United States,92006,Online,Bakery,28,38.39,1230.29,0.0,422.59,6,3.4,USD,Escalated to the regional service desk for a damaged pallet.,2023-12
ORD-101097,2024-05-10,2024-05-15,10445,user298@example.com,East,Canada,56059,Retail,Bakery,1,12.49,14.91,9.77,7.0,3,4.2,USD,"Standard order, no special handling requested by the buyer.",2024-05
ORD-103965,2024-02-16,2024-02-19,11196,user458@example.com,North,United States,18538,Wholesale,Bakery,13,39.19,812.21,7.09,257.64,1,5.0,USD,Customer requested split delivery across two addresses.,2024-02
ORD-100185,2024-05-05,2024-05-09,10136,user1630@example.com,North,Mexico,68540,Online,Household,12,9.64,164.7,10.05,,1,4.3,USD,,2024-05
ORD-100905,2023-12-20,2023-12-21,11205,user1707@example.com,North,Mexico,62449,Online,Household,36,13.4,542.45,11.45,,2,4.6,USD,Customer requested split delivery across two addresses.,2023-12
ORD-101596,2023-12-29,2023-12-31,11740,user1967@example.com,North,United States,45389,Online,Dairy,19,32.63,725.27,7.7,235.11,10,4.7,USD,,2023-12
ORD-102388,2023-03-24,2023-03-26,11568,user1300@example.com,East,Canada,98845,Online,Beverages,10,18.1,266.44,15.39,74.56,6,4.2,USD,Escalated to the regional service desk for a damaged pallet.,2023-03
ORD-100852,2024-03-20,2024-03-26,10227,user586@example.com,East,United States,37276,Partner,Beverages,35,35.9,1408.28,0.0,478.73,5,3.9,USD,"Standard order, no special handling requested by the buyer.",2024-03
ORD-102408,2023-10-01,2023-10-09,11370,user904@example.com,North,Canada,22193,Online,Produce,38,20.37,685.05,12.39,215.86,7,5.0,USD,,2023-10
ORD-103607,2024-06-08,2024-06-16,11769,user2529@example.com,East,United States,22927,Online,Beverages,11,9.15,129.98,0.27,37.49,7,4.3,USD,"Standard order, no special handling requested by the buyer.",2024-06
ORD-102875,2023-08-27,2023-08-29,10580,user2809@example.com,West,Canada,59253,Online,Household,16,39.59,593.04,6.77,189.18,2,5.0,USD,Customer requested split delivery across two addresses.,2023-08
ORD-103414,2024-09-14,2024-09-17,10304,user855@example.com,East,Canada,78787,Online,Frozen,12,17.84,191.77,8.75,52.77,5,4.2,USD,Customer requested split delivery across two addresses.,2024-09
ORD-102748,2023-03-14,2023-03-14,11730,user2681@example.com,North,Mexico,45247,Online,Snacks,2,11.91,34.79,7.03,13.66,5,3.5,USD,"Standard order, no special handling requested by the buyer.",2023-03
ORD-103960,2024-10-07,2024-10-15,10154,user1903@example.com,SOUTH,United States,95915,Online,Dairy,7,14.47,89.87,11.04,27.26,2,3.3,USD,"Standard order, no special handling requested by the buyer.",2024-10
ORD-102146,2023-03-24,2023-03-30,12041,user2976@example.com,South,United States,34890,Online,Produce,37,29.03,1581.12,3.21,527.84,9,5.0,USD,Customer requested split delivery across two addresses.,2023-03
ORD-100344,2024-08-30,2024-09-08,10877,user996@example.com,West,United States,91328,Online,Frozen,38,9.79,344.26,11.66,110.62,1,2.8,USD,Customer requested split delivery across two addresses.,2024-08
ORD-100186,2023-07-23,2023-08-03,11421,user367@example.com,north ,United States,46420,Online,Produce,9,19.39,187.3,10.63,56.17,7,3.2,USD,Escalated to the regional service desk for a damaged pallet.,2023-07
ORD-103395,2024-11-09,2024-11-13,11771,user2647@example.com,North,United States,92931,Partner,Beverages,36,13.56,354.83,11.59,108.91,4,3.3,USD,"Standard order, no special handling requested by the buyer.",2024-11
ORD-102743,2023-07-20,2023-07-30,11749,user1729@example.com,North,Canada,97760,Online,Produce,8,35.04,304.89,1.14,99.35,2,4.2,USD,Escalated to the regional service desk for a damaged pallet.,2023-07
ORD-100981,2024-09-04,2024-09-08,11564,user1610@example.com,West,United States,16547,Retail,Frozen,24,6.2,115.2,20.71,31.17,3,3.7,USD,,2024-09
ORD-103363,2023-04-29,2023-05-10,11143,user750@example.com,West,United States,56677,Online,Frozen,14,12.56,253.56,3.54,,13,3.4,USD,"Standard order, no special handling requested by the buyer.",2023-04
ORD-102208,2023-04-11,2023-04-17,10607,user2082@example.com,north ,Canada,62674,Online,Bakery,12,8.93,157.62,13.76,51.36,7,4.3,USD,,2023-04
ORD-101601,2024-02-19,2024-02-20,12235,user805@example.com,West,United States,96863,Online,Snacks,9,20.34,256.96,7.68,80.48,6,3.9,USD,"Standard order, no special handling requested by the buyer.",2024-02
ORD-102368,2023-05-02,2023-05-11,11140,user1476@example.com,West,Canada,24694,Online,Dairy,18,23.15,597.81,8.19,199.2,3,4.3,USD,,2023-05
ORD-103480,2024-03-24,2024-04-01,12005,user1076@example.com,East,Mexico,90023,Retail,Dairy,28,22.35,781.03,13.74,241.4,3,2.4,USD,"Standard order, no special handling requested by the buyer.",2024-03
ORD-103016,2023-11-15,2023-11-24,12062,user619@example.com,South,Mexico,14478,Partner,Bakery,25,5.77,106.73,11.38,26.31,8,4.4,USD,Customer requested split delivery across two addresses.,2023-11
ORD-100001,2024-09-04,2024-09-12,10938,user999@example.com,South,United States,72186,Partner,Dairy,32,29.5,657.73,9.48,208.32,12,4.8,USD,,2024-09
ORD-100046,2023-11-24,2023-12-05,11094,user9@example.com,East,United States,35373,Wholesale,Household,35,33.97,1366.44,6.41,,12,5.0,USD,Customer requested split delivery across two addresses.,2023-11
ORD-101774,2023-06-16,2023-06-24,12470,user967@example.com,East,United States,71018,Retail,Bakery,14,26.95,402.17,7.01,137.58,9,4.2,USD,,2023-06
ORD-103116,2023-04-21,2023-05-02,10975,user1273@example.com,North,United States,20057,Online,Bakery,13,29.95,567.72,2.57,191.83,3,2.7,USD,Customer requested split delivery across two addresses.,2023-04
ORD-101113,2024-04-05,2024-04-16,11924,user1431@example.com,West,Canada,99118,Online,Beverages,37,44.69,2437.33,10.11,773.45,10,5.0,USD,"Standard order, no special handling requested by the buyer.",2024-04
ORD-103482,2024-04-28,2024-04-30,11982,user1094@example.com,East,United States,97378,Online,Produce,37,9.35,498.85,10.2,159.23,12,3.2,USD,Escalated to the regional service desk for a damaged pallet.,2024-04
ORD-102657,2024-03-10,2024-03-11,10849,user2201@example.com,North,United States,81220,Wholesale,Household,7,25.77,300.38,11.21,94.02,3,4.1,USD,"Standard order, no special handling requested by the buyer.",2024-03
ORD-103908,2023-07-22,2023-07-29,10218,user2381@example.com,East,United States,80714,Wholesale,Beverages,26,18.77,601.9,10.77,187.59,7,3.9,USD,Escalated to the regional service desk for a damaged pallet.,2023-07
ORD-101682,2023-07-04,2023-07-12,10376,user353@example.com,SOUTH,United States,54217,Online,Frozen,23,13.7,367.82,6.33,118.92,3,4.7,USD,Escalated to the regional service desk for a damaged pallet.,2023-07
ORD-102335,2024-04-23,2024-04-23,10428,user2703@example.com,North,United States,51539,Online,Dairy,28,29.07,1182.41,6.45,382.29,1,4.4,USD,Customer requested split delivery across two addresses.,2024-04
ORD-101533,2024-04-01,2024-04-03,10113,user791@example.com,North,United States,53412,Partner,Bakery,10,24.84,279.45,2.24,92.08,4,3.8,USD,"Standard order, no special handling requested by the buyer.",2024-04
ORD-101793,2023-11-25,2023-12-03,12305,user1416@example.com,South,United States,93717,Retail,Produce,31,18.13,480.42,5.88,157.22,8,3.1,USD,Escalated to the regional service desk for a damaged pallet.,2023-11
ORD-102290,2024-05-10,2024-05-21,11988,user1496@example.com,north ,United States,31005,Partner,Dairy,29,26.98,840.59,10.73,261.43,6,4.0,USD,"Standard order, no special handling requested by the buyer.",2024-05
ORD-103037,2024-06-20,2024-06-28,11275,user321@example.com,West,Canada,98457,Online,Snacks,38,48.64,2279.04,10.72,711.24,1,3.0,USD,Escalated to the regional service desk for a damaged pallet.,2024-06
ORD-102454,2023-12-16,2023-12-18,11310,user597@example.com,South,United States,62320,Wholesale,Beverages,29,34.86,1277.64,13.78,391.63,12,4.0,USD,Customer requested split delivery across two addresses.,2023-12
ORD-102403,2023-11-28,2023-12-02,12000,user1959@example.com,South,Canada,41265,Online,Frozen,28,37.6,1075.21,9.15,343.14,1,3.5,USD,,2023-11
ORD-100434,2023-10-01,2023-10-07,10232,user748@example.com,South,United States,64039,Online,Produce,4,39.32,139.19,0.53,53.03,10,4.6,USD,Escalated to the regional service desk for a damaged pallet.,2023-10
ORD-101627,2024-08-14,2024-08-18,10662,user316@example.com,North,Canada,22862,Retail,Beverages,7,22.01,127.37,9.98,37.94,5,4.5,USD,Customer requested split delivery across two addresses.,2024-08
ORD-101998,2023-03-05,2023-03-13,11345,user1748@example.com,West,United States,96845,Retail,Frozen,36,49.19,2165.73,19.53,628.95,12,5.0,USD,"Standard order, no special handling requested by the buyer.",2023-03
ORD-100055,2023-12-27,2023-12-30,10096,user1848@example.com,North,United States,51197,Online,Frozen,31,8.37,300.91,4.24,101.16,13,4.3,USD,Escalated to the regional service desk for a damaged pallet.,2023-12
ORD-101615,2023-03-26,2023-03-26,10595,user1715@example.com,North,Canada,24322,Online,Snacks,33,10.37,504.18,0.33,171.22,1,3.0,USD,Escalated to the regional service desk for a damaged pallet.,2023-03
ORD-103559,2023-12-06,2023-12-17,11187,user1539@example.com,North,United States, 90210 ,Wholesale,Snacks,36,24.63,1072.17,6.5,351.4,3,4.7,USD,Customer requested split delivery across two addresses.,2023-12
ORD-101188,2023-11-20,2023-11-20,10372,user1145@example.com,North,United States,83482,Retail,Bakery,6,20.2,101.55,3.7,35.43,6,4.1,USD,Escalated to the regional service desk for a damaged pallet.,2023-11
ORD-101144,2023-07-06,2023-07-08,10383,user508@example.com,West,United States,22122,Retail,Household,14,14.82,203.47,6.79,69.27,5,4.0,USD,Escalated to the regional service desk for a damaged pallet.,2023-07
ORD-100087,2023-10-31,2023-11-02,11882,user36@example.com,East,United States,44117,Retail,Frozen,35,59.94,1642.94,2.66,547.17,3,4.0,USD,Customer requested split delivery across two addresses.,2023-10
ORD-103555,2023-09-27,2023-10-02,11209,user309@example.com,South,United States,34629,Partner,Household,18,14.98,182.13,15.03,54.42,8,4.1,USD,,2023-09
ORD-102042,2024-09-14,2024-09-25,11368,user698@example.com,South,United States,31257,Retail,Snacks,20,17.91,271.92,13.0,81.51,11,3.8,USD,Customer requested split delivery across two addresses.,2024-09
ORD-103890,2023-05-05,2023-05-16,11530,user2048@example.com,North,Canada,12639,Retail,Beverages,32,21.27,822.88,9.77,261.63,3,4.7,USD,Customer requested split delivery across two addresses.,2023-05
ORD-101421,2023-02-13,2023-02-15,10082,user2901@example.com,SOUTH,United States,43033,Online,Household,4,23.11,127.81,5.46,43.62,1,4.4,USD,Escalated to the regional service desk for a damaged pallet.,2023-02
ORD-100736,2024-03-08,2024-03-16,11059,user2938@example.com,East,United States,88953,Online,Household,26,40.42,1525.61,15.14,465.01,1,2.5,USD,"Standard order, no special handling requested by the buyer.",2024-03
ORD-103321,2024-06-24,2024-07-02,11287,user1958@example.com,South,Mexico,23210,Retail,Bakery,19,19.51,381.04,0.0,130.99,9,4.4,USD,Customer requested split delivery across two addresses.,2024-06
ORD-102794,2023-02-14,2023-02-17,12099,user147@example.com,South,United States,18745,Partner,Beverages,10,28.62,302.62,8.84,87.92,1,4.8,USD,"Standard order, no special handling requested by the buyer.",2023-02
ORD-103179,2023-04-30,2023-05-09,11109,user758@example.com,East,Canada,69875,Online,Frozen,11,24.68,390.82,8.15,118.74,4,3.3,USD,Customer requested split delivery across two addresses.,2023-04
ORD-102220,2023-07-20,2023-07-20,10644,user1300@example.com,SOUTH,United States,52826,Retail,Snacks,13,9.74,116.71,12.12,36.62,13,3.5,USD,,2023-07
ORD-103149,2024-04-03,2024-04-11,10671,user2071@example.com,North,United States,91913,Retail,Frozen,7,28.02,245.12,9.83,79.22,2,4.1,USD,Customer requested split delivery across two addresses.,2024-04
ORD-101795,2024-08-25,2024-09-04,11701,user1323@example.com,north ,United States,24110,Online,Household,35,9.21,302.73,0.0,104.18,11,4.1,USD,,2024-08
ORD-100729,2023-05-26,2023-06-05,11009,user950@example.com,East,Canada,35557,Online,Household,32,24.21,1048.5,1.1,349.3,13,4.6,USD,Customer requested split delivery across two addresses.,2023-05
ORD-103733,2024-03-18,2024-03-21,10902,user2288@example.com,South,United States,55348,Online,Bakery,22,34.52,1114.37,5.85,358.34,12,4.0,USD,Escalated to the regional service desk for a damaged pallet.,2024-03
ORD-102796,2023-12-01,2023-12-04,11477,user412@example.com,North,United States,69714,Retail,Snacks,39,26.81,916.52,7.21,,2,3.5,USD,Customer requested split delivery across two addresses.,2023-12
ORD-101125,2024-07-27,2024-07-30,10786,user681@example.com,North,United States,89369,Retail,Household,23,37.13,759.94,11.08,242.81,1,4.1,USD,"Standard order, no special handling requested by the buyer.",2024-07
ORD-101443,2023-10-10,2023-10-14,10691,user1212@example.com,SOUTH,United States,51909,Partner,Snacks,21,21.56,306.9,16.81,96.64,10,4.1,USD,,2023-10
ORD-103091,2024-02-29,2024-03-01,11683,user2117@example.com,West,Mexico,80162,Partner,Bakery,35,34.5,1320.07,4.88,429.74,10,2.8,USD,Escalated to the regional service desk for a damaged pallet.,2024-02
ORD-102249,2024-11-28,2024-12-05,10371,user2481@example.com,North,United States,62281,Retail,Frozen,3,31.24,81.46,12.54,29.27,9,4.9,USD,Customer requested split delivery across two addresses.,2024-11
ORD-103609,2023-08-03,2023-08-05,11774,user1549@example.com,East,Canada,41531,Partner,Bakery,12,35.59,333.37,14.04,102.4,7,5.0,USD,,2023-08
ORD-100716,2023-06-19,2023-06-22,10969,user173@example.com,West,United States,97019,Online,Dairy,10,26.3,326.91,8.71,110.33,9,3.2,USD,Escalated to the regional service desk for a damaged pallet.,2023-06
ORD-103387,2024-01-08,2024-01-17,12133,user38@example.com,East,United States,40958,Retail,Snacks,9,18.37,171.0,6.18,54.24,11,4.5,USD,Escalated to the regional service desk for a damaged pallet.,2024-01
ORD-102414,2024-01-04,2024-01-12,12221,user432@example.com,North,United States,28339,Partner,Snacks,26,42.95,1022.32,4.32,336.17,10,4.4,USD,Customer requested split delivery across two addresses.,2024-01
ORD-102091,2024-03-22,2024-03-27,10295,user2355@example.com,East,Canada,62594,Retail,Dairy,16,12.81,255.55,9.66,88.74,1,3.0,USD,"Standard order, no special handling requested by the buyer.",2024-03
ORD-101587,2023-11-26,2023-12-01,10506,user1498@example.com,East,United States,75114,Retail,Snacks,18,31.31,483.73,14.21,,4,4.6,USD,Customer requested split delivery across two addresses.,2023-11
ORD-103982,2024-02-25,2024-03-07,11061,user2299@example.com,East,United States,60600,Online,Produce,19,31.53,852.08,10.46,260.3,13,4.9,USD,"Standard order, no special handling requested by the buyer.",2024-02
ORD-102684,2024-03-23,2024-03-24,12384,user2251@example.com,West,United States,13656,Online,Snacks,24,22.17,783.24,1.34,265.53,13,3.8,USD,,2024-03
ORD-103789,2024-06-18,2024-06-29,10360,user1737@example.com,West,United States,35613,Online,Dairy,34,22.95,969.9,4.01,318.65,2,3.6,USD,Escalated to the regional service desk for a damaged pallet.,2024-06
ORD-102618,2024-11-01,2024-11-11,11598,user392@example.com,North,United States,79301,Online,Household,17,43.92,693.86,3.49,235.66,6,4.8,USD,Customer requested split delivery across two addresses.,2024-11
ORD-102150,2024-11-09,2024-11-13,11212,user2824@example.com,South,United States,97442,Online,Beverages,31,13.69,404.45,17.55,117.33,8,3.4,USD,Customer requested split delivery across two addresses.,2024-11
ORD-101278,2024-10-10,2024-10-20,10711,user665@example.com,East,United States,23317,Online,Bakery,8,25.74,183.18,2.71,61.22,6,2.6,USD,"Standard order, no special handling requested by the buyer.",2024-10
ORD-100404,2023-11-16,2023-11-20,11299,user2920@example.com,East,United States,73978,Online,Frozen,36,12.85,450.42,0.0,151.97,1,4.2,USD,"Standard order, no special handling requested by the buyer.",2023-11
ORD-102613,2024-03-11,2024-03-17,12325,user2123@example.com,North,United States,13037,Wholesale,Snacks,24,50.05,2002.64,6.25,646.19,7,4.6,USD,Customer requested split delivery across two addresses.,2024-03
ORD-103033,2024-09-08,2024-09-08,12088,user305@example.com,South,United States,14934,Online,Beverages,14,43.66,553.44,12.91,175.16,4,4.8,USD,"Standard order, no special handling requested by the buyer.",2024-09
ORD-100053,2023-02-17,2023-02-20,11713,user1657@example.com,East,Canada,29356,Retail,Dairy,9,61.05,650.47,11.06,208.14,4,4.3,USD,,2023-02
ORD-100269,2023-01-27,2023-01-28,11491,user2084@example.com,South,United States,27210,Online,Snacks,6,43.72,344.22,8.8,109.86,7,3.6,USD,Escalated to the regional service desk for a damaged pallet.,2023-01
ORD-102222,2023-10-19,2023-10-27,12333,user1164@example.com,North,Canada,86919,Online,Snacks,33,30.53,906.18,9.7,290.33,6,3.7,USD,"Standard order, no special handling requested by the buyer.",2023-10
ORD-101616,2023-07-09,2023-07-18,11416,user1081@example.com,South,United States,38981,Retail,Frozen,33,12.23,390.6,4.02,126.21,4,4.1,USD,"Standard order, no special handling requested by the buyer.",2023-07
ORD-103812,2023-12-20,2023-12-25,10204,user1752@example.com,North,United States,34406,Partner,Household,11,35.57,335.57,1.55,108.93,6,4.5,USD,Customer requested split delivery across two addresses.,2023-12
ORD-102699,2023-02-14,2023-02-16,11062,user1365@example.com,East,United States,95957,Retail,Bakery,2,13.93,32.73,7.94,6.9,0,4.5,USD,"Standard order, no special handling requested by the buyer.",2023-02
ORD-103504,2024-06-15,2024-06-18,11066,user1116@example.com,East,Mexico,19170,Online,Dairy,24,29.59,893.23,6.0,291.73,10,3.4,USD,,2024-06
ORD-101245,2023-07-16,2023-07-26,11310,user1778@example.com,East,United States,69924,Retail,Frozen,32,19.35,580.96,6.47,193.29,13,,USD,"Standard order, no special handling requested by the buyer.",2023-07
ORD-103642,2023-11-23,2023-12-04,11943,user1686@example.com,South,Canada,72393,Wholesale,Bakery,38,27.09,1178.31,5.37,379.62,4,3.5,USD,Escalated to the regional service desk for a damaged pallet.,2023-11
ORD-101207,2023-04-03,2023-04-10,10698,user1832@example.com,West,Canada,81819,Online,Household,4,21.63,127.61,5.25,41.66,2,3.1,USD,"Standard order, no special handling requested by the buyer.",2023-04
ORD-102831,2024-04-10,2024-04-15,12397,user2537@example.com,North,Canada,59702,Retail,Dairy,31,21.19,818.8,13.28,241.56,13,2.7,USD,,2024-04
ORD-103042,2023-11-12,2023-11-12,10704,user791@example.com,North,United States,61915,Partner,Household,33,9.29,224.39,8.11,78.62,11,3.5,USD,Customer requested split delivery across two addresses.,2023-11
ORD-101695,2023-01-22,2023-01-29,10618,user2855@example.com,East,United States,63701,Retail,Produce,21,52.62,1207.16,17.95,353.31,2,4.2,USD,"Standard order, no special handling requested by the buyer.",2023-01
ORD-101391,2023-10-12,2023-10-19,12040,user2597@example.com,East,Canada,24461,Retail,Beverages,21,19.15,303.49,10.77,94.52,7,3.8,USD,"Standard order, no special handling requested by the buyer.",2023-10
ORD-100930,2023-08-09,2023-08-14,10256,user69@example.com,North,United States,73047,Online,Frozen,26,29.04,753.9,4.96,250.04,4,4.3,USD,,2023-08
ORD-103429,2023-10-27,2023-10-27,10712,user2059@example.com,North,United States,87182,Online,Frozen,29,29.76,789.34,9.8,245.07,12,4.6,USD,,2023-10
ORD-102611,2023-08-10,2023-08-17,12484,user2803@example.com,South,United States,86301,Wholesale,Beverages,36,17.85,731.15,2.69,242.69,9,3.9,USD,Customer requested split delivery across two addresses.,2023-08
ORD-103455,2023-06-22,2023-06-30,11410,user1585@example.com,West,Canada,46566,Retail,Frozen,8,24.24,201.81,7.8,65.58,3,4.4,USD,,2023-06
ORD-100675,2023-08-04,2023-08-12,11508,user375@example.com,North,United States,40357,Online,Beverages,11,28.86,323.54,3.36,107.71,6,3.1,USD,,2023-08
ORD-102375,2023-12-09,2023-12-15,10483,user2696@example.com,West,Mexico,65866,Retail,Snacks,28,35.29,896.79,12.06,281.78,5,3.9,USD,,2023-12
ORD-103782,2023-05-03,2023-05-09,10523,user2367@example.com,East,United States,86840,Partner,Snacks,19,27.23,565.08,15.75,174.48,4,3.9,USD,"Standard order, no special handling requested by the buyer.",2023-05
ORD-100097,2023-10-28,2023-10-30,10692,user2849@example.com,East,United States,16863,Online,Household,39,25.84,923.98,1.21,316.32,1,4.9,USD,"Standard order, no special handling requested by the buyer.",2023-10
ORD-102587,2023-11-30,2023-12-11,10624,user614@example.com,,United States,92531,Partner,Dairy,35,51.1,1404.95,8.04,448.41,10,3.8,USD,,2023-11
ORD-102330,2024-09-07,2024-09-13,10810,user778@example.com,SOUTH,Mexico,96988,Partner,Dairy,7,14.5,70.24,2.07,22.02,3,4.7,USD,Customer requested split delivery across two addresses.,2024-09
ORD-102393,2023-02-08,2023-02-09,10449,user516@example.com,North,United States,46556,Online,Produce,37,35.33,1782.39,17.32,529.59,13,3.6,USD,"Standard order, no special handling requested by the buyer.",2023-02
ORD-100039,2023-01-02,2023-01-04,12039,user2475@example.com,North,United States,68253,Online,Bakery,34,10.88,440.26,7.4,145.55,7,2.4,USD,Customer requested split delivery across two addresses.,2023-01
ORD-103860,2024-07-28,2024-07-28,10512,user2275@example.com,West,United States,68598,Retail,Produce,20,31.28,554.3,7.76,178.17,7,3.0,USD,"Standard order, no special handling requested by the buyer.",2024-07
ORD-103258,2024-02-21,2024-02-22,11351,user2581@example.com,South,United States,92975,Online,Bakery,10,15.45,217.87,9.61,73.17,11,4.3,USD,Customer requested split delivery across two addresses.,2024-02
ORD-101511,2024-09-08,2024-09-11,10005,user1878@example.com,East,Canada,84797,Retail,Snacks,31,14.59,347.05,4.32,112.19,10,3.7,USD,,2024-09
ORD-101458,2023-04-24,2023-04-29,10670,user1693@example.com,North,Canada,74878,Wholesale,Produce,18,9.88,295.56,11.88,99.43,6,5.0,USD,Customer requested split delivery across two addresses.,2023-04
ORD-101008,2024-05-04,2024-05-09,10852,user406@example.com,South,United States,13731,Online,Bakery,35,16.14,805.89,21.31,231.75,7,4.2,USD,"Standard order, no special handling requested by the buyer.",2024-05
ORD-103356,2024-06-03,2024-06-06,10190,user1876@example.com,West,United States,38990,Online,Dairy,23,9.75,294.77,5.73,98.06,1,3.8,USD,Customer requested split delivery across two addresses.,2024-06
ORD-102541,2024-05-26,2024-06-02,11971,user1656@example.com,South,United States,49166,Partner,Snacks,8,30.43,250.52,6.86,,7,3.4,USD,"Standard order, no special handling requested by the buyer.",2024-05
ORD-101425,2023-02-23,2023-02-24,11248,user2589@example.com,South,United States,36581,Partner,Produce,22,22.31,530.24,16.38,159.34,9,5.0,USD,Escalated to the regional service desk for a damaged pallet.,2023-02
ORD-102583,2024-11-02,2024-11-04,11867,user1019@example.com,North,United States,64549,Retail,Snacks,21,29.24,485.0,2.05,164.5,11,3.6,USD,"Standard order, no special handling requested by the buyer.",2024-11
ORD-102624,2023-03-21,2023-03-27,10233,user63@example.com,South,United States, 90210 ,Partner,Household,34,45.83,1746.44,14.89,527.36,2,4.7,USD,Escalated to the regional service desk for a damaged pallet.,2023-03
ORD-103315,2024-10-27,2024-10-31,12126,user36@example.com,East,Canada,81088,Partner,Household,-21,36.19,531.46,1.41,178.03,11,3.3,USD,"Standard order, no special handling requested by the buyer.",2024-10
ORD-103046,2024-04-10,2024-04-20,11141,user2863@example.com,South,United States,15464,Retail,Beverages,33,18.63,766.33,12.27,231.31,11,3.8,USD,Escalated to the regional service desk for a damaged pallet.,2024-04
ORD-101976,2024-05-11,2024-05-17,12225,user2091@example.com,East,United States,37235,Partner,Household,7,49.53,371.63,9.44,110.92,11,4.2,USD,Escalated to the regional service desk for a damaged pallet.,2024-05
ORD-100975,2023-06-10,2023-06-12,10019,user2894@example.com,West,United States,42013,Retail,Household,36,24.06,944.49,11.75,296.11,8,5.0,USD,Escalated to the regional service desk for a damaged pallet.,2023-06
ORD-100694,2024-05-11,2024-05-19,12386,user1487@example.com,East,United States,86262,Online,Frozen,14,24.06,473.38,2.9,157.07,6,4.2,USD,,2024-05
ORD-102384,2024-01-04,2024-01-09,10110,user2869@example.com,South,United States,78901,Online,Frozen,18,19.7,425.63,11.61,131.76,5,4.4,USD,Customer requested split delivery across two addresses.,2024-01
ORD-103415,2024-10-11,2024-10-13,10259,user2627@example.com,West,United States,95795,Retail,Snacks,39,23.56,693.42,12.29,208.34,10,4.0,USD,,2024-10
ORD-101639,2023-07-28,2023-07-28,11508,user2049@example.com,North,United States,13235,Retail,Snacks,14,46.28,576.56,3.07,192.07,13,5.0,USD,,2023-07
ORD-100361,2024-08-18,2024-08-25,10455,user2256@example.com,West,Canada,82343,Wholesale,Household,1,42.19,46.4,12.25,15.21,12,4.6,USD,,2024-08
ORD-100320,2024-02-25,2024-02-25,11886,user339@example.com,East,United States,51801,Partner,Dairy,37,12.57,504.54,7.62,162.47,6,3.3,USD,,2024-02
ORD-101867,2024-07-06,2024-07-14,12188,user2298@example.com,North,United States,86467,Online,Bakery,24,54.11,1496.18,7.58,484.29,4,5.0,USD,Escalated to the regional service desk for a damaged pallet.,2024-07
ORD-102787,2023-10-19,2023-10-19,11681,user1365@example.com,North,Canada,66060,Retail,Snacks,5,19.06,72.64,20.06,26.51,4,3.8,USD,"Standard order, no special handling requested by the buyer.",2023-10
ORD-101762,2023-01-28,2023-01-30,11470,user537@example.com,North,United States,18171,Partner,Frozen,5,19.93,100.08,3.82,31.7,9,,USD,,2023-01
ORD-101450,2024-07-01,2024-07-06,10217,user1978@example.com,North,United States,54035,Wholesale,Dairy,27,15.82,575.4,6.28,191.62,8,3.4,USD,Customer requested split delivery across two addresses.,2024-07
ORD-102957,2024-10-10,2024-10-19,12454,user919@example.com,East,Canada,68659,Retail,Bakery,23,21.26,368.63,9.75,112.71,1,5.0,USD,,2024-10
ORD-102279,2024-10-14,2024-10-19,10195,user2266@example.com,South,United States,67136,Online,Dairy,23,19.41,399.03,0.0,127.1,3,4.5,USD,Customer requested split delivery across two addresses.,2024-10
ORD-102104,2024-01-18,2024-01-19,12433,user579@example.com,East,Canada,78773,Retail,Dairy,25,8.7,234.08,3.26,82.51,10,4.5,USD,Escalated to the regional service desk for a damaged pallet.,2024-01
ORD-101996,2023-04-23,2023-04-27,12455,user723@example.com,South,United States,48320,Partner,Household,12,30.87,410.97,11.56,123.53,11,2.6,USD,,2023-04
ORD-101935,2023-11-19,2023-11-21,12458,user2252@example.com,South,United States,25623,Retail,Bakery,18,31.49,473.06,6.66,153.24,6,4.2,USD,Customer requested split delivery across two addresses.,2023-11
ORD-102149,2023-03-16,2023-03-24,10581,user1336@example.com,SOUTH,United States,90506,Retail,Bakery,34,9.31,392.6,7.95,126.29,1,3.8,USD,Customer requested split delivery across two addresses.,2023-03
ORD-103668,2023-08-31,2023-09-11,10127,user2254@example.com,South,Canada,72553,Online,Frozen,18,20.27,337.63,9.64,107.4,7,4.5,USD,"Standard order, no special handling requested by the buyer.",2023-08
ORD-102777,2024-11-09,2024-11-18,11788,user1562@example.com,North,United States,64609,Retail,Bakery,24,11.35,220.0,5.05,71.57,7,3.1,USD,"Standard order, no special handling requested by the buyer.",2024-11
ORD-102689,2023-05-30,2023-06-07,11120,user1150@example.com,East,United States,59730,Retail,Produce,9,19.99,203.78,5.0,64.84,8,3.3,USD,,2023-05
ORD-100997,2024-07-16,2024-07-23,10342,user1821@example.com,South,United States,48201,Online,Beverages,15,59.85,989.52,12.41,307.38,10,5.0,USD,,2024-07
ORD-102821,2024-08-11,2024-08-18,12322,user230@example.com,North,United States,73055,Retail,Beverages,4,23.73,79.37,7.29,26.42,4,3.5,USD,"Standard order, no special handling requested by the buyer.",2024-08
ORD-101646,2024-10-24,2024-10-31,11869,user881@example.com,East,Canada,60910,Partner,Frozen,30,18.39,383.06,5.39,121.71,9,3.5,USD,Customer requested split delivery across two addresses.,2024-10
ORD-101119,2023-03-05,2023-03-10,11193,user736@example.com,North,Mexico,82587,Retail,Household,28,53.75,1840.61,4.74,597.23,6,4.1,USD,Customer requested split delivery across two addresses.,2023-03
ORD-103351,2023-07-02,2023-07-13,11900,user2783@example.com,East,United States,38618,Online,Frozen,1,23.35,27.49,1.49,4.97,1,4.1,USD,,2023-07
ORD-100331,2024-05-11,2024-05-16,11877,user192@example.com,North,Canada,77545,Retail,Dairy,26,42.1,1303.64,5.17,429.62,5,3.9,USD,,2024-05
ORD-103274,2023-11-18,2023-11-21,11944,user959@example.com,West,United States,78486,Online,Bakery,7,48.08,330.18,18.51,,12,4.1,USD,Customer requested split delivery across two addresses.,2023-11
ORD-103419,2023-08-25,2023-08-29,10654,user2476@example.com,South,United States,26441,Retail,Snacks,23,51.21,940.36,5.33,,12,3.4,USD,Escalated to the regional service desk for a damaged pallet.,2023-08
ORD-100776,2024-03-20,2024-03-22,11297,user1919@example.com,,United States,18261,Online,Dairy,14,19.48,400.76,5.82,135.03,11,3.5,USD,Customer requested split delivery across two addresses.,2024-03
ORD-102029,2024-08-19,2024-08-25,11506,user1449@example.com,South,Mexico,31587,Partner,Household,39,44.52,1268.61,1.63,429.68,3,3.5,USD,,2024-08
ORD-101433,2024-07-11,2024-07-17,10307,user1157@example.com,South,United States, 90210 ,Online,Household,18,21.88,443.85,6.41,151.21,5,4.4,USD,,2024-07
ORD-103171,2023-12-06,2023-12-15,12213,user1271@example.com,South,Canada,64201,Online,Beverages,27,35.05,1000.22,9.89,313.73,11,5.0,USD,Escalated to the regional service desk for a damaged pallet.,2023-12
ORD-103314,2023-06-24,2023-06-29,10250,user388@example.com,North,United States,38991,Retail,Bakery,33,35.83,1220.45,12.34,376.88,9,3.5,USD,Customer requested split delivery across two addresses.,2023-06
ORD-103818,2023-08-15,2023-08-20,10860,user1608@example.com,South,Canada,83465,Online,Frozen,18,18.26,320.62,16.2,96.68,7,5.0,USD,Customer requested split delivery across two addresses.,2023-08
ORD-103869,2024-05-28,2024-06-05,10043,user1022@example.com,South,Mexico,72615,Online,Frozen,26,62.74,2187.24,0.0,741.06,8,4.4,USD,"Standard order, no special handling requested by the buyer.",2024-05
ORD-101609,2024-02-02,2024-02-02,10173,user1823@example.com,East,United States,66620,Online,Bakery,25,18.09,605.43,15.2,181.1,11,3.7,USD,"Standard order, no special handling requested by the buyer.",2024-02
ORD-102460,2023-08-06,2023-08-09,12175,user2168@example.com,North,United States,36434,Online,Household,28,10.47,296.31,6.28,101.21,6,4.1,USD,Escalated to the regional service desk for a damaged pallet.,2023-08
ORD-101025,2023-09-25,2023-10-05,11523,user1408@example.com,South,Canada,81342,Retail,Snacks,9,42.09,284.57,4.4,95.84,6,4.7,USD,Customer requested split delivery across two addresses.,2023-09
ORD-101581,2023-03-08,2023-03-18,11518,user2992@example.com,East,United States,99288,Wholesale,Frozen,6,31.84,316.84,18.94,100.76,7,4.2,USD,Customer requested split delivery across two addresses.,2023-03
ORD-101325,2024-07-16,2024-07-26,11672,user2981@example.com,West,United States,69689,Retail,Snacks,5,16.26,75.94,13.36,22.19,11,4.4,USD,Customer requested split delivery across two addresses.,2024-07
ORD-100220,2023-08-27,2023-08-30,11640,user2278@example.com,,Canada,23552,Online,Frozen,5,30.08,140.81,5.46,45.34,2,3.5,USD,,2023-08
ORD-103222,2024-02-21,2024-02-25,11280,user453@example.com,North,United States,58042,Online,Beverages,5,37.07,261.38,12.88,73.64,13,4.8,USD,Customer requested split delivery across two addresses.,2024-02
ORD-100356,2024-06-15,2024-06-17,12094,user2589@example.com,North,Canada,62512,Retail,Frozen,18,23.26,446.28,4.55,147.0,4,3.5,USD,Customer requested split delivery across two addresses.,2024-06
ORD-101173,2024-10-10,2024-10-10,10039,user524@example.com,North,Mexico,12434,Online,Snacks,8,33.19,236.2,5.27,76.09,1,4.7,USD,Escalated to the regional service desk for a damaged pallet.,2024-10
ORD-101039,2024-07-30,2024-08-10,11836,user614@example.com,South,United States,37960,Retail,Household,12,29.11,306.85,9.48,98.92,7,4.5,USD,,2024-07
ORD-103031,2023-01-06,2023-01-06,11386,user2970@example.com,East,United States,33110,Retail,Beverages,28,23.86,685.3,7.29,222.28,13,,USD,"Standard order, no special handling requested by the buyer.",2023-01
ORD-101899,2024-04-26,2024-05-04,12296,user885@example.com,,United States,64498,Partner,Bakery,11,14.9,180.82,7.03,63.1,8,4.4,USD,"Standard order, no special handling requested by the buyer.",2024-04
ORD-103341,2024-09-16,2024-09-19,10488,user818@example.com,North,Canada,19597,Retail,Beverages,37,21.25,595.17,15.58,181.51,1,4.1,USD,"Standard order, no special handling requested by the buyer.",2024-09
ORD-101902,2023-05-30,2023-06-09,11854,user2739@example.com,SOUTH,Canada,51716,Retail,Bakery,15,14.26,242.28,5.22,86.2,3,4.6,USD,"Standard order, no special handling requested by the buyer.",2023-05
ORD-102940,2023-04-21,2023-05-01,10711,user1355@example.com,West,United States,73891,Retail,Frozen,23,25.03,711.37,12.16,216.94,5,3.9,USD,,2023-04
ORD-103981,2023-05-03,2023-05-08,11461,user2191@example.com,North,United States,68532,Wholesale,Snacks,25,33.13,1356.95,0.0,462.26,4,3.1,USD,Customer requested split delivery across two addresses.,2023-05
ORD-100484,2023-05-07,2023-05-14,12147,user2476@example.com,South,United States,45773,Wholesale,Snacks,37,18.83,1132.56,10.11,351.47,12,4.0,USD,Escalated to the regional service desk for a damaged pallet.,2023-05
ORD-100973,2024-01-20,2024-01-21,10120,user2560@example.com,South,United States,42330,Retail,Snacks,28,15.96,484.59,9.68,157.26,1,4.8,USD,Customer requested split delivery across two addresses.,2024-01
ORD-100172,2024-04-14,2024-04-21,11835,user539@example.com,South,Mexico,17577,Retail,Frozen,27,51.81,1738.84,2.52,584.57,12,5.0,USD,Escalated to the regional service desk for a damaged pallet.,2024-04
ORD-103947,2023-05-24,2023-05-30,10354,user1468@example.com,South,United States,85858,Partner,Produce,28,32.22,936.84,0.0,323.48,4,4.3,USD,,2023-05
ORD-103375,2024-08-24,2024-08-25,11241,user2282@example.com,North,United States,69523,Online,Beverages,22,14.82,307.16,12.54,95.27,2,2.7,USD,Customer requested split delivery across two addresses.,2024-08
ORD-101159,2023-07-22,2023-07-28,10083,user448@example.com,South,United States,76458,Retail,Snacks,35,30.26,967.59,11.71,295.84,11,4.1,USD,Customer requested split delivery across two addresses.,2023-07
ORD-101027,2024-10-18,2024-10-29,12009,user1962@example.com,North,United States,32963,Partner,Beverages,9,62.12,383.54,6.94,126.51,2,,USD,Customer requested split delivery across two addresses.,2024-10
ORD-100427,2023-10-24,2023-10-29,10106,user959@example.com,South,United States,38869,Retail,Frozen,13,18.71,187.23,10.92,68.37,2,,USD,Customer requested split delivery across two addresses.,2023-10
ORD-100222,2023-02-06,2023-02-09,11827,user1503@example.com,West,United States,34326,Partner,Household,33,33.57,1145.27,3.55,383.84,2,3.5,USD,"Standard order, no special handling requested by the buyer.",2023-02
ORD-100369,2023-10-18,2023-10-19,12120,user1562@example.com,SOUTH,Canada,73191,Online,Dairy,30,25.21,679.09,1.37,232.83,3,5.0,USD,Escalated to the regional service desk for a damaged pallet.,2023-10
ORD-103078,2024-08-30,2024-09-08,10987,user850@example.com,West,United States,87076,Retail,Produce,34,12.05,321.29,7.03,104.05,3,4.2,USD,Escalated to the regional service desk for a damaged pallet.,2024-08
ORD-103050,2024-02-08,2024-02-08,10795,user1088@example.com,East,United States,64480,Online,Beverages,16,17.52,382.22,7.72,127.78,12,4.4,USD,,2024-02
ORD-100123,2023-10-02,2023-10-12,12428,user1188@example.com,North,United States,91139,Partner,Snacks,33,25.24,562.26,9.49,181.24,7,4.2,USD,Escalated to the regional service desk for a damaged pallet.,2023-10
ORD-100988,2023-06-10,2023-06-18,10877,user2415@example.com,West,United States,11583,Retail,Beverages,27,32.28,950.37,8.84,302.42,3,4.6,USD,Customer requested split delivery across two addresses.,2023-06
ORD-102740,2024-03-02,2024-03-02,10490,user1383@example.com,West,United States,64211,Wholesale,Beverages,23,53.37,2020.01,0.93,677.38,6,4.1,USD,"Standard order, no special handling requested by the buyer.",2024-03
ORD-102795,2024-06-09,2024-06-18,10116,user840@example.com,South,United States,26325,Online,Beverages,3,28.39,109.59,0.0,39.56,8,3.9,USD,Escalated to the regional service desk for a damaged pallet.,2024-06
ORD-103355,2024-03-21,2024-03-21,11990,user2988@example.com,North,United States,65924,Partner,Household,33,15.98,591.42,9.48,186.12,9,3.9,USD,"Standard order, no special handling requested by the buyer.",2024-03
ORD-102802,2024-11-16,2024-11-17,10251,user2325@example.com,West,United States,80735,Partner,Beverages,13,36.01,348.95,10.64,108.16,11,5.0,USD,"Standard order, no special handling requested by the buyer.",2024-11
ORD-103845,2024-06-24,2024-06-27,11417,user800@example.com,North,Canada,18227,Wholesale,Snacks,29,20.57,827.8,6.7,272.48,13,4.6,USD,,2024-06
ORD-100836,2023-01-16,2023-01-25,11546,user2095@example.com,South,Canada,70977,Online,Frozen,35,25.36,1118.58,9.83,,7,3.6,USD,,2023-01
ORD-103873,2024-04-19,2024-04-20,11195,user2010@example.com,North,United States,76716,Retail,Snacks,12,17.71,262.91,6.83,79.31,8,4.4,USD,"Standard order, no special handling requested by the buyer.",2024-04
ORD-100317,2023-06-18,2023-06-23,10185,user1447@example.com,South,United States,83767,Retail,Dairy,36,23.89,909.56,10.97,,6,3.5,USD,,2023-06
ORD-103343,2023-05-12,2023-05-21,12263,user1266@example.com,West,Canada,80940,Retail,Frozen,18,27.42,587.82,6.01,196.99,3,3.3,USD,Escalated to the regional service desk for a damaged pallet.,2023-05
ORD-101234,2024-04-17,2024-04-28,10972,user1064@example.com,West,United States,77384,Retail,Household,26,25.24,813.53,15.76,247.24,5,3.8,USD,Customer requested split delivery across two addresses.,2024-04
ORD-101971,2023-08-11,2023-08-17,10040,user861@example.com,North,United States,29919,Retail,Bakery,21,21.74,383.26,9.38,124.15,12,4.5,USD,,2023-08
ORD-100872,2023-06-23,2023-06-30,10999,user2214@example.com,West,United States,32121,Partner,Dairy,12,45.79,512.56,10.02,163.23,4,4.4,USD,Escalated to the regional service desk for a damaged pallet.,2023-06
ORD-103967,2023-02-11,2023-02-13,10020,user2698@example.com,South,United States,74256,Retail,Dairy,21,31.26,765.04,5.39,248.76,8,4.3,USD,,2023-02
ORD-100601,2024-10-03,2024-10-03,10540,user1990@example.com,East,Canada,53403,Retail,Dairy,29,7.77,169.09,11.01,54.34,4,3.0,USD,,2024-10
ORD-102839,2023-03-27,2023-04-04,10772,user107@example.com,East,United States,24993,Wholesale,Bakery,8,22.99,310.11,5.71,102.15,10,5.0,USD,"Standard order, no special handling requested by the buyer.",2023-03
ORD-101849,2023-05-28,2023-06-05,12086,user2554@example.com,South,United States,20946,Retail,Bakery,17,25.44,492.98,17.98,143.92,5,3.5,USD,"Standard order, no special handling requested by the buyer.",2023-05
ORD-102321,2024-07-16,2024-07-18,11891,user2811@example.com,North,Mexico,77440,Online,Dairy,3,19.88,65.74,5.85,22.85,2,4.5,USD,Escalated to the regional service desk for a damaged pallet.,2024-07
ORD-101494,2023-12-07,2023-12-16,10962,user1473@example.com,North,United States,64854,Retail,Snacks,32,21.5,618.94,13.44,184.66,7,4.0,USD,Escalated to the regional service desk for a damaged pallet.,2023-12
ORD-102253,2023-01-23,2023-01-24,11196,user1573@example.com,North,United States,74181,Online,Beverages,9,14.76,171.86,9.76,55.38,11,4.8,USD,"Standard order, no special handling requested by the buyer.",2023-01
ORD-101969,2023-04-18,2023-04-23,10181,user2598@example.com,North,United States,94852,Retail,Frozen,30,14.39,535.17,5.81,176.47,1,3.6,USD,Escalated to the regional service desk for a damaged pallet.,2023-04
ORD-100461,2024-05-29,2024-06-03,11423,user164@example.com,East,Canada,84876,Online,Dairy,14,20.81,389.39,7.29,124.01,3,4.0,USD,,2024-05
ORD-102729,2023-12-02,2023-12-04,12146,user928@example.com,North,United States,80680,Partner,Produce,8,15.19,96.28,9.0,34.05,7,4.8,USD,"Standard order, no special handling requested by the buyer.",2023-12
ORD-100862,2024-05-26,2024-05-27,10031,user1374@example.com,North,United States,20769,Retail,Beverages,39,52.14,2325.15,13.05,713.06,5,4.8,USD,Escalated to the regional service desk for a damaged pallet.,2024-05
ORD-102537,2023-11-10,2023-11-21,10260,user2848@example.com,West,United States,30598,Retail,Household,24,38.01,736.77,9.45,237.73,13,4.1,USD,"Standard order, no special handling requested by the buyer.",2023-11
ORD-101302,2023-01-15,2023-01-16,11890,user2862@example.com,North,United States,44883,Wholesale,Frozen,34,30.41,1484.93,9.99,466.12,7,3.5,USD,Customer requested split delivery across two addresses.,2023-01
ORD-101670,2024-01-17,2024-01-26,12426,user1406@example.com,North,United States,64812,Online,Bakery,21,45.74,1215.18,11.04,,4,4.6,USD,,2024-01
ORD-101859,2024-04-16,2024-04-22,12195,user2137@example.com,West,Canada,28062,Online,Beverages,9,21.51,283.46,9.45,87.87,1,3.6,USD,Customer requested split delivery across two addresses.,2024-04
ORD-100069,2023-12-14,2023-12-20,10713,user1474@example.com,West,United States,38229,Online,Household,6,17.79,116.87,9.17,31.61,10,3.9,USD,Customer requested split delivery across two addresses.,2023-12
ORD-103086,2023-11-24,2023-11-25,10397,user609@example.com,West,United States,50810,Wholesale,Household,13,34.56,516.35,2.25,173.45,3,4.7,USD,,2023-11
ORD-103159,2024-06-06,2024-06-16,12142,user1652@example.com,South,United States,98096,Retail,Snacks,19,21.27,445.49,2.11,150.35,4,3.2,USD,Customer requested split delivery across two addresses.,2024-06
ORD-101498,2023-06-05,2023-06-11,10381,user1451@example.com,West,Canada,31782,Online,Household,6,10.39,81.66,5.66,31.3,10,4.7,USD,"Standard order, no special handling requested by the buyer.",2023-06
ORD-101419,2023-01-14,2023-01-23,12255,user1738@example.com,South,United States,98415,Wholesale,Produce,1,15.41,22.04,11.7,3.59,7,4.8,USD,"Standard order, no special handling requested by the buyer.",2023-01
ORD-101212,2023-10-19,2023-10-19,11452,user1923@example.com,East,United States,44171,Retail,Household,22,25.21,422.75,5.87,,2,3.5,USD,Customer requested split delivery across two addresses.,2023-10
ORD-101835,2023-05-15,2023-05-22,11820,user2066@example.com,West,United States,28443,Online,Bakery,13,8.26,149.82,3.36,49.37,9,4.2,USD,Escalated to the regional service desk for a damaged pallet.,2023-05
ORD-101734,2024-10-07,2024-10-14,11626,user774@example.com,North,United States,76012,Partner,Produce,35,14.67,347.48,7.74,115.97,7,4.5,USD,"Standard order, no special handling requested by the buyer.",2024-10
ORD-100719,2024-07-07,2024-07-12,12142,user2305@example.com,South,United States,39635,Online,Beverages,35,37.84,1519.17,8.68,484.03,10,2.6,USD,"Standard order, no special handling requested by the buyer.",2024-07
ORD-103520,2023-03-17,2023-03-26,11218,user2568@example.com,East,Canada,91980,Retail,Produce,38,31.23,1473.26,3.15,494.45,7,4.4,USD,"Standard order, no special handling requested by the buyer.",2023-03
ORD-101591,2024-09-22,2024-09-26,10768,user1189@example.com,West,United States,89202,Wholesale,Household,38,14.9,574.98,6.0,183.5,10,5.0,USD,,2024-09
ORD-101778,2023-09-15,2023-09-26,11915,user336@example.com,South,United States,51971,Online,Bakery,6,8.74,46.97,9.61,17.36,13,3.8,USD,Escalated to the regional service desk for a damaged pallet.,2023-09
ORD-103299,2023-05-11,2023-05-14,11228,user189@example.com,East,United States,83827,Retail,Produce,19,21.5,487.64,11.5,144.21,4,4.2,USD,"Standard order, no special handling requested by the buyer.",2023-05
ORD-100283,2023-07-08,2023-07-19,12158,user1690@example.com,South,United States,80201,Online,Frozen,31,20.35,723.62,10.03,219.87,11,4.5,USD,,2023-07
ORD-100925,2024-03-08,2024-03-15,11490,user2712@example.com,South,United States,17136,Wholesale,Dairy,37,23.74,1458.84,1.71,486.9,7,4.0,USD,,2024-03
ORD-100669,2023-01-12,2023-01-16,12186,user2947@example.com,South,United States,58167,Retail,Snacks,5,18.59,97.72,6.44,24.36,6,3.3,USD,Escalated to the regional service desk for a damaged pallet.,2023-01
ORD-102792,2024-03-16,2024-03-16,12354,user1025@example.com,West,United States,46805,Online,Snacks,37,7.87,426.56,6.26,139.75,11,5.0,USD,Customer requested split delivery across two addresses.,2024-03
ORD-102140,2023-10-15,2023-10-26,10153,user1737@example.com,East,United States,64178,Online,Frozen,9,24.42,196.45,7.29,54.36,5,5.0,USD,,2023-10
ORD-102981,2024-05-12,2024-05-15,12376,user2604@example.com,north ,United States,95574,Retail,Frozen,11,22.19,290.02,9.54,90.41,1,2.5,USD,,2024-05
ORD-102441,2023-02-19,2023-02-19,10951,user2329@example.com,West,United States,98086,Retail,Dairy,8,23.82,226.69,8.59,67.68,12,3.8,USD,Escalated to the regional service desk for a damaged pallet.,2023-02
ORD-101261,2024-02-28,2024-03-04,10001,user2968@example.com,North,Canada,14664,Online,Produce,22,18.38,578.52,12.55,176.77,8,4.2,USD,Escalated to the regional service desk for a damaged pallet.,2024-02
ORD-100670,2023-01-17,2023-01-18,10505,user1354@example.com,North,United States,50658,Partner,Household,35,24.6,830.79,0.0,282.87,3,3.7,USD,"Standard order, no special handling requested by the buyer.",2023-01
ORD-103598,2023-10-12,2023-10-12,10237,user635@example.com,North,United States, 90210 ,Online,Produce,27,24.83,597.01,7.74,188.3,3,3.7,USD,Escalated to the regional service desk for a damaged pallet.,2023-10
ORD-101994,2023-11-26,2023-12-04,11203,user2206@example.com,East,Canada,55016,Retail,Beverages,9,26.94,208.11,11.26,64.09,2,4.1,USD,Escalated to the regional service desk for a damaged pallet.,2023-11
ORD-101919,2024-11-09,2024-11-17,10365,user2274@example.com,North,United States,82440,Online,Bakery,9,15.41,132.17,7.76,47.32,4,3.5,USD,Customer requested split delivery across two addresses.,2024-11
ORD-103396,2023-10-26,2023-11-06,10896,user1969@example.com,West,Canada,33419,Online,Produce,25,23.6,538.33,7.36,,10,3.9,USD,Escalated to the regional service desk for a damaged pallet.,2023-10
ORD-102529,2023-11-16,2023-11-20,11728,user2780@example.com,East,Canada,41395,Online,Beverages,19,10.67,197.39,0.0,62.59,8,3.5,USD,Customer requested split delivery across two addresses.,2023-11
ORD-102171,2024-05-23,2024-05-27,11728,user218@example.com,West,United States,73728,Wholesale,Produce,27,35.36,1487.13,0.0,509.71,13,3.7,USD,Customer requested split delivery across two addresses.,2024-05
ORD-101754,2023-05-11,2023-05-12,11736,user444@example.com,South,United States,89557,Partner,Bakery,15,13.48,217.23,0.0,74.75,13,4.3,USD,Escalated to the regional service desk for a damaged pallet.,2023-05
ORD-101480,2023-06-30,2023-07-10,10510,user2225@example.com,North,Canada,80490,Online,Household,5,55.91,332.0,8.03,102.03,7,4.6,USD,Customer requested split delivery across two addresses.,2023-06
ORD-102238,2023-12-26,2024-01-01,10505,user102@example.com,East,United States,23149,Retail,Snacks,37,44.32,1604.6,2.25,536.09,11,,USD,Escalated to the regional service desk for a damaged pallet.,2023-12
ORD-103691,2024-04-25,2024-05-01,10987,user2821@example.com,West,United States,50910,Online,Produce,36,16.91,881.87,17.6,259.06,7,4.0,USD,"Standard order, no special handling requested by the buyer.",2024-04
ORD-102506,2024-11-25,2024-12-04,10866,user544@example.com,South,United States,23592,Retail,Bakery,30,14.53,374.14,4.32,,1,3.3,USD,,2024-11
ORD-103326,2024-02-11,2024-02-14,10141,user695@example.com,East,United States,87497,Retail,Household,13,69.27,1049.46,16.5,315.63,1,5.0,USD,Customer requested split delivery across two addresses.,2024-02
ORD-100948,2024-02-21,2024-02-26,12221,user1350@example.com,North,United States,52356,Wholesale,Produce,32,19.15,988.66,9.15,321.0,2,3.7,USD,Customer requested split delivery across two addresses.,2024-02
ORD-101167,2023-03-12,2023-03-13,12381,user1682@example.com,North,Canada,28556,Online,Snacks,24,39.22,1371.69,15.74,410.78,2,4.7,USD,Customer requested split delivery across two addresses.,2023-03
ORD-103327,2023-07-05,2023-07-14,11530,user1516@example.com,north ,United States,17743,Wholesale,Frozen,23,33.87,1035.83,14.85,312.01,10,4.1,USD,Escalated to the regional service desk for a damaged pallet.,2023-07
ORD-100640,2023-01-06,2023-01-07,10400,user25@example.com,North,Canada,66213,Partner,Produce,36,17.48,580.95,9.94,185.57,2,3.7,USD,Customer requested split delivery across two addresses.,2023-01
ORD-102838,2023-09-22,2023-10-03,12379,user2336@example.com,South,United States,96783,Wholesale,Snacks,13,47.81,631.67,9.26,199.48,6,4.3,USD,"Standard order, no special handling requested by the buyer.",2023-09
ORD-100276,2023-11-21,2023-11-29,11320,user472@example.com,North,Canada, 90210 ,Online,Household,1,25.84,25.65,4.56,2.29,10,4.0,USD,"Standard order, no special handling requested by the buyer.",2023-11
ORD-102113,2024-06-24,2024-06-29,10114,user2425@example.com,East,United States,32181,Retail,Bakery,27,21.64,600.59,0.0,204.21,11,2.7,USD,"Standard order, no special handling requested by the buyer.",2024-06
ORD-100341,2023-03-19,2023-03-19,10305,user1537@example.com,East,Mexico,61158,Partner,Produce,30,32.9,1104.62,8.84,348.99,5,5.0,USD,,2023-03
ORD-101950,2024-04-03,2024-04-03,11769,user591@example.com,South,Canada,62246,Wholesale,Produce,12,30.18,611.01,3.52,198.93,11,3.5,USD,,2024-04
ORD-101572,2023-12-10,2023-12-13,10993,user974@example.com,North,Canada,86267,Wholesale,Produce,9,37.96,420.43,2.33,139.52,7,4.6,USD,,2023-12
ORD-100697,2023-04-11,2023-04-14,11422,user479@example.com,North,Mexico,79952,Online,Frozen,31,19.1,870.89,11.47,272.75,3,4.2,USD,Escalated to the regional service desk for a damaged pallet.,2023-04
ORD-101691,2024-03-31,2024-04-11,10071,user2442@example.com,South,United States,72463,Online,Dairy,39,8.49,488.39,11.47,156.14,13,3.8,USD,,2024-03
ORD-102510,2024-07-03,2024-07-03,12318,user1062@example.com,East,United States,46997,Online,Snacks,17,30.78,610.81,6.76,195.1,12,4.5,USD,,2024-07
ORD-101493,2023-04-16,2023-04-27,10402,user171@example.com,East,Canada,32779,Partner,Dairy,35,32.95,1289.09,5.08,424.02,6,4.1,USD,,2023-04
ORD-103756,2024-09-25,2024-10-06,10034,user1338@example.com,North,United States,38687,Online,Beverages,11,26.27,256.02,9.0,80.31,1,4.5,USD,"Standard order, no special handling requested by the buyer.",2024-09
ORD-103611,2024-09-21,2024-09-27,11328,user1336@example.com,East,United States,28775,Partner,Frozen,9,25.93,158.12,8.51,48.62,10,4.0,USD,"Standard order, no special handling requested by the buyer.",2024-09
ORD-103049,2024-11-13,2024-11-22,12058,user288@example.com,South,United States,98592,Retail,Beverages,18,25.49,375.81,8.46,122.1,2,5.0,USD,,2024-11
ORD-102226,2023-11-27,2023-11-30,10406,user1064@example.com,East,United States,93285,Retail,Beverages,14,23.31,281.27,7.27,89.3,6,3.8,USD,Customer requested split delivery across two addresses.,2023-11
ORD-101541,2023-10-01,2023-10-09,11354,user2498@example.com,South,United States,97308,Online,Dairy,4,41.54,147.05,0.0,47.34,13,3.0,USD,Customer requested split delivery across two addresses.,2023-10
ORD-101065,2023-08-13,2023-08-21,11033,user1716@example.com,West,United States,22749,Retail,Dairy,17,28.52,403.86,16.15,114.25,12,3.7,USD,Escalated to the regional service desk for a damaged pallet.,2023-08
ORD-103115,2023-01-09,2023-01-10,10430,user1066@example.com,North,Canada,95437,Online,Household,33,13.44,543.54,7.84,,10,4.3,USD,Customer requested split delivery across two addresses.,2023-01
ORD-102606,2024-03-14,2024-03-20,10206,user2493@example.com,North,United States,85219,Online,Produce,31,17.09,774.6,3.46,255.19,4,4.8,USD,Customer requested split delivery across two addresses.,2024-03
ORD-103925,2024-06-14,2024-06-22,10004,user922@example.com,West,United States,88298,Online,Dairy,23,45.2,1312.67,0.0,442.63,10,4.9,USD,Escalated to the regional service desk for a damaged pallet.,2024-06
ORD-101116,2024-07-20,2024-07-22,12258,user2461@example.com,North,United States,73246,Online,Frozen,11,24.83,295.75,8.34,95.79,3,4.6,USD,Customer requested split delivery across two addresses.,2024-07
ORD-102524,2023-01-01,2023-01-06,11285,user2875@example.com,South,United States,78257,Retail,Dairy,26,25.26,659.59,10.43,207.25,11,4.1,USD,"Standard order, no special handling requested by the buyer.",2023-01
ORD-100027,2023-04-22,2023-04-25,11401,user1552@example.com,North,United States,31165,Retail,Beverages,31,35.08,1342.19,10.24,,3,4.5,USD,,2023-04
ORD-101479,2024-04-16,2024-04-17,11746,user61@example.com,South,United States,60310,Online,Dairy,35,33.32,1707.58,20.36,497.52,6,4.9,USD,Escalated to the regional service desk for a damaged pallet.,2024-04
ORD-103157,2023-12-04,2023-12-10,10020,user1053@example.com,North,Canada,13456,Online,Dairy,33,14.49,501.01,18.84,141.86,9,4.2,USD,Escalated to the regional service desk for a damaged pallet.,2023-12
ORD-100259,2024-07-10,2024-07-15,11083,user418@example.com,South,United States,52862,Online,Snacks,26,23.7,697.52,6.63,221.23,7,4.5,USD,Escalated to the regional service desk for a damaged pallet.,2024-07
ORD-100735,2024-10-25,2024-10-29,10399,user1571@example.com,North,Canada,22135,Partner,Household,11,16.21,124.09,13.49,40.27,9,4.1,USD,Customer requested split delivery across two addresses.,2024-10
ORD-103365,2023-02-06,2023-02-15,10174,user2761@example.com,North,United States,16259,Retail,Beverages,23,14.85,392.33,6.61,127.9,8,4.1,USD,Escalated to the regional service desk for a damaged pallet.,2023-02
ORD-101897,2023-10-19,2023-10-20,10337,user1510@example.com,East,United States,31670,Retail,Bakery,30,29.22,668.18,1.07,225.51,5,3.7,USD,"Standard order, no special handling requested by the buyer.",2023-10
ORD-102863,2024-10-27,2024-10-29,10297,user1575@example.com,South,Canada, 90210 ,Online,Frozen,21,39.47,759.96,8.05,235.35,6,2.9,USD,Escalated to the regional service desk for a damaged pallet.,2024-10
ORD-102703,2024-09-16,2024-09-26,11461,user2586@example.com,West,Canada,79381,Online,Household,25,20.92,467.16,2.93,153.03,7,5.0,USD,"Standard order, no special handling requested by the buyer.",2024-09
ORD-100282,2023-09-13,2023-09-14,12487,user2532@example.com,North,United States,84611,Online,Produce,13,10.93,127.69,2.32,43.77,4,3.0,USD,Escalated to the regional service desk for a damaged pallet.,2023-09
ORD-102742,2024-05-24,2024-06-04,11163,user2899@example.com,North,United States,66700,Online,Frozen,9,14.24,173.97,7.94,54.47,3,3.9,USD,Escalated to the regional service desk for a damaged pallet.,2024-05
ORD-103819,2023-07-08,2023-07-19,10352,user2282@example.com,West,United States,11473,Online,Dairy,39,9.08,406.2,6.0,135.09,7,4.0,USD,Escalated to the regional service desk for a damaged pallet.,2023-07
ORD-101253,2024-10-30,2024-10-31,10081,user2747@example.com,South,United States,85735,Wholesale,Bakery,32,25.63,867.1,23.87,240.34,8,,USD,Escalated to the regional service desk for a damaged pallet.,2024-10
ORD-100770,2024-02-27,2024-02-29,11307,user1285@example.com,East,United States,14660,Wholesale,Dairy,11,31.58,567.52,10.34,179.06,2,5.0,USD,Escalated to the regional service desk for a damaged pallet.,2024-02
ORD-103642,2023-11-23,2023-12-04,11943,user1686@example.com,South,Canada,72393,Wholesale,Bakery,38,27.09,1178.31,5.37,379.62,4,3.5,USD,Escalated to the regional service desk for a damaged pallet.,2023-11
ORD-103579,2023-07-21,2023-07-23,10826,user271@example.com,South,United States,75226,Online,Produce,12,29.61,384.75,9.22,125.12,12,5.0,USD,,2023-07
ORD-100161,2024-10-06,2024-10-11,11843,user1606@example.com,North,United States,53128,Partner,Beverages,13,17.59,154.65,6.57,49.89,7,5.0,USD,Escalated to the regional service desk for a damaged pallet.,2024-10
ORD-101517,2023-08-07,2023-08-17,11460,user2707@example.com,South,United States,44741,Retail,Bakery,21,46.85,839.28,7.65,270.31,9,4.8,USD,,2023-08
ORD-102003,2024-09-21,2024-09-29,11574,user2560@example.com,North,United States,95775,Online,Beverages,31,23.24,640.0,2.72,217.26,7,4.6,USD,"Standard order, no special handling requested by the buyer.",2024-09
ORD-102002,2023-06-08,2023-06-10,11025,user194@example.com,North,United States,21989,Online,Frozen,37,15.87,761.06,4.47,243.46,9,5.0,USD,Customer requested split delivery across two addresses.,2023-06
ORD-102976,2023-09-23,2023-10-02,12358,user1940@example.com,North,United States,27177,Online,Household,3,28.42,75.68,0.0,19.05,1,3.5,USD,"Standard order, no special handling requested by the buyer.",2023-09
ORD-100607,2024-11-21,2024-11-21,11617,user725@example.com,East,United States,69628,Retail,Beverages,25,53.17,1122.54,10.97,344.75,10,4.2,USD,Customer requested split delivery across two addresses.,2024-11
ORD-101856,2023-08-10,2023-08-18,10235,user2853@example.com,North,United States,40796,Partner,Frozen,17,15.53,200.26,15.55,60.09,4,3.7,USD,"Standard order, no special handling requested by the buyer.",2023-08
ORD-101392,2024-03-07,2024-03-12,11198,user686@example.com,West,Canada,75644,Wholesale,Beverages,32,12.15,644.83,8.63,200.82,2,4.6,USD,,2024-03
ORD-103526,2023-08-06,2023-08-17,10619,user2045@example.com,North,Canada,67782,Online,Snacks,5,15.5,78.33,5.1,,3,3.6,USD,,2023-08
ORD-102008,2024-02-07,2024-02-18,11491,user27@example.com,South,Canada,79294,Online,Snacks,10,41.23,560.52,10.9,175.52,11,5.0,USD,Escalated to the regional service desk for a damaged pallet.,2024-02
ORD-100806,2024-08-19,2024-08-24,11596,user2965@example.com,South,United States,31975,Partner,Produce,29,33.87,717.67,6.92,234.8,4,4.9,USD,Escalated to the regional service desk for a damaged pallet.,2024-08
ORD-103015,2024-11-20,2024-11-27,10396,user1003@example.com,West,Canada,77741,Retail,Household,11,26.39,244.18,5.71,76.23,1,3.9,USD,Customer requested split delivery across two addresses.,2024-11
ORD-102016,2024-10-13,2024-10-16,10633,user1192@example.com,East,United States,75170,Retail,Dairy,15,35.29,400.44,10.45,118.93,6,5.0,USD,"Standard order, no special handling requested by the buyer.",2024-10
ORD-101418,2024-10-07,2024-10-11,11586,user901@example.com,North,Canada,85268,Online,Bakery,12,43.45,462.64,11.65,143.47,7,4.4,USD,Customer requested split delivery across two addresses.,2024-10
ORD-102563,2023-03-08,2023-03-09,11659,user2312@example.com,South,United States,48515,Online,Frozen,26,39.37,1483.91,7.8,478.73,11,4.1,USD,Escalated to the regional service desk for a damaged pallet.,2023-03
ORD-102340,2024-04-11,2024-04-21,11039,user226@example.com,North,United States,78444,Online,Beverages,27,22.43,890.22,0.88,304.09,9,3.0,USD,,2024-04
ORD-102435,2023-12-05,2023-12-07,12219,user2207@example.com,North,Mexico,15159,Retail,Beverages,29,26.41,683.03,4.07,231.63,2,5.0,USD,Escalated to the regional service desk for a damaged pallet.,2023-12
ORD-101311,2023-09-29,2023-09-30,10818,user2875@example.com,North,United States,47389,Online,Dairy,6,25.86,137.34,15.94,40.46,4,3.5,USD,Escalated to the regional service desk for a damaged pallet.,2023-09
ORD-102878,2023-01-23,2023-01-30,12323,user1752@example.com,East,United States,29467,Retail,Produce,17,18.22,339.6,7.07,113.61,8,3.5,USD,"Standard order, no special handling requested by the buyer.",2023-01
ORD-102601,2023-08-15,2023-08-25,11015,user8@example.com,East,United States,25000,Partner,Household,36,17.15,459.35,7.54,146.02,4,4.5,USD,"Standard order, no special handling requested by the buyer.",2023-08
ORD-100105,2024-06-26,2024-06-27,11084,user2992@example.com,north ,United States,72296,Online,Dairy,32,16.65,640.87,0.0,215.95,6,,USD,Escalated to the regional service desk for a damaged pallet.,2024-06
ORD-101109,2024-06-15,2024-06-19,12210,user952@example.com,South,United States,83759,Online,Dairy,19,14.56,347.95,11.93,99.97,5,4.9,USD,Customer requested split delivery across two addresses.,2024-06
ORD-102014,2024-09-05,2024-09-12,10465,user2846@example.com,East,United States,51803,Online,Dairy,10,20.18,183.91,0.1,64.88,12,4.6,USD,Customer requested split delivery across two addresses.,2024-09
ORD-101206,2023-10-13,2023-10-17,11144,user633@example.com,West,United States,73075,Retail,Beverages,37,29.85,834.45,11.47,260.67,12,4.9,USD,Escalated to the regional service desk for a damaged pallet.,2023-10
ORD-100548,2023-08-27,2023-09-07,12332,user1870@example.com,South,United States,94476,Partner,Household,38,22.71,616.23,18.47,188.8,1,3.2,USD,Escalated to the regional service desk for a damaged pallet.,2023-08
ORD-100662,2023-04-18,2023-04-23,10873,user1269@example.com,North,Canada,10127,Retail,Household,29,53.72,1931.27,8.21,623.85,0,4.8,USD,Escalated to the regional service desk for a damaged pallet.,2023-04
ORD-103639,2024-02-18,2024-02-25,10326,user120@example.com,South,Canada,83320,Partner,Beverages,19,42.98,872.21,14.92,261.64,3,4.4,USD,,2024-02
ORD-101000,2023-07-25,2023-07-30,11740,user2852@example.com,South,United States,72121,Online,Beverages,22,35.2,823.88,2.02,264.23,4,3.4,USD,Customer requested split delivery across two addresses.,2023-07
ORD-101328,2023-05-27,2023-06-04,11403,user2832@example.com,East,United States,58868,Online,Dairy,17,19.23,441.09,11.94,131.67,5,3.8,USD,Customer requested split delivery across two addresses.,2023-05
ORD-101291,2024-03-10,2024-03-15,11448,user1706@example.com,East,Mexico,17221,Retail,Frozen,5,24.68,152.21,14.9,48.41,12,5.0,USD,Escalated to the regional service desk for a damaged pallet.,2024-03
ORD-102038,2024-11-08,2024-11-10,10081,user2849@example.com,East,Canada,57916,Online,Produce,5,37.05,175.95,7.28,60.33,7,4.5,USD,,2024-11
ORD-100503,2024-01-20,2024-01-23,10426,user2872@example.com,North,Mexico,38453,Partner,Bakery,26,21.94,556.72,7.55,182.82,13,,USD,,2024-01
ORD-103514,2024-08-20,2024-08-24,11860,user2954@example.com,North,United States,39400,Retail,Dairy,14,28.94,327.79,0.0,116.22,1,3.7,USD,Escalated to the regional service desk for a damaged pallet.,2024-08
ORD-102759,2024-05-03,2024-05-03,10445,user1404@example.com,West,Mexico,16776,Online,Frozen,19,16.67,452.72,13.39,141.56,4,4.8,USD,Escalated to the regional service desk for a damaged pallet.,2024-05
ORD-103307,2023-02-27,2023-03-09,12336,user2395@example.com,East,United States,59071,Online,Household,36,18.18,934.59,0.97,309.94,7,4.2,USD,Customer requested split delivery across two addresses.,2023-02
ORD-100653,2024-03-14,2024-03-19,10732,user1766@example.com,South,United States,71074,Online,Frozen,23,17.97,604.3,5.85,203.78,6,4.8,USD,,2024-03
ORD-103708,2023-07-27,2023-08-05,11816,user2824@example.com,South,United States,97162,Online,Household,17,9.97,178.75,5.47,54.31,7,4.8,USD,,2023-07
ORD-103745,2024-04-11,2024-04-13,11875,user584@example.com,South,United States,25019,Online,Frozen,18,19.52,516.49,11.65,158.93,8,4.0,USD,Escalated to the regional service desk for a damaged pallet.,2024-04
ORD-103610,2024-03-01,2024-03-04,10603,user449@example.com,East,United States,96097,Online,Snacks,33,29.23,1385.05,8.64,438.28,10,5.0,USD,Escalated to the regional service desk for a damaged pallet.,2024-03
ORD-102473,2023-01-07,2023-01-17,11301,user87@example.com,East,Mexico,73786,Partner,Dairy,27,23.14,579.2,14.31,181.3,10,5.0,USD,Customer requested split delivery across two addresses.,2023-01
ORD-103881,2024-09-21,2024-09-23,10912,user1034@example.com,north ,United States,19268,Online,Frozen,3,46.19,123.1,10.97,30.23,0,3.9,USD,Escalated to the regional service desk for a damaged pallet.,2024-09
ORD-101823,2024-11-19,2024-11-25,11983,user1989@example.com,West,Mexico,73903,Retail,Produce,7,16.78,98.41,7.61,25.64,13,3.3,USD,Escalated to the regional service desk for a damaged pallet.,2024-11
ORD-101726,2023-03-28,2023-04-05,12218,user250@example.com,North,Canada,16654,Online,Bakery,20,30.75,906.64,0.94,301.29,8,2.9,USD,Customer requested split delivery across two addresses.,2023-03
ORD-101274,2024-08-03,2024-08-12,10282,user156@example.com,SOUTH,United States,62651,Online,Bakery,12,33.22,406.28,14.22,129.07,1,5.0,USD,,2024-08
ORD-101401,2024-06-29,2024-07-03,11708,user750@example.com,South,United States,36446,Retail,Bakery,30,13.21,398.86,12.56,123.61,7,4.9,USD,"Standard order, no special handling requested by the buyer.",2024-06
ORD-102089,2023-11-23,2023-11-29,11907,user2772@example.com,West,United States,66921,Retail,Beverages,26,24.12,531.72,0.01,176.83,5,3.6,USD,,2023-11
ORD-103675,2024-10-04,2024-10-11,10611,user1809@example.com,North,United States,18911,Online,Beverages,21,42.09,782.94,0.0,262.95,7,4.3,USD,Escalated to the regional service desk for a damaged pallet.,2024-10
ORD-102950,2023-07-30,2023-08-06,10452,user2715@example.com,North,Mexico,28578,Online,Beverages,29,67.98,2052.26,11.04,637.41,1,3.9,USD,Customer requested split delivery across two addresses.,2023-07
ORD-101630,2023-12-30,2024-01-09,11742,user2174@example.com,East,Canada,86803,Wholesale,Household,18,20.63,499.15,8.45,159.85,5,4.1,USD,,2023-12
ORD-103168,2024-04-18,2024-04-20,12010,user2283@example.com,North,United States,41037,Partner,Produce,12,28.95,387.2,10.86,119.52,13,4.3,USD,Customer requested split delivery across two addresses.,2024-04
ORD-103779,2023-01-28,2023-01-28,10466,user222@example.com,South,United States,25621,Online,Dairy,24,21.61,682.92,12.95,208.96,1,4.6,USD,,2023-01
ORD-100135,2024-10-07,2024-10-10,10159,user2398@example.com,North,Canada,97083,Online,Frozen,20,26.38,468.14,12.39,139.77,7,4.5,USD,Escalated to the regional service desk for a damaged pallet.,2024-10
ORD-101689,2024-10-24,2024-11-01,10010,user2640@example.com,North,United States,90955,Partner,Beverages,19,28.45,375.32,4.69,119.79,3,4.8,USD,Customer requested split delivery across two addresses.,2024-10
ORD-103923,2023-07-27,2023-07-31,12326,user681@example.com,South,United States,99781,Online,Bakery,8,57.29,483.36,14.74,145.82,11,5.0,USD,Customer requested split delivery across two addresses.,2023-07
ORD-100336,2024-09-07,2024-09-12,11127,user2420@example.com,North,United States,82651,Online,Beverages,33,15.05,450.63,8.24,143.1,8,5.0,USD,"Standard order, no special handling requested by the buyer.",2024-09
ORD-100325,2024-08-19,2024-08-26,10877,user1627@example.com,East,United States,12155,Online,Bakery,2,7.91,15.15,16.56,1.29,3,5.0,USD,Customer requested split delivery across two addresses.,2024-08
ORD-102638,2024-11-11,2024-11-11,11240,user1428@example.com,West,United States,97374,Online,Produce,19,13.94,254.17,5.88,87.8,7,4.7,USD,,2024-11
ORD-101315,2023-08-20,2023-08-22,12126,user1856@example.com,North,United States,61466,Online,Beverages,21,24.2,486.84,9.85,158.17,2,5.0,USD,Escalated to the regional service desk for a damaged pallet.,2023-08
ORD-102910,2024-09-09,2024-09-18,12193,user2645@example.com,East,United States,63823,Online,Frozen,10,14.21,128.4,6.87,44.98,11,3.6,USD,Customer requested split delivery across two addresses.,2024-09
ORD-100439,2024-04-06,2024-04-12,11478,user2976@example.com,North,United States,10726,Retail,Beverages,34,43.24,1835.9,12.59,562.21,12,4.5,USD,Escalated to the regional service desk for a damaged pallet.,2024-04
ORD-102121,2024-03-26,2024-04-04,10433,user2395@example.com,North,United States,46120,Retail,Bakery,12,21.13,316.69,10.01,103.78,9,3.9,USD,,2024-03
ORD-100522,2023-08-06,2023-08-15,10345,user355@example.com,North,Mexico,14903,Online,Bakery,25,33.67,850.79,8.22,276.03,5,4.1,USD,"Standard order, no special handling requested by the buyer.",2023-08
ORD-102631,2024-07-24,2024-07-31,11728,user463@example.com,North,United States,66764,Online,Frozen,39,39.77,1650.13,16.11,489.33,10,4.0,USD,Escalated to the regional service desk for a damaged pallet.,2024-07
ORD-103286,2024-01-15,2024-01-16,11699,user2231@example.com,East,United States,54361,Online,Household,29,30.89,1124.54,0.0,382.46,6,4.2,USD,Escalated to the regional service desk for a damaged pallet.,2024-01
ORD-100077,2023-02-25,2023-03-03,10994,user2764@example.com,West,United States,80870,Online,Snacks,31,12.77,563.06,6.3,187.0,10,4.2,USD,"Standard order, no special handling requested by the buyer.",2023-02
ORD-103701,2023-05-06,2023-05-11,10054,user189@example.com,north ,United States,15992,Online,Dairy,20,37.34,1063.27,10.75,328.77,9,4.4,USD,,2023-05
ORD-101298,2024-09-20,2024-09-22,11057,user1799@example.com,North,Mexico,29460,Retail,Frozen,35,32.48,856.59,7.38,278.32,8,3.1,USD,Escalated to the regional service desk for a damaged pallet.,2024-09
ORD-103905,2024-07-09,2024-07-12,11316,user2285@example.com,North,Canada,49388,Retail,Dairy,23,33.2,735.77,15.21,218.35,1,5.0,USD,Escalated to the regional service desk for a damaged pallet.,2024-07
ORD-102131,2023-10-07,2023-10-12,11519,user564@example.com,South,Canada,72202,Online,Snacks,22,18.69,364.6,4.84,118.47,11,3.7,USD,,2023-10
ORD-103160,2023-12-06,2023-12-13,10284,user1412@example.com,West,Canada,13170,Retail,Snacks,11,15.24,150.16,18.98,45.33,0,5.0,USD,"Standard order, no special handling requested by the buyer.",2023-12
ORD-101103,2023-12-06,2023-12-17,11255,user868@example.com,north ,Mexico,61552,Online,Dairy,1,44.0,46.5,10.41,18.29,4,3.9,USD,Customer requested split delivery across two addresses.,2023-12
ORD-101136,2023-08-26,2023-08-26,12309,user2893@example.com,South,Mexico,37784,Wholesale,Beverages,3,18.47,59.53,12.44,11.02,5,4.0,USD,"Standard order, no special handling requested by the buyer.",2023-08
ORD-101211,2023-09-06,2023-09-10,10981,user2690@example.com,West,United States,44175,Wholesale,Dairy,13,24.47,331.68,5.13,104.65,2,3.8,USD,"Standard order, no special handling requested by the buyer.",2023-09
ORD-101005,2024-04-09,2024-04-14,11038,user2696@example.com,East,Canada,65962,Online,Beverages,4,16.97,99.9,5.4,35.9,4,4.4,USD,,2024-04
ORD-102663,2024-04-25,2024-04-27,11542,user852@example.com,North,United States,39142,Online,Frozen,35,39.0,1977.38,8.22,632.45,6,4.0,USD,Customer requested split delivery across two addresses.,2024-04
ORD-101444,2024-02-27,2024-02-28,10645,user1202@example.com,South,United States,67477,Online,Produce,29,20.59,852.66,13.6,255.41,3,4.0,USD,Escalated to the regional service desk for a damaged pallet.,2024-02
ORD-102854,2023-05-31,2023-05-31,10028,user110@example.com,North,Canada,28646,Online,Bakery,35,24.47,1141.0,13.44,352.1,3,3.8,USD,Customer requested split delivery across two addresses.,2023-05
ORD-102309,2023-04-20,2023-04-25,12346,user2145@example.com,East,Canada,42082,Retail,Beverages,20,55.77,1379.85,4.01,461.69,1,3.2,USD,Customer requested split delivery across two addresses.,2023-04
ORD-103225,2023-03-05,2023-03-07,10116,user1768@example.com,North,United States,33786,Retail,Bakery,29,18.4,652.59,14.56,196.08,6,4.6,USD,Escalated to the regional service desk for a damaged pallet.,2023-03
ORD-102491,2024-11-02,2024-11-11,11484,user1450@example.com,South,United States,71829,Retail,Household,33,25.96,676.64,8.64,216.82,9,3.3,USD,,2024-11
ORD-101692,2023-12-07,2023-12-08,12238,user2534@example.com,South,United States,87532,Online,Produce,17,19.86,358.4,16.45,100.31,13,4.5,USD,Customer requested split delivery across two addresses.,2023-12
ORD-101753,2024-03-20,2024-03-30,11764,user2628@example.com,North,Canada,24773,Partner,Beverages,13,32.15,468.44,7.45,156.31,1,4.4,USD,Customer requested split delivery across two addresses.,2024-03
ORD-100969,2024-03-24,2024-03-28,11298,user2125@example.com,North,Canada,65583,Retail,Frozen,14,33.41,583.77,13.34,178.56,5,3.4,USD,,2024-03
ORD-100431,2023-07-22,2023-07-31,12315,user929@example.com,West,United States,91851,Online,Bakery,38,24.22,992.19,11.05,306.77,7,3.5,USD,Customer requested split delivery across two addresses.,2023-07
ORD-100449,2023-05-05,2023-05-14,10491,user2101@example.com,West,Canada,18167,Online,Snacks,7,25.07,250.35,8.76,81.75,8,3.5,USD,"Standard order, no special handling requested by the buyer.",2023-05
ORD-103431,2024-07-25,2024-07-31,11433,user2365@example.com,north ,Canada,42349,Online,Household,38,18.81,757.12,10.2,241.62,3,3.9,USD,Escalated to the regional service desk for a damaged pallet.,2024-07
ORD-102834,2023-09-10,2023-09-18,11192,user745@example.com,South,United States,20754,Wholesale,Produce,15,14.37,222.84,7.14,69.18,2,4.2,USD,"Standard order, no special handling requested by the buyer.",2023-09
ORD-102072,2023-03-31,2023-04-04,11315,user2368@example.com,East,Canada,62978,Partner,Produce,38,25.67,1097.34,6.09,358.93,11,3.8,USD,,2023-03
ORD-100543,2024-05-19,2024-05-30,11425,user1032@example.com,North,United States,40750,Online,Household,18,35.02,868.06,13.37,261.94,12,3.1,USD,,2024-05
ORD-103447,2023-07-10,2023-07-19,11697,user2042@example.com,South,Mexico,69158,Retail,Snacks,15,33.4,482.74,9.97,150.02,9,3.0,USD,Customer requested split delivery across two addresses.,2023-07
ORD-101767,2023-11-28,2023-12-03,10882,user1960@example.com,North,United States,95987,Online,Dairy,13,28.1,373.08,7.2,118.91,7,4.0,USD,Customer requested split delivery across two addresses.,2023-11
ORD-100650,2023-04-19,2023-04-25,10414,user2326@example.com,North,United States,49624,Online,Frozen,14,26.37,539.5,1.21,182.1,3,4.7,USD,Escalated to the regional service desk for a damaged pallet.,2023-04
ORD-100952,2023-08-02,2023-08-02,12411,user2603@example.com,North,United States,31837,Retail,Beverages,3,26.25,68.59,14.31,17.64,2,3.2,USD,,2023-08
ORD-100687,2023-06-17,2023-06-20,10607,user2357@example.com,South,Canada,55364,Retail,Produce,34,32.74,1181.9,1.48,396.66,8,3.8,USD,,2023-06
ORD-101944,2023-10-29,2023-10-30,11773,user1365@example.com,North,Canada,95438,Retail,Household,25,10.3,200.59,10.97,64.5,3,5.0,USD,Customer requested split delivery across two addresses.,2023-10
ORD-103254,2023-02-15,2023-02-24,10012,user2539@example.com,north ,United States,40544,Wholesale,Produce,33,62.17,3262.44,13.77,996.56,5,4.1,USD,,2023-02
ORD-101114,2023-12-30,2024-01-07,10931,user1015@example.com,North,Mexico,86415,Online,Beverages,24,27.21,767.27,6.88,242.13,13,4.0,USD,Customer requested split delivery across two addresses.,2023-12
ORD-101985,2023-08-13,2023-08-14,12270,user2578@example.com,North,United States,57138,Online,Bakery,28,24.33,669.61,11.38,215.0,7,3.9,USD,Escalated to the regional service desk for a damaged pallet.,2023-08
ORD-101962,2023-07-30,2023-08-01,10195,user897@example.com,South,United States,40873,Online,Frozen,7,22.53,164.18,1.23,59.32,10,3.3,USD,"Standard order, no special handling requested by the buyer.",2023-07
ORD-102260,2024-07-05,2024-07-11,11037,user2440@example.com,West,United States,61608,Online,Bakery,19,45.12,992.02,0.0,333.72,3,5.0,USD,"Standard order, no special handling requested by the buyer.",2024-07
ORD-103105,2024-06-25,2024-07-06,10669,user713@example.com,North,United States,11474,Retail,Beverages,27,11.52,318.39,14.37,98.34,5,4.8,USD,,2024-06
ORD-100881,2023-12-22,2023-12-25,12434,user1203@example.com,East,Canada,47656,Online,Dairy,8,13.35,121.16,18.73,34.81,13,3.4,USD,,2023-12
ORD-103628,2024-11-01,2024-11-06,11343,user1814@example.com,North,United States,79328,Retail,Beverages,20,22.24,350.3,13.83,102.97,6,4.7,USD,Escalated to the regional service desk for a damaged pallet.,2024-11
ORD-103303,2023-10-05,2023-10-14,10575,user1206@example.com,West,United States,99273,Online,Bakery,27,17.48,418.06,16.1,116.03,2,3.3,USD,,2023-10
ORD-103861,2024-08-06,2024-08-17,12099,user916@example.com,,United States,30941,Retail,Frozen,8,17.15,117.04,11.26,39.4,10,5.0,USD,,2024-08
ORD-103676,2023-06-05,2023-06-12,11727,user1511@example.com,East,United States,99447,Retail,Produce,27,20.86,625.25,5.57,205.94,9,3.8,USD,Customer requested split delivery across two addresses.,2023-06
ORD-101566,2023-01-23,2023-01-27,10020,user616@example.com,North,United States,11954,Retail,Beverages,18,30.88,609.43,7.74,189.4,12,3.4,USD,Escalated to the regional service desk for a damaged pallet.,2023-01
ORD-101705,2023-05-13,2023-05-17,10054,user2906@example.com,North,Canada,36407,Retail,Household,14,34.8,578.87,8.24,193.86,1,3.9,USD,Escalated to the regional service desk for a damaged pallet.,2023-05
ORD-102236,2023-12-08,2023-12-11,11185,user1590@example.com,West,Mexico,23889,Partner,Snacks,26,18.24,385.66,3.51,127.32,3,3.1,USD,Escalated to the regional service desk for a damaged pallet.,2023-12
ORD-103475,2023-02-28,2023-03-07,10002,user73@example.com,West,Canada,11906,Online,Snacks,14,33.25,665.99,9.02,210.98,10,3.8,USD,Customer requested split delivery across two addresses.,2023-02
ORD-101431,2024-04-26,2024-04-27,10738,user1130@example.com,North,United States,40553,Retail,Dairy,34,19.07,794.81,9.34,247.52,7,,USD,"Standard order, no special handling requested by the buyer.",2024-04
ORD-103195,2023-11-27,2023-11-29,11296,user911@example.com,South,United States,91162,Retail,Dairy,6,28.1,145.31,7.97,45.33,7,4.3,USD,Escalated to the regional service desk for a damaged pallet.,2023-11
ORD-102647,2024-11-25,2024-11-28,10482,user377@example.com,South,United States,15682,Online,Dairy,5,21.33,108.02,9.99,27.93,4,3.5,USD,"Standard order, no special handling requested by the buyer.",2024-11
ORD-101161,2023-05-02,2023-05-04,11237,user291@example.com,West,United States,10361,Wholesale,Produce,19,16.48,513.93,2.5,174.98,3,3.8,USD,"Standard order, no special handling requested by the buyer.",2023-05
ORD-100610,2023-04-22,2023-05-02,11709,user152@example.com,north ,Mexico,16992,Partner,Bakery,24,15.17,404.42,10.99,130.19,13,4.6,USD,Escalated to the regional service desk for a damaged pallet.,2023-04
ORD-100083,2023-11-02,2023-11-08,11027,user1777@example.com,East,United States,92224,Online,Dairy,29,16.63,448.18,6.19,141.45,4,3.2,USD,"Standard order, no special handling requested by the buyer.",2023-11
ORD-101471,2024-07-06,2024-07-10,12158,user2555@example.com,West,Mexico,25550,Partner,Beverages,12,8.1,85.41,3.79,27.01,10,4.0,USD,"Standard order, no special handling requested by the buyer.",2024-07
ORD-102227,2023-04-30,2023-05-05,10274,user1845@example.com,West,United States,46521,Online,Produce,17,27.78,679.87,10.28,214.14,5,3.8,USD,Customer requested split delivery across two addresses.,2023-04
ORD-102365,2024-06-24,2024-07-02,11967,user373@example.com,East,Mexico,57558,Online,Snacks,32,67.16,2606.75,7.45,837.63,11,3.8,USD,Customer requested split delivery across two addresses.,2024-06
ORD-100838,2023-11-08,2023-11-08,11253,user202@example.com,North,United States,72381,Online,Produce,15,11.72,166.42,6.47,60.67,2,4.1,USD,Customer requested split delivery across two addresses.,2023-11
ORD-103603,2024-06-10,2024-06-13,12238,user2442@example.com,West,United States,63459,Partner,Frozen,14,19.37,265.15,0.0,96.05,1,4.3,USD,Customer requested split delivery across two addresses.,2024-06
ORD-102984,2023-02-26,2023-03-05,11616,user1613@example.com,East,Mexico,10621,Retail,Household,9,22.25,241.86,0.0,84.28,11,5.0,USD,,2023-02
ORD-100810,2024-01-03,2024-01-08,11388,user2940@example.com,West,United States,60266,Online,Beverages,14,21.49,359.6,8.39,118.6,7,3.9,USD,Escalated to the regional service desk for a damaged pallet.,2024-01
ORD-103797,2024-01-31,2024-02-06,10260,user2266@example.com,West,United States,67916,Partner,Bakery,13,20.14,265.6,16.12,78.86,1,2.5,USD,Escalated to the regional service desk for a damaged pallet.,2024-01
ORD-102084,2024-02-17,2024-02-28,12162,user2693@example.com,South,United States,55853,Retail,Frozen,25,41.13,1217.3,7.27,383.87,5,3.8,USD,"Standard order, no special handling requested by the buyer.",2024-02
ORD-100329,2023-07-21,2023-07-22,11811,user2345@example.com,East,United States,73387,Retail,Bakery,17,9.1,141.96,2.38,48.0,5,3.7,USD,Customer requested split delivery across two addresses.,2023-07
ORD-103185,2023-02-03,2023-02-04,10095,user579@example.com,North,Canada,15739,Wholesale,Snacks,34,38.56,2014.34,9.57,639.79,13,3.6,USD,Customer requested split delivery across two addresses.,2023-02
ORD-103694,2023-01-05,2023-01-15,11732,user640@example.com,North,United States,78797,Online,Household,14,12.07,203.68,9.61,64.26,1,4.5,USD,,2023-01
ORD-101329,2023-09-26,2023-10-03,11870,user580@example.com,East,United States,73169,Retail,Produce,21,18.41,290.28,3.32,94.25,2,3.5,USD,"Standard order, no special handling requested by the buyer.",2023-09
ORD-103528,2023-05-09,2023-05-14,10231,user841@example.com,North,United States,79239,Retail,Beverages,23,52.33,1443.16,17.89,425.79,12,,USD,"Standard order, no special handling requested by the buyer.",2023-05
ORD-102282,2023-05-09,2023-05-11,12074,user489@example.com,West,Canada,35926,Online,Dairy,26,32.0,1177.18,4.27,387.78,9,3.8,USD,Customer requested split delivery across two addresses.,2023-05
ORD-101757,2024-10-10,2024-10-17,12200,user1880@example.com,West,United States,24375,Retail,Snacks,21,28.44,450.25,3.76,152.75,9,4.2,USD,"Standard order, no special handling requested by the buyer.",2024-10
ORD-101190,2023-02-07,2023-02-18,11952,user2552@example.com,SOUTH,United States,63438,Online,Frozen,28,28.6,1088.69,4.28,357.9,7,3.4,USD,Escalated to the regional service desk for a damaged pallet.,2023-02
ORD-102646,2024-02-01,2024-02-08,10403,user1605@example.com,South,United States,53260,Wholesale,Bakery,20,16.13,492.5,14.33,145.55,13,3.7,USD,Escalated to the regional service desk for a damaged pallet.,2024-02
ORD-101721,2023-02-02,2023-02-04,10767,user1557@example.com,South,Mexico,78307,Partner,Beverages,38,20.12,780.65,0.0,263.04,8,4.9,USD,,2023-02
ORD-103230,2024-05-05,2024-05-10,11169,user1671@example.com,North,United States,32315,Online,Bakery,26,70.54,2611.26,11.89,811.98,12,4.8,USD,Customer requested split delivery across two addresses.,2024-05
ORD-102588,2023-08-15,2023-08-20,11316,user2309@example.com,East,United States,41732,Online,Beverages,25,6.71,163.64,11.25,44.36,1,4.2,USD,Customer requested split delivery across two addresses.,2023-08
ORD-100137,2023-10-05,2023-10-11,12340,user1801@example.com,East,Mexico,18507,Retail,Frozen,18,35.12,474.54,3.85,153.17,8,4.0,USD,,2023-10
ORD-102217,2023-07-23,2023-08-03,10569,user2860@example.com,South,United States,25683,Retail,Bakery,14,27.13,345.47,1.01,119.37,4,3.8,USD,Escalated to the regional service desk for a damaged pallet.,2023-07
ORD-100171,2024-06-11,2024-06-22,11705,user2586@example.com,East,United States,64930,Online,Produce,9,40.57,466.34,11.62,142.05,12,5.0,USD,Escalated to the regional service desk for a damaged pallet.,2024-06
ORD-102081,2024-11-28,2024-12-09,11539,user1764@example.com,North,United States,33319,Online,Beverages,22,24.16,545.12,11.54,170.56,9,4.2,USD,Customer requested split delivery across two addresses.,2024-11
ORD-102695,2024-01-01,2024-01-04,12397,user2123@example.com,North,United States,15140,Retail,Produce,15,30.39,457.81,3.65,148.95,1,3.4,USD,,2024-01
ORD-103717,2023-07-31,2023-07-31,11282,user2006@example.com,West,United States,31688,Wholesale,Produce,24,19.05,542.19,11.78,169.01,2,2.7,USD,,2023-07
ORD-100641,2024-03-16,2024-03-20,10494,user406@example.com,West,United States,25027,Online,Produce,31,32.11,1458.17,5.98,476.39,13,4.4,USD,Customer requested split delivery across two addresses.,2024-03
ORD-103966,2023-11-04,2023-11-05,10184,user471@example.com,South,United States,69858,Online,Frozen,31,50.15,1453.29,19.5,421.07,13,3.6,USD,"Standard order, no special handling requested by the buyer.",2023-11
ORD-102484,2024-05-16,2024-05-25,10908,user3@example.com,South,Canada,63748,Online,Beverages,30,7.81,325.24,16.51,101.06,10,4.2,USD,,2024-05
ORD-101617,2024-06-15,2024-06-20,11783,user929@example.com,North,United States,10405,Wholesale,Dairy,2,42.66,122.77,5.0,35.33,5,5.0,USD,Customer requested split delivery across two addresses.,2024-06
ORD-100592,2024-10-01,2024-10-07,11822,user80@example.com,North,United States,97991,Online,Snacks,32,25.58,724.48,7.21,233.01,2,4.4,USD,Customer requested split delivery across two addresses.,2024-10
ORD-102860,2023-08-10,2023-08-19,10967,user493@example.com,North,United States,81142,Online,Produce,38,27.98,1057.41,9.76,336.11,9,3.6,USD,,2023-08
ORD-103816,2023-08-19,2023-08-24,10242,user1317@example.com,North,Mexico,46336,Online,Frozen,30,11.03,318.11,4.42,104.3,10,3.3,USD,Customer requested split delivery across two addresses.,2023-08
ORD-100394,2024-11-13,2024-11-14,12010,user866@example.com,West,Canada,25242,Wholesale,Household,22,31.09,756.32,1.94,252.67,9,5.0,USD,,2024-11
ORD-102649,2024-08-07,2024-08-18,11458,user1628@example.com,SOUTH,United States,54564,Online,Dairy,22,35.88,791.35,12.72,235.9,4,4.2,USD,Customer requested split delivery across two addresses.,2024-08
ORD-103991,2024-06-21,2024-06-22,10934,user665@example.com,North,United States,95391,Online,Frozen,32,22.93,901.08,10.43,285.31,5,3.6,USD,Escalated to the regional service desk for a damaged pallet.,2024-06
ORD-100661,2024-10-29,2024-11-05,10149,user2657@example.com,East,Mexico,98977,Retail,Dairy,2,76.05,118.79,7.16,43.17,13,4.2,USD,Escalated to the regional service desk for a damaged pallet.,2024-10
ORD-102380,2023-01-07,2023-01-17,12185,user808@example.com,South,United States,21118,Retail,Household,31,40.21,1283.97,5.35,417.1,11,4.4,USD,Escalated to the regional service desk for a damaged pallet.,2023-01
ORD-103427,2023-07-15,2023-07-15,12207,user984@example.com,West,United States,36951,Retail,Snacks,27,20.06,510.44,4.21,169.31,6,3.2,USD,Escalated to the regional service desk for a damaged pallet.,2023-07
ORD-101577,2024-06-30,2024-07-02,12246,user1207@example.com,North,United States,75715,Online,Household,13,33.5,515.0,0.0,172.33,7,5.0,USD,Customer requested split delivery across two addresses.,2024-06
ORD-102820,2024-08-23,2024-08-30,12051,user1909@example.com,SOUTH,United States,23862,Online,Bakery,29,26.74,732.91,8.07,231.24,6,3.0,USD,,2024-08
ORD-100762,2024-09-22,2024-09-25,11909,user2268@example.com,North,United States,21661,Partner,Beverages,32,25.08,543.33,11.88,170.42,8,3.3,USD,"Standard order, no special handling requested by the buyer.",2024-09
ORD-103344,2024-06-18,2024-06-22,10386,user253@example.com,West,Mexico,20742,Online,Frozen,17,19.56,413.32,6.53,130.01,6,3.6,USD,Escalated to the regional service desk for a damaged pallet.,2024-06
ORD-102717,2024-11-18,2024-11-25,10486,user2770@example.com,West,United States,74851,Partner,Snacks,32,13.71,329.54,8.19,108.18,2,4.2,USD,Escalated to the regional service desk for a damaged pallet.,2024-11
ORD-100261,2024-03-29,2024-04-03,12186,user1589@example.com,East,Canada,27517,Retail,Frozen,11,24.24,333.25,15.5,95.6,1,4.1,USD,"Standard order, no special handling requested by the buyer.",2024-03
ORD-100026,2024-07-27,2024-07-31,11486,user1921@example.com,North,United States,54692,Partner,Frozen,18,26.99,389.09,4.43,126.82,4,4.3,USD,Escalated to the regional service desk for a damaged pallet.,2024-07
ORD-101094,2023-11-25,2023-12-04,11861,user1583@example.com,East,Canada,41986,Online,Bakery,31,32.42,1013.73,9.52,320.28,9,4.0,USD,,2023-11
ORD-100552,2024-08-17,2024-08-18,11237,user1901@example.com,South,United States,79521,Online,Beverages,20,32.47,626.53,12.83,190.04,12,4.6,USD,Customer requested split delivery across two addresses.,2024-08
ORD-103443,2023-06-11,2023-06-22,10438,user1772@example.com,north ,United States,25141,Retail,Dairy,7,22.64,172.17,5.5,55.76,4,3.6,USD,Escalated to the regional service desk for a damaged pallet.,2023-06
ORD-100977,2023-08-06,2023-08-14,10796,user2922@example.com,North,United States,98883,Retail,Beverages,18,30.7,473.33,7.21,152.11,13,4.3,USD,,2023-08
ORD-101796,2024-07-12,2024-07-16,11296,user2592@example.com,North,United States,12440,Online,Produce,13,9.59,139.88,0.97,44.33,2,4.5,USD,Escalated to the regional service desk for a damaged pallet.,2024-07
ORD-102246,2023-10-15,2023-10-22,11499,user2888@example.com,North,United States,95493,Partner,Dairy,7,26.07,124.41,0.82,45.04,13,3.9,USD,Escalated to the regional service desk for a damaged pallet.,2023-10
ORD-100489,2024-01-19,2024-01-26,10257,user1347@example.com,North,United States,79012,Retail,Bakery,12,21.4,277.43,0.0,92.41,1,5.0,USD,"Standard order, no special handling requested by the buyer.",2024-01
ORD-102567,2024-11-07,2024-11-18,11227,user972@example.com,West,United States,31166,Retail,Bakery,34,20.91,570.36,3.35,193.03,2,4.9,USD,"Standard order, no special handling requested by the buyer.",2024-11
ORD-103238,2023-03-28,2023-03-28,11071,user1669@example.com,North,United States,66742,Wholesale,Produce,2,51.64,174.19,6.5,53.68,6,5.0,USD,Escalated to the regional service desk for a damaged pallet.,2023-03
ORD-100518,2024-03-06,2024-03-14,11799,user2387@example.com,South,Canada,40201,Online,Snacks,7,21.09,213.7,9.75,67.76,9,4.3,USD,Customer requested split delivery across two addresses.,2024-03
ORD-101349,2023-08-02,2023-08-08,11292,user283@example.com,East,Mexico,95980,Online,Dairy,10,17.42,179.04,8.66,64.11,4,4.9,USD,Escalated to the regional service desk for a damaged pallet.,2023-08
ORD-102262,2023-03-17,2023-03-24,10120,user2680@example.com,South,United States,27100,Partner,Beverages,34,28.18,1070.5,0.0,362.76,3,4.1,USD,"Standard order, no special handling requested by the buyer.",2023-03
ORD-102851,2023-05-25,2023-06-02,11254,user1513@example.com,SOUTH,Mexico,55447,Wholesale,Snacks,33,10.55,540.69,2.6,181.91,7,4.1,USD,Customer requested split delivery across two addresses.,2023-05
ORD-102399,2023-06-18,2023-06-18,11539,user1014@example.com,East,United States,30243,Wholesale,Frozen,24,25.6,877.2,13.24,268.56,0,4.2,USD,Escalated to the regional service desk for a damaged pallet.,2023-06
ORD-102394,2024-10-21,2024-10-28,10325,user1269@example.com,South,United States,69090,Online,Snacks,2,23.02,41.64,10.5,5.63,12,3.1,USD,Customer requested split delivery across two addresses.,2024-10
ORD-100804,2023-11-21,2023-11-23,11310,user1545@example.com,North,United States,20081,Online,Produce,4,40.38,160.32,14.51,49.66,6,2.7,USD,Escalated to the regional service desk for a damaged pallet.,2023-11
ORD-103384,2024-09-05,2024-09-13,12142,user1936@example.com,South,Mexico,13739,Online,Snacks,4,17.73,64.63,4.97,21.34,2,3.7,USD,,2024-09
ORD-100286,2024-10-22,2024-10-31,10557,user1475@example.com,South,United States,52682,Online,Snacks,18,28.27,461.22,14.53,135.08,13,3.5,USD,,2024-10
ORD-103727,2024-04-13,2024-04-22,11357,user2188@example.com,South,United States,16045,Retail,Bakery,9,8.14,91.14,9.73,24.12,2,3.9,USD,,2024-04
ORD-102001,2024-02-27,2024-02-29,10449,user2020@example.com,South,United States,67053,Online,Bakery,36,26.44,1359.21,4.49,443.21,6,3.9,USD,Escalated to the regional service desk for a damaged pallet.,2024-02
ORD-100962,2023-01-11,2023-01-19,11308,user1714@example.com,North,Canada,23809,Online,Dairy,6,33.66,249.53,7.83,84.23,5,5.0,USD,Escalated to the regional service desk for a damaged pallet.,2023-01
ORD-102351,2023-04-30,2023-05-03,12237,user1391@example.com,South,United States,39698,Partner,Household,16,20.27,356.1,17.07,106.66,10,3.3,USD,Customer requested split delivery across two addresses.,2023-04
ORD-100646,2024-10-30,2024-11-03,11146,user2923@example.com,North,United States,71367,Partner,Dairy,2,38.66,54.5,7.11,15.93,8,5.0,USD,Customer requested split delivery across two addresses.,2024-10
ORD-100464,2024-04-04,2024-04-14,10030,user1395@example.com,South,United States,97336,Online,Frozen,20,21.96,647.55,9.27,201.23,2,,USD,Customer requested split delivery across two addresses.,2024-04
ORD-102056,2024-06-07,2024-06-12,10309,user1445@example.com,North,Mexico,92276,Retail,Beverages,30,26.51,873.56,3.08,295.7,3,3.9,USD,"Standard order, no special handling requested by the buyer.",2024-06
ORD-103506,2024-11-05,2024-11-11,12302,user1298@example.com,East,Mexico,80668,Retail,Snacks,17,41.68,564.8,7.95,183.56,13,3.3,USD,Customer requested split delivery across two addresses.,2024-11
ORD-103534,2024-06-10,2024-06-15,11669,user371@example.com,North,United States,18158,Retail,Snacks,8,36.27,315.23,12.65,94.44,4,4.7,USD,"Standard order, no special handling requested by the buyer.",2024-06
ORD-102986,2023-03-21,2023-03-23,10866,user1691@example.com,West,Mexico,75102,Wholesale,Dairy,38,14.13,902.7,2.36,298.51,6,3.3,USD,Escalated to the regional service desk for a damaged pallet.,2023-03
ORD-103724,2024-05-09,2024-05-12,11429,user2031@example.com,East,United States,70785,Online,Bakery,5,10.84,76.52,12.12,,3,4.6,USD,,2024-05
ORD-101956,2023-01-07,2023-01-12,12091,user748@example.com,,United States,78912,Retail,Household,27,28.89,803.47,1.02,277.83,1,2.8,USD,,2023-01
ORD-101876,2024-06-25,2024-06-26,10583,user2634@example.com,East,Mexico,69191,Wholesale,Produce,13,29.16,523.85,6.77,167.43,6,4.7,USD,Escalated to the regional service desk for a damaged pallet.,2024-06
ORD-100423,2023-07-05,2023-07-10,10114,user1637@example.com,West,Mexico,97554,Online,Snacks,30,13.89,484.3,6.26,158.91,4,3.9,USD,Customer requested split delivery across two addresses.,2023-07
ORD-100457,2023-01-18,2023-01-18,10287,user2298@example.com,East,United States,30630,Partner,Produce,11,21.61,230.25,11.72,64.77,12,4.3,USD,"Standard order, no special handling requested by the buyer.",2023-01
ORD-100751,2023-01-05,2023-01-16,11231,user1640@example.com,East,Mexico,60339,Retail,Household,28,30.12,861.48,5.71,279.88,12,3.5,USD,"Standard order, no special handling requested by the buyer.",2023-01
ORD-100665,2023-04-01,2023-04-11,11428,user855@example.com,West,United States,11079,Wholesale,Dairy,31,17.6,920.7,7.25,299.97,9,3.0,USD,"Standard order, no special handling requested by the buyer.",2023-04
ORD-103928,2023-12-11,2023-12-20,11717,user1286@example.com,North,United States,71410,Partner,Snacks,5,16.68,68.73,21.88,15.75,3,4.3,USD,Customer requested split delivery across two addresses.,2023-12
ORD-102849,2023-03-03,2023-03-13,10301,user1653@example.com,North,United States,83248,Retail,Frozen,4,31.77,154.91,10.19,51.07,9,4.5,USD,"Standard order, no special handling requested by the buyer.",2023-03
ORD-100514,2023-02-25,2023-03-01,12077,user2539@example.com,North,United States,55747,Retail,Beverages,7,19.87,167.65,10.94,55.78,4,3.6,USD,,2023-02
ORD-101711,2023-02-21,2023-02-27,12158,user2130@example.com,South,United States,76928,Online,Beverages,23,28.06,910.11,16.21,271.01,5,5.0,USD,Escalated to the regional service desk for a damaged pallet.,2023-02
ORD-103830,2024-08-29,2024-09-01,10005,user1997@example.com,North,United States,86231,Online,Household,29,5.9,158.78,15.57,47.74,13,3.8,USD,"Standard order, no special handling requested by the buyer.",2024-08
ORD-103601,2024-05-27,2024-05-28,12461,user2683@example.com,East,Canada,38330,Retail,Snacks,38,30.12,1304.68,13.73,400.83,7,4.2,USD,Escalated to the regional service desk for a damaged pallet.,2024-05
ORD-102132,2023-07-20,2023-07-26,11939,user1333@example.com,East,United States,14727,Retail,Household,36,24.22,803.67,5.98,263.81,12,4.3,USD,"Standard order, no special handling requested by the buyer.",2023-07
ORD-102342,2024-05-29,2024-06-02,12065,user353@example.com,East,United States,31762,Online,Bakery,4,16.7,89.28,0.68,29.74,1,4.7,USD,"Standard order, no special handling requested by the buyer.",2024-05
ORD-100779,2024-10-22,2024-10-29,11084,user707@example.com,South,Canada,39458,Online,Beverages,6,25.34,137.81,5.04,44.73,9,4.4,USD,Escalated to the regional service desk for a damaged pallet.,2024-10
ORD-100921,2024-07-11,2024-07-21,11648,user1592@example.com,West,United States,86040,Online,Bakery,7,31.56,248.97,0.0,78.99,1,4.3,USD,Customer requested split delivery across two addresses.,2024-07
ORD-103477,2024-10-10,2024-10-16,10146,user2544@example.com,North,United States,80125,Online,Snacks,5,24.48,108.88,15.31,33.91,1,4.0,USD,Escalated to the regional service desk for a damaged pallet.,2024-10
ORD-103328,2024-10-10,2024-10-18,10600,user590@example.com,South,United States,46605,Online,Snacks,19,14.41,243.56,5.44,83.13,8,3.9,USD,Escalated to the regional service desk for a damaged pallet.,2024-10
ORD-102170,2024-08-16,2024-08-17,12188,user2011@example.com,North,United States,29980,Online,Bakery,12,20.7,240.52,13.78,74.51,8,4.9,USD,Escalated to the regional service desk for a damaged pallet.,2024-08
ORD-101980,2023-11-05,2023-11-12,11923,user2771@example.com,North,United States,62212,Online,Dairy,6,19.83,111.56,11.54,33.41,7,4.2,USD,"Standard order, no special handling requested by the buyer.",2023-11
ORD-101088,2023-08-22,2023-08-23,11844,user15@example.com,East,United States,71527,Online,Frozen,24,15.69,358.26,8.72,112.16,4,3.0,USD,"Standard order, no special handling requested by the buyer.",2023-08
ORD-103292,2023-12-28,2024-01-08,11540,user1468@example.com,north ,United States,17839,Retail,Household,36,55.27,1964.04,4.19,651.48,8,4.2,USD,,2023-12
ORD-100442,2024-05-02,2024-05-12,10680,user283@example.com,South,United States,98891,Online,Beverages,2,21.69,62.12,9.88,13.44,6,4.9,USD,Escalated to the regional service desk for a damaged pallet.,2024-05
ORD-102664,2024-05-04,2024-05-15,11567,user1487@example.com,north ,Canada,28793,Retail,Dairy,1,37.87,45.78,9.85,14.44,2,4.7,USD,"Standard order, no special handling requested by the buyer.",2024-05
ORD-102818,2023-02-21,2023-02-21,10728,user1583@example.com,South,United States,11435,Online,Produce,36,21.8,1106.71,9.06,346.61,2,5.0,USD,Customer requested split delivery across two addresses.,2023-02
ORD-103023,2023-03-06,2023-03-17,11441,user1799@example.com,East,United States, 90210 ,Online,Beverages,19,23.11,634.66,6.32,206.45,12,3.8,USD,Escalated to the regional service desk for a damaged pallet.,2023-03
ORD-100324,2023-05-10,2023-05-16,10755,user2045@example.com,North,Mexico,89403,Retail,Produce,33,12.68,500.63,10.4,158.62,5,3.9,USD,Escalated to the regional service desk for a damaged pallet.,2023-05
ORD-102542,2023-08-28,2023-09-05,12067,user2494@example.com,North,Mexico,91634,Online,Dairy,23,23.58,506.22,3.62,165.01,4,4.6,USD,Escalated to the regional service desk for a damaged pallet.,2023-08
ORD-103836,2024-09-12,2024-09-21,12430,user2994@example.com,North,United States,78948,Online,Bakery,28,49.71,1250.83,5.43,402.61,6,2.6,USD,"Standard order, no special handling requested by the buyer.",2024-09
ORD-103136,2024-04-10,2024-04-18,10995,user236@example.com,South,United States,76549,Partner,Dairy,29,9.83,319.8,11.6,91.96,5,4.0,USD,Escalated to the regional service desk for a damaged pallet.,2024-04
ORD-101585,2024-11-21,2024-11-23,10820,user2143@example.com,north ,United States,85029,Wholesale,Beverages,24,14.36,392.91,9.45,121.73,5,4.1,USD,"Standard order, no special handling requested by the buyer.",2024-11
ORD-100523,2023-07-01,2023-07-06,10635,user60@example.com,South,United States,77093,Wholesale,Beverages,22,38.39,1142.64,3.92,382.46,10,2.5,USD,"Standard order, no special handling requested by the buyer.",2023-07
ORD-101244,2024-07-11,2024-07-22,10568,user70@example.com,West,United States,62964,Retail,Produce,14,21.68,289.88,9.33,96.06,12,5.0,USD,"Standard order, no special handling requested by the buyer.",2024-07
ORD-100018,2024-08-09,2024-08-18,10682,user1144@example.com,East,United States,60341,Retail,Beverages,18,39.85,604.55,3.49,195.51,13,4.6,USD,Customer requested split delivery across two addresses.,2024-08
ORD-102152,2023-09-07,2023-09-08,10736,user327@example.com,East,Canada,91339,Wholesale,Produce,26,27.7,749.24,6.1,243.74,4,4.6,USD,Customer requested split delivery across two addresses.,2023-09
ORD-101958,2023-05-13,2023-05-17,10712,user2371@example.com,South,United States,19776,Online,Dairy,17,35.85,854.47,17.73,240.09,1,5.0,USD,"Standard order, no special handling requested by the buyer.",2023-05
ORD-103957,2023-04-07,2023-04-13,10868,user966@example.com,East,United States,47736,Retail,Frozen,2,11.74,29.32,11.91,12.89,7,3.6,USD,Customer requested split delivery across two addresses.,2023-04
ORD-102456,2024-01-28,2024-02-01,10255,user789@example.com,North,United States,90292,Online,Bakery,2,47.7,125.62,11.43,44.77,5,3.6,USD,"Standard order, no special handling requested by the buyer.",2024-01
ORD-102636,2024-07-18,2024-07-25,12304,user2899@example.com,North,Canada,25079,Wholesale,Beverages,31,45.96,1780.75,7.18,573.01,5,4.0,USD,Escalated to the regional service desk for a damaged pallet.,2024-07
ORD-100855,2023-01-04,2023-01-06,10976,user2852@example.com,North,Canada,57575,Online,Produce,12,15.56,224.12,5.58,71.89,1,3.5,USD,,2023-01
ORD-101317,2024-10-04,2024-10-08,10569,user1081@example.com,South,United States,37984,Retail,Household,2,19.51,29.29,2.8,9.74,11,4.8,USD,Customer requested split delivery across two addresses.,2024-10
ORD-102187,2024-06-09,2024-06-20,12072,user1594@example.com,South,United States,66754,Wholesale,Household,13,46.55,890.83,2.02,298.19,13,4.7,USD,"Standard order, no special handling requested by the buyer.",2024-06
ORD-101233,2024-10-05,2024-10-05,12152,user1683@example.com,North,United States,36606,Online,Dairy,1,46.75,41.43,4.62,10.19,6,4.1,USD,Escalated to the regional service desk for a damaged pallet.,2024-10
ORD-102846,2024-01-17,2024-01-20,10946,user1456@example.com,South,United States,39325,Retail,Produce,38,26.59,1083.29,7.89,,3,3.6,USD,Customer requested split delivery across two addresses.,2024-01
ORD-103337,2024-01-13,2024-01-13,11665,user1741@example.com,East,United States,26889,Wholesale,Dairy,8,21.88,249.41,10.18,76.77,13,3.1,USD,,2024-01
ORD-101719,2024-09-03,2024-09-07,11865,user2408@example.com,South,United States,35569,Retail,Frozen,14,11.35,123.31,6.08,42.22,9,4.7,USD,Escalated to the regional service desk for a damaged pallet.,2024-09
ORD-100778,2023-01-21,2023-01-26,11797,user264@example.com,South,United States,73995,Online,Bakery,14,31.56,567.47,7.39,185.4,10,4.4,USD,Escalated to the regional service desk for a damaged pallet.,2023-01
ORD-103362,2024-03-05,2024-03-13,10334,user2113@example.com,North,Canada,47901,Wholesale,Dairy,20,11.85,391.91,6.33,120.28,8,4.1,USD,Escalated to the regional service desk for a damaged pallet.,2024-03
ORD-103932,2024-09-09,2024-09-20,12175,user246@example.com,North,Canada,45643,Retail,Snacks,27,15.25,315.31,0.0,106.92,9,4.8,USD,Escalated to the regional service desk for a damaged pallet.,2024-09
ORD-100011,2023-02-25,2023-03-07,12426,user2185@example.com,East,United States,44045,Wholesale,Produce,13,56.0,1184.64,9.08,374.99,5,3.1,USD,Customer requested split delivery across two addresses.,2023-02
ORD-100986,2024-04-25,2024-04-29,12392,user2143@example.com,East,United States,57570,Online,Frozen,25,24.82,898.87,14.78,274.56,5,4.9,USD,,2024-04
ORD-100024,2024-08-31,2024-09-02,11872,user1442@example.com,East,Mexico,87222,Online,Beverages,32,13.45,397.19,5.31,130.14,4,4.2,USD,,2024-08
ORD-100676,2024-10-05,2024-10-16,11373,user462@example.com,South,United States,95463,Retail,Frozen,25,28.58,536.6,6.39,173.31,11,3.7,USD,"Standard order, no special handling requested by the buyer.",2024-10
ORD-103585,2024-04-03,2024-04-04,10835,user2953@example.com,South,United States,34507,Online,Beverages,1,13.39,19.75,1.38,0.06,12,5.0,USD,Escalated to the regional service desk for a damaged pallet.,2024-04
ORD-100111,2023-11-22,2023-12-03,12002,user414@example.com,West,United States,48113,Partner,Bakery,18,28.63,391.68,11.52,117.54,2,3.8,USD,"Standard order, no special handling requested by the buyer.",2023-11
ORD-101158,2024-10-26,2024-10-27,11570,user1962@example.com,North,United States,55901,Online,Household,16,26.19,383.26,12.73,117.81,2,4.8,USD,,2024-10
ORD-103192,2024-02-14,2024-02-16,11118,user171@example.com,East,Mexico,55749,Online,Beverages,25,59.51,2062.53,13.48,633.61,2,3.9,USD,"Standard order, no special handling requested by the buyer.",2024-02
ORD-102761,2023-03-21,2023-03-21,10913,user2590@example.com,North,United States,11995,Partner,Beverages,13,19.29,281.06,6.09,100.23,3,4.0,USD,"Standard order, no special handling requested by the buyer.",2023-03
ORD-102037,2024-07-05,2024-07-11,11958,user2743@example.com,West,United States,95739,Online,Snacks,13,9.31,140.05,6.04,45.65,11,5.0,USD,"Standard order, no special handling requested by the buyer.",2024-07
ORD-103641,2024-08-27,2024-09-07,12125,user2065@example.com,East,United States,85921,Retail,Snacks,31,5.56,136.34,8.03,43.82,11,3.5,USD,Customer requested split delivery across two addresses.,2024-08
ORD-102287,2024-03-09,2024-03-14,12040,user388@example.com,North,United States,59368,Retail,Beverages,3,10.87,40.17,5.09,14.02,8,3.7,USD,"Standard order, no special handling requested by the buyer.",2024-03
ORD-103600,2024-03-22,2024-03-31,11573,user982@example.com,North,Mexico,54565,Online,Frozen,8,18.41,216.69,6.51,70.03,13,3.8,USD,"Standard order, no special handling requested by the buyer.",2024-03
ORD-102589,2024-11-23,2024-11-27,12305,user2857@example.com,South,Canada,48110,Online,Frozen,22,16.66,368.19,5.07,126.88,10,4.4,USD,"Standard order, no special handling requested by the buyer.",2024-11
ORD-102138,2024-10-18,2024-10-25,12346,user138@example.com,West,United States,44330,Retail,Produce,15,10.65,121.77,3.42,35.53,2,3.8,USD,Customer requested split delivery across two addresses.,2024-10
ORD-101101,2023-11-21,2023-11-28,11593,user2861@example.com,West,United States,61455,Retail,Household,26,34.31,750.35,7.69,245.24,11,3.7,USD,"Standard order, no special handling requested by the buyer.",2023-11
ORD-102419,2023-04-24,2023-05-01,10392,user1261@example.com,West,United States,83250,Online,Household,10,16.94,246.08,13.46,76.06,6,4.0,USD,Customer requested split delivery across two addresses.,2023-04
ORD-102911,2023-04-06,2023-04-09,12234,user233@example.com,East,United States,20223,Retail,Frozen,25,27.61,862.24,8.33,270.7,11,4.0,USD,,2023-04
ORD-101106,2023-04-04,2023-04-11,11149,user53@example.com,North,United States,58598,Retail,Dairy,30,26.0,974.78,4.53,315.09,7,4.4,USD,Escalated to the regional service desk for a damaged pallet.,2023-04
ORD-102160,2024-07-04,2024-07-15,10259,user1291@example.com,north ,Canada,40609,Retail,Snacks,6,18.39,108.68,8.03,38.42,5,3.7,USD,Escalated to the regional service desk for a damaged pallet.,2024-07
ORD-103839,2023-04-13,2023-04-15,12178,user1994@example.com,South,United States,49870,Retail,Snacks,20,31.43,782.55,1.27,261.31,10,4.0,USD,Escalated to the regional service desk for a damaged pallet.,2023-04
ORD-100976,2024-05-31,2024-06-04,12128,user989@example.com,North,United States,54664,Wholesale,Beverages,18,18.72,511.9,9.33,158.09,4,2.8,USD,"Standard order, no special handling requested by the buyer.",2024-05
ORD-102828,2023-08-27,2023-08-29,12384,user491@example.com,South,United States,42014,Partner,Bakery,3,12.76,27.33,6.06,8.75,12,3.9,USD,"Standard order, no special handling requested by the buyer.",2023-08
ORD-103554,2024-05-02,2024-05-02,11156,user1442@example.com,North,Canada,47051,Retail,Bakery,14,38.99,662.45,0.0,230.87,5,5.0,USD,Escalated to the regional service desk for a damaged pallet.,2024-05
ORD-101267,2024-09-01,2024-09-12,10388,user1366@example.com,East,Mexico,90842,Retail,Frozen,37,24.77,714.86,12.74,224.14,5,3.1,USD,Escalated to the regional service desk for a damaged pallet.,2024-09
ORD-100228,2023-01-14,2023-01-21,11099,user1145@example.com,South,United States,59533,Partner,Dairy,24,27.19,622.35,13.16,189.81,13,3.9,USD,,2023-01
ORD-102025,2023-09-12,2023-09-21,10792,user781@example.com,North,Mexico,41347,Online,Household,39,29.04,1019.57,9.94,,4,4.3,USD,,2023-09
ORD-100524,2023-11-02,2023-11-03,11279,user2684@example.com,North,Canada,31547,Online,Dairy,15,33.99,473.81,0.67,160.62,9,3.2,USD,Customer requested split delivery across two addresses.,2023-11
ORD-101112,2023-04-27,2023-05-06,10334,user1460@example.com,West,United States,17264,Wholesale,Bakery,24,29.14,1157.36,6.4,372.91,13,4.3,USD,,2023-04
ORD-102861,2023-04-21,2023-04-25,11100,user2179@example.com,North,United States,62155,Online,Household,27,17.37,683.84,4.7,223.44,5,4.5,USD,Customer requested split delivery across two addresses.,2023-04
ORD-101376,2023-12-12,2023-12-23,11917,user1588@example.com,North,United States,27715,Online,Beverages,9,15.51,151.49,3.34,48.2,11,3.9,USD,"Standard order, no special handling requested by the buyer.",2023-12
ORD-102666,2024-09-14,2024-09-20,11403,user2981@example.com,South,United States,21056,Partner,Snacks,31,26.95,570.8,7.35,182.34,5,5.0,USD,Escalated to the regional service desk for a damaged pallet.,2024-09
ORD-103476,2023-08-08,2023-08-10,12352,user2560@example.com,north ,Canada,35822,Online,Bakery,20,27.18,544.97,13.26,175.53,11,4.5,USD,,2023-08
ORD-101472,2023-09-14,2023-09-16,11378,user561@example.com,South,United States,84653,Retail,Snacks,31,15.49,365.1,3.86,119.33,4,4.1,USD,Customer requested split delivery across two addresses.,2023-09
ORD-102041,2024-10-08,2024-10-18,11299,user178@example.com,East,United States,43713,Retail,Frozen,37,42.55,1184.72,6.28,384.91,12,3.8,USD,,2024-10
ORD-103445,2023-04-22,2023-04-25,11720,user768@example.com,South,United States,83702,Online,Beverages,20,41.58,1211.13,6.76,382.2,12,5.0,USD,Escalated to the regional service desk for a damaged pallet.,2023-04
ORD-102574,2024-07-11,2024-07-17,11594,user1233@example.com,East,United States,98114,Retail,Beverages,37,20.79,734.66,12.71,226.13,7,4.2,USD,Escalated to the regional service desk for a damaged pallet.,2024-07
ORD-100378,2024-10-18,2024-10-25,11351,user2048@example.com,East,Mexico,75445,Retail,Household,35,43.46,1159.44,10.87,360.87,2,4.6,USD,Customer requested split delivery across two addresses.,2024-10
ORD-101844,2024-07-26,2024-07-28,11190,user94@example.com,North,United States,54259,Retail,Produce,39,25.37,884.3,7.49,292.82,5,3.8,USD,,2024-07
ORD-100093,2031-06-15,2024-05-02,11301,user3@example.com,South,United States,88777,Retail,Beverages,24,13.52,397.76,12.86,124.14,8,4.0,USD,"Standard order, no special handling requested by the buyer.",2031-06
ORD-103687,2024-08-14,2024-08-24,11575,user1242@example.com,West,United States,78566,Partner,Snacks,32,27.08,644.73,11.98,203.46,4,5.0,USD,Escalated to the regional service desk for a damaged pallet.,2024-08
ORD-101903,2024-01-26,2024-02-05,10788,user1846@example.com,East,United States,17958,Partner,Beverages,39,23.25,904.37,11.13,283.87,11,3.9,USD,,2024-01
ORD-100551,2023-05-10,2023-05-14,12242,user599@example.com,West,Canada,18656,Retail,Bakery,14,29.71,497.64,3.07,169.24,13,5.0,USD,"Standard order, no special handling requested by the buyer.",2023-05
ORD-102915,2023-03-27,2023-03-29,11598,user1521@example.com,South,United States,17776,Online,Bakery,21,40.98,1268.32,4.21,418.0,9,4.6,USD,,2023-03
ORD-103851,2023-03-19,2023-03-22,11187,user2022@example.com,West,United States,76686,Online,Beverages,8,27.68,324.93,12.37,97.55,13,3.1,USD,Escalated to the regional service desk for a damaged pallet.,2023-03
ORD-100163,2024-03-03,2024-03-09,12418,user2124@example.com,South,United States,92591,Wholesale,Bakery,15,15.66,387.2,9.15,123.77,9,4.1,USD,Customer requested split delivery across two addresses.,2024-03
ORD-100557,2023-10-13,2023-10-22,12106,user2655@example.com,West,Mexico,93298,Retail,Household,31,24.08,563.99,11.69,176.11,4,5.0,USD,Escalated to the regional service desk for a damaged pallet.,2023-10
ORD-101303,2023-05-11,2023-05-12,11033,user1534@example.com,North,Canada,99109,Retail,Produce,31,29.32,1085.0,0.96,368.4,11,3.1,USD,Customer requested split delivery across two addresses.,2023-05
ORD-102334,2023-03-15,2023-03-23,10093,user1945@example.com,South,Mexico,54708,Online,Snacks,16,23.84,557.7,14.7,169.35,8,4.8,USD,Escalated to the regional service desk for a damaged pallet.,2023-03
ORD-101909,2023-06-16,2023-06-17,12151,user245@example.com,North,United States,19406,Online,Produce,1,36.15,45.47,10.71,14.17,9,4.4,USD,"Standard order, no special handling requested by the buyer.",2023-06
ORD-102564,2023-02-27,2023-03-01,10331,user1543@example.com,West,Mexico,32190,Online,Household,6,26.91,230.56,20.72,67.51,7,3.6,USD,Customer requested split delivery across two addresses.,2023-02
ORD-102721,2023-11-21,2023-11-30,12055,user179@example.com,North,Mexico,37963,Online,Frozen,2,24.39,48.42,5.4,13.92,12,4.4,USD,"Standard order, no special handling requested by the buyer.",2023-11
ORD-100938,2024-01-25,2024-02-02,10042,user2514@example.com,West,United States,70131,Online,Produce,4,31.22,162.73,15.5,48.68,6,2.4,USD,Customer requested split delivery across two addresses.,2024-01
ORD-103497,2024-03-18,2024-03-29,10488,user1141@example.com,West,Canada,32574,Online,Produce,24,27.11,954.72,4.81,311.08,5,4.6,USD,Customer requested split delivery across two addresses.,2024-03
ORD-101600,2023-12-19,2023-12-20,12386,user2651@example.com,North,United States,58882,Partner,Bakery,38,33.42,1084.36,9.77,341.58,6,5.0,USD,"Standard order, no special handling requested by the buyer.",2023-12
ORD-100933,2024-10-30,2024-11-04,11370,user1903@example.com,North,United States,18057,Retail,Snacks,36,30.16,850.3,6.01,276.64,1,4.5,USD,Customer requested split delivery across two addresses.,2024-10
ORD-101822,2024-03-26,2024-03-26,10573,user2678@example.com,East,Mexico,51069,Partner,Dairy,28,22.55,709.75,7.4,,3,2.6,USD,,2024-03
ORD-101539,2024-03-07,2024-03-07,11396,user94@example.com,,United States,36933,Online,Household,31,35.4,1590.87,11.07,494.17,7,3.9,USD,Escalated to the regional service desk for a damaged pallet.,2024-03
ORD-102708,2023-12-14,2023-12-20,12014,user1393@example.com,north ,United States,36193,Wholesale,Dairy,7,24.49,214.74,2.54,66.41,1,4.4,USD,,2023-12
ORD-100309,2023-06-07,2023-06-07,12487,user2697@example.com,East,United States,82150,Wholesale,Beverages,25,24.63,916.33,13.67,275.42,10,3.2,USD,Escalated to the regional service desk for a damaged pallet.,2023-06
ORD-101833,2023-01-10,2023-01-21,11712,user1777@example.com,West,Mexico,98803,Partner,Dairy,10,27.2,255.28,10.0,78.45,7,4.2,USD,Escalated to the regional service desk for a damaged pallet.,2023-01
ORD-100063,2023-10-31,2023-11-02,11686,user1851@example.com,North,United States,83066,Partner,Frozen,14,5.79,57.13,7.65,19.67,5,3.4,USD,Escalated to the regional service desk for a damaged pallet.,2023-10
ORD-103573,2024-06-30,2024-07-11,11386,user737@example.com,South,United States,43031,Partner,Beverages,15,23.76,321.45,8.48,99.15,5,4.2,USD,Customer requested split delivery across two addresses.,2024-06
ORD-103152,2023-01-04,2023-01-08,12043,user931@example.com,South,Mexico,19964,Online,Dairy,26,23.48,732.76,0.47,252.21,8,4.2,USD,Escalated to the regional service desk for a damaged pallet.,2023-01
ORD-102175,2023-06-25,2023-07-06,10158,user2924@example.com,East,United States, 90210 ,Online,Bakery,29,29.66,1043.3,9.95,334.76,5,3.4,USD,Customer requested split delivery across two addresses.,2023-06
ORD-103791,2024-10-16,2024-10-19,10903,user1844@example.com,West,Canada,66336,Retail,Bakery,6,41.42,188.81,6.92,56.5,1,4.0,USD,Customer requested split delivery across two addresses.,2024-10
ORD-101148,2023-12-28,2024-01-02,11665,user326@example.com,West,United States,90096,Retail,Bakery,1,22.0,21.72,17.48,-0.51,13,4.5,USD,,2023-12
ORD-100349,2024-06-18,2024-06-23,12483,user635@example.com,North,United States,32765,Partner,Household,25,31.07,736.39,6.46,240.3,10,3.7,USD,Escalated to the regional service desk for a damaged pallet.,2024-06
ORD-101590,2023-12-02,2023-12-11,11809,user1205@example.com,East,Canada,99060,Retail,Beverages,24,22.55,476.43,10.19,140.64,13,4.8,USD,Escalated to the regional service desk for a damaged pallet.,2023-12
ORD-103499,2023-06-02,2023-06-11,10715,user33@example.com,north ,United States, 90210 ,Online,Beverages,8,15.93,168.66,11.12,48.99,10,3.4,USD,,2023-06
ORD-102884,2024-05-29,2024-06-02,12438,user541@example.com,South,United States,92699,Online,Snacks,32,15.2,650.11,7.96,204.41,9,3.8,USD,Escalated to the regional service desk for a damaged pallet.,2024-05
ORD-100664,2024-07-02,2024-07-11,12405,user194@example.com,North,United States,70475,Partner,Dairy,7,22.89,143.28,6.01,48.55,11,3.7,USD,Escalated to the regional service desk for a damaged pallet.,2024-07
ORD-102272,2024-06-14,2024-06-22,12287,user510@example.com,East,United States,23004,Online,Produce,20,7.82,197.48,2.55,70.38,8,4.4,USD,,2024-06
ORD-103186,2023-06-20,2023-06-30,10035,user2087@example.com,North,United States,86102,Partner,Frozen,29,23.74,650.08,6.91,203.97,12,4.4,USD,,2023-06
ORD-102305,2024-03-10,2024-03-11,11156,user1507@example.com,South,United States,97450,Online,Beverages,39,21.13,1199.42,13.71,368.52,12,4.3,USD,Customer requested split delivery across two addresses.,2024-03
ORD-102645,2024-05-31,2024-06-08,11096,user51@example.com,North,Canada,15699,Partner,Beverages,15,23.4,355.49,11.53,105.41,4,4.4,USD,Escalated to the regional service desk for a damaged pallet.,2024-05
ORD-100038,2023-05-19,2023-05-25,11644,user779@example.com,north ,Canada,73100,Retail,Dairy,2,7.22,16.9,4.56,2.81,13,4.6,USD,Escalated to the regional service desk for a damaged pallet.,2023-05
ORD-102798,2024-01-20,2024-01-22,11153,user2672@example.com,South,United States,99074,Retail,Household,14,17.23,261.57,16.6,69.32,8,3.8,USD,"Standard order, no special handling requested by the buyer.",2024-01
ORD-103632,2024-01-10,2024-01-11,10202,user48@example.com,North,United States,19973,Retail,Snacks,18,10.7,200.85,10.16,63.26,10,4.1,USD,Escalated to the regional service desk for a damaged pallet.,2024-01
ORD-101198,2023-10-26,2023-11-03,10459,user1411@example.com,South,United States,53016,Online,Beverages,11,12.06,121.04,7.38,37.46,11,3.2,USD,Escalated to the regional service desk for a damaged pallet.,2023-10
ORD-101802,2023-03-03,2023-03-09,11737,user1573@example.com,South,United States,92691,Online,Dairy,31,21.85,974.29,3.59,316.45,12,4.2,USD,"Standard order, no special handling requested by the buyer.",2023-03
ORD-102320,2023-02-16,2023-02-26,10440,user1882@example.com,East,United States,76651,Online,Beverages,22,57.11,1750.79,9.1,550.39,2,3.0,USD,"Standard order, no special handling requested by the buyer.",2023-02
ORD-103491,2024-09-24,2024-09-30,10069,user1354@example.com,East,Canada,69334,Retail,Frozen,13,23.11,225.69,13.43,69.82,9,5.0,USD,,2024-09
ORD-101371,2024-09-09,2024-09-16,12231,user2337@example.com,West,United States,39067,Online,Beverages,4,25.73,93.0,7.16,25.96,4,5.0,USD,Customer requested split delivery across two addresses.,2024-09
ORD-101879,2023-06-27,2023-06-27,10281,user1760@example.com,West,United States,37981,Retail,Produce,17,23.51,407.4,0.0,140.89,1,3.7,USD,,2023-06
ORD-102739,2023-12-06,2023-12-08,11142,user230@example.com,West,United States,31950,Online,Beverages,8,33.7,284.95,10.94,91.21,10,3.7,USD,Customer requested split delivery across two addresses.,2023-12
ORD-103841,2023-12-03,2023-12-07,12421,user815@example.com,West,Mexico,21105,Online,Bakery,20,20.08,418.97,15.88,125.04,9,4.1,USD,"Standard order, no special handling requested by the buyer.",2023-12
ORD-103870,2023-06-26,2023-07-01,10710,user2410@example.com,North,United States,39596,Retail,Snacks,31,33.2,1053.52,11.81,325.29,8,4.1,USD,"Standard order, no special handling requested by the buyer.",2023-06
ORD-103769,2024-04-03,2024-04-08,11478,user1203@example.com,North,Canada,90559,Online,Produce,25,16.43,605.72,10.58,188.14,12,5.0,USD,"Standard order, no special handling requested by the buyer.",2024-04
ORD-102407,2023-05-30,2023-06-07,12140,user28@example.com,South,United States,46406,Wholesale,Frozen,25,16.55,632.67,9.02,203.87,4,3.9,USD,,2023-05
ORD-101459,2023-11-29,2023-12-06,10130,user229@example.com,West,United States,41701,Online,Bakery,10,18.06,185.22,0.0,57.31,7,4.4,USD,Customer requested split delivery across two addresses.,2023-11
ORD-103348,2023-12-21,2023-12-28,10966,user1732@example.com,North,Mexico,43984,Retail,Produce,8,29.78,228.04,3.57,76.0,11,2.8,USD,Escalated to the regional service desk for a damaged pallet.,2023-12
ORD-102387,2023-01-01,2023-01-03,11579,user1118@example.com,North,United States,35046,Online,Household,4,18.23,86.42,1.12,,3,,USD,,2023-01
ORD-101446,2023-12-11,2023-12-16,12361,user1859@example.com,North,Mexico,38620,Online,Produce,6,30.48,197.59,7.04,72.19,11,4.0,USD,,2023-12
ORD-101690,2024-10-27,2024-10-27,10619,user2941@example.com,South,Mexico,13343,Wholesale,Dairy,21,28.9,636.61,1.06,211.67,13,3.8,USD,Escalated to the regional service desk for a damaged pallet.,2024-10
ORD-103083,2024-06-27,2024-07-05,11849,user1699@example.com,South,United States,79649,Wholesale,Frozen,15,23.4,480.98,5.31,157.02,6,4.8,USD,Escalated to the regional service desk for a damaged pallet.,2024-06
ORD-103755,2023-08-15,2023-08-21,12018,user1593@example.com,North,United States,15868,Online,Bakery,15,32.36,473.5,13.12,150.3,9,4.3,USD,,2023-08
ORD-101657,2024-06-19,2024-06-26,10352,user1409@example.com,South,United States,77559,Online,Produce,15,29.81,553.58,1.55,183.2,4,4.2,USD,,2024-06
ORD-103493,2024-03-21,2024-04-01,10357,user1834@example.com,North,United States,30798,Retail,Bakery,17,46.46,984.21,0.0,335.34,7,4.7,USD,,2024-03
ORD-100674,2023-03-09,2023-03-10,11957,user570@example.com,North,United States,18657,Retail,Produce,35,31.06,1337.4,16.01,404.39,6,4.7,USD,"Standard order, no special handling requested by the buyer.",2023-03
ORD-100835,2023-08-31,2023-09-02,10167,user886@example.com,South,United States,83862,Online,Beverages,25,17.74,410.4,7.55,133.46,12,4.7,USD,"Standard order, no special handling requested by the buyer.",2023-08
ORD-103507,2024-05-23,2024-05-23,11576,user727@example.com,West,United States,89813,Retail,Beverages,22,49.51,1256.77,8.66,399.57,5,3.3,USD,Escalated to the regional service desk for a damaged pallet.,2024-05
ORD-100388,2024-11-10,2024-11-15,11239,user744@example.com,SOUTH,United States,17176,Retail,Bakery,2,17.57,28.48,5.74,10.47,13,4.2,USD,"Standard order, no special handling requested by the buyer.",2024-11
ORD-100465,2024-06-18,2024-06-21,11659,user2560@example.com,North,Canada,73573,Retail,Bakery,4,8.58,36.15,8.66,10.89,4,4.3,USD,Escalated to the regional service desk for a damaged pallet.,2024-06
ORD-100618,2024-07-15,2024-07-25,11307,user1233@example.com,North,United States,47388,Partner,Bakery,14,34.53,408.21,6.26,131.61,9,4.2,USD,"Standard order, no special handling requested by the buyer.",2024-07
ORD-103993,2023-12-14,2023-12-21,10957,user2820@example.com,South,United States,30297,Retail,Produce,20,19.79,367.25,5.82,116.4,4,3.5,USD,"Standard order, no special handling requested by the buyer.",2023-12
ORD-100722,2024-02-10,2024-02-18,10909,user2452@example.com,South,United States,22383,Retail,Snacks,12,18.65,260.09,9.51,82.71,12,4.6,USD,Escalated to the regional service desk for a damaged pallet.,2024-02
ORD-103322,2023-05-14,2023-05-17,12376,user2533@example.com,South,United States,98745,Online,Dairy,4,32.37,181.1,8.9,54.59,9,4.0,USD,,2023-05
ORD-102581,2023-10-20,2023-10-31,12466,user752@example.com,East,United States,24943,Retail,Bakery,37,15.79,446.12,9.54,137.56,4,4.2,USD,Escalated to the regional service desk for a damaged pallet.,2023-10
ORD-103586,2024-03-13,2024-03-19,12151,user1326@example.com,South,Canada,35943,Partner,Snacks,13,34.11,493.98,0.0,169.15,13,4.3,USD,Customer requested split delivery across two addresses.,2024-03
ORD-101156,2024-09-14,2024-09-15,10521,user1117@example.com,West,Canada,88165,Online,Bakery,20,13.61,243.83,13.59,76.13,13,3.5,USD,,2024-09
ORD-102446,2024-03-12,2024-03-23,11827,user2796@example.com,North,Canada,11795,Online,Bakery,34,32.07,1590.81,7.2,511.3,8,4.4,USD,Escalated to the regional service desk for a damaged pallet.,2024-03
ORD-101485,2023-04-21,2023-04-29,11713,user2820@example.com,South,United States,42625,Wholesale,Bakery,23,37.76,1448.78,15.38,434.8,8,3.4,USD,Customer requested split delivery across two addresses.,2023-04
ORD-100176,2024-09-22,2024-10-02,11153,user1811@example.com,West,United States,63531,Online,Dairy,16,20.5,291.14,2.22,96.97,11,3.8,USD,Escalated to the regional service desk for a damaged pallet.,2024-09
ORD-102035,2023-03-20,2023-03-27,11001,user1334@example.com,South,United States,92401,Wholesale,Frozen,7,56.04,659.04,5.12,,11,4.6,USD,Customer requested split delivery across two addresses.,2023-03
ORD-100540,2024-02-29,2024-03-06,11615,user2181@example.com,South,United States,31525,Retail,Beverages,17,45.59,941.42,7.78,304.39,12,3.6,USD,,2024-02
ORD-101508,2024-10-13,2024-10-15,10082,user757@example.com,East,United States,12167,Retail,Dairy,28,27.85,589.9,16.23,179.34,1,4.2,USD,"Standard order, no special handling requested by the buyer.",2024-10
ORD-101885,2023-11-09,2023-11-18,10749,user2956@example.com,north ,United States,67553,Online,Household,38,22.17,800.18,1.82,270.18,8,3.5,USD,Customer requested split delivery across two addresses.,2023-11
ORD-102550,2024-01-11,2024-01-18,10642,user905@example.com,North,Canada,65156,Retail,Snacks,28,20.52,601.6,2.49,194.95,4,4.1,USD,Customer requested split delivery across two addresses.,2024-01
ORD-101440,2023-05-30,2023-06-10,10300,user2993@example.com,East,United States,14724,Retail,Bakery,19,22.42,482.5,11.47,146.58,12,4.7,USD,Customer requested split delivery across two addresses.,2023-05
ORD-102811,2024-06-07,2024-06-12,11736,user1198@example.com,South,United States,58008,Online,Bakery,3,15.39,59.84,7.4,12.46,2,4.2,USD,,2024-06
ORD-103011,2024-07-26,2024-07-27,10851,user1747@example.com,north ,United States,16513,Online,Snacks,38,30.75,1232.33,9.53,391.07,3,3.7,USD,Escalated to the regional service desk for a damaged pallet.,2024-07
ORD-101336,2024-01-18,2024-01-24,11359,user2484@example.com,South,Canada,42556,Online,Frozen,2,18.64,47.34,10.57,20.81,5,4.0,USD,Customer requested split delivery across two addresses.,2024-01
ORD-103002,2024-04-24,2024-05-01,11641,user310@example.com,North,United States,51075,Partner,Produce,-6,12.41,82.39,9.51,23.34,11,4.2,USD,Customer requested split delivery across two addresses.,2024-04
ORD-103538,2024-05-19,2024-05-30,11312,user252@example.com,East,Canada,80849,Partner,Snacks,10,29.4,308.79,11.51,93.25,11,3.6,USD,Escalated to the regional service desk for a damaged pallet.,2024-05
ORD-102998,2023-08-08,2023-08-17,11336,user1984@example.com,North,Canada,32671,Online,Household,7,41.47,291.02,11.02,96.87,7,4.3,USD,Customer requested split delivery across two addresses.,2023-08
ORD-101377,2023-10-16,2023-10-26,10409,user2529@example.com,East,United States,72916,Partner,Household,1,9.95,6.79,11.76,5.26,4,4.6,USD,,2023-10
ORD-103773,2024-01-01,2024-01-10,10294,user128@example.com,West,Canada,62938,Wholesale,Household,21,47.8,1360.96,12.36,422.8,10,4.4,USD,Escalated to the regional service desk for a damaged pallet.,2024-01
ORD-102294,2023-12-20,2023-12-28,11355,user331@example.com,South,Canada,32137,Online,Beverages,36,3.98,161.11,11.58,52.55,5,3.2,USD,,2023-12
ORD-102053,2024-09-17,2024-09-18,11583,user1411@example.com,north ,United States,88021,Wholesale,Frozen,35,23.85,851.94,15.71,257.78,9,3.2,USD,Escalated to the regional service desk for a damaged pallet.,2024-09
ORD-102013,2024-10-19,2024-10-24,11959,user512@example.com,East,Canada,86690,Partner,Produce,2,67.02,2579.36,8.27,31.35,5,5.0,USD,,2024-10
ORD-103996,2023-01-06,2023-01-15,11719,user2922@example.com,South,Mexico,90366,Wholesale,Frozen,12,24.1,400.48,15.05,128.27,6,4.0,USD,Escalated to the regional service desk for a damaged pallet.,2023-01
ORD-101290,2023-05-11,2023-05-14,11907,user1142@example.com,North,United States,32168,Retail,Dairy,30,15.47,554.01,6.81,184.45,8,3.0,USD,,2023-05
ORD-100460,2024-10-03,2024-10-06,10327,user349@example.com,South,United States,77107,Online,Dairy,17,14.43,217.21,12.75,69.32,12,3.1,USD,"Standard order, no special handling requested by the buyer.",2024-10
ORD-103798,2023-04-21,2023-04-27,11014,user70@example.com,South,United States,73472,Online,Household,8,9.56,111.52,13.27,43.35,1,3.5,USD,"Standard order, no special handling requested by the buyer.",2023-04
ORD-102812,2024-07-27,2024-07-31,11932,user1768@example.com,East,Canada,41857,Online,Bakery,38,23.38,932.9,15.28,280.73,6,3.9,USD,"Standard order, no special handling requested by the buyer.",2024-07
ORD-100416,2024-07-12,2024-07-14,10068,user1850@example.com,North,United States,57130,Retail,Beverages,9,19.32,165.33,2.13,63.53,2,4.9,USD,Escalated to the regional service desk for a damaged pallet.,2024-07
ORD-101687,2023-06-19,2023-06-26,11465,user2757@example.com,South,United States,20259,Partner,Frozen,8,22.86,173.38,13.7,57.49,13,5.0,USD,Customer requested split delivery across two addresses.,2023-06
ORD-102295,2023-08-23,2023-08-29,11182,user2346@example.com,North,Canada,26123,Wholesale,Beverages,25,49.67,1347.1,13.66,413.47,12,5.0,USD,"Standard order, no special handling requested by the buyer.",2023-08
ORD-102064,2023-04-05,2023-04-12,11971,user2123@example.com,East,United States,69010,Wholesale,Beverages,13,17.9,392.52,10.75,127.47,1,4.6,USD,Escalated to the regional service desk for a damaged pallet.,2023-04
ORD-102280,2024-04-26,2024-05-04,10400,user2907@example.com,SOUTH,United States,75375,Partner,Household,20,11.41,251.76,12.16,,3,5.0,USD,,2024-04
ORD-102033,2024-01-06,2024-01-12,10615,user2334@example.com,West,United States,63830,Online,Frozen,23,19.41,540.37,1.38,181.15,3,4.2,USD,"Standard order, no special handling requested by the buyer.",2024-01
ORD-102207,2023-07-30,2023-08-06,10273,user1459@example.com,South,United States,81694,Online,Produce,6,32.77,204.68,3.1,65.6,9,3.8,USD,Escalated to the regional service desk for a damaged pallet.,2023-07
ORD-103206,2023-05-06,2023-05-09,10669,user1621@example.com,West,United States,76369,Online,Dairy,12,17.22,294.21,15.35,91.98,7,3.9,USD,"Standard order, no special handling requested by the buyer.",2023-05
ORD-100042,2024-02-17,2024-02-18,12094,user2455@example.com,North,United States,64355,Online,Produce,7,36.42,356.14,10.18,112.16,4,4.8,USD,Customer requested split delivery across two addresses.,2024-02
ORD-103544,2024-04-01,2024-04-08,10411,user1580@example.com,North,United States,42172,Partner,Dairy,36,44.25,1792.1,5.15,578.33,1,4.9,USD,,2024-04
ORD-103216,2024-08-28,2024-09-02,10985,user1087@example.com,North,United States,95619,Wholesale,Beverages,39,19.45,807.65,6.08,269.59,13,3.9,USD,Customer requested split delivery across two addresses.,2024-08
ORD-103055,2023-06-05,2023-06-07,11266,user1413@example.com,West,United States,18705,Wholesale,Frozen,36,55.8,3010.54,5.44,986.75,6,3.5,USD,"Standard order, no special handling requested by the buyer.",2023-06
ORD-102578,2023-06-10,2023-06-19,11144,user2900@example.com,South,United States,90582,Online,Frozen,13,8.73,146.03,11.98,46.8,9,3.3,USD,Customer requested split delivery across two addresses.,2023-06
ORD-101720,2024-07-31,2024-08-10,10208,user112@example.com,West,United States,60161,Wholesale,Frozen,27,25.72,820.02,3.46,269.57,13,3.9,USD,,2024-07
ORD-100949,2023-07-15,2023-07-23,11120,user114@example.com,East,United States,95204,Wholesale,Snacks,8,15.97,162.55,9.49,44.13,4,5.0,USD,Escalated to the regional service desk for a damaged pallet.,2023-07
ORD-103501,2024-04-24,2024-05-01,11652,user2276@example.com,South,Canada,82702,Online,Snacks,23,26.23,875.19,3.91,289.58,6,3.7,USD,"Standard order, no special handling requested by the buyer.",2024-04
ORD-100267,2024-09-26,2024-09-27,11185,user1370@example.com,East,Mexico,51875,Online,Snacks,23,25.19,513.1,7.66,170.36,10,5.0,USD,Customer requested split delivery across two addresses.,2024-09
ORD-102069,2023-08-25,2023-08-27,12112,user204@example.com,East,Mexico,40217,Online,Household,25,57.86,1362.73,6.59,443.63,6,2.7,USD,Customer requested split delivery across two addresses.,2023-08
ORD-100113,2024-08-08,2024-08-14,10968,user1424@example.com,North,United States,91474,Partner,Beverages,3,31.95,73.0,13.62,24.1,10,3.4,USD,"Standard order, no special handling requested by the buyer.",2024-08
ORD-102465,2024-05-01,2024-05-05,10010,user1921@example.com,North,United States,55820,Online,Dairy,38,16.79,915.32,8.04,291.51,3,3.5,USD,,2024-05
ORD-101530,2024-07-23,2024-07-30,10622,user979@example.com,East,United States,78783,Retail,Beverages,36,53.4,1740.87,7.34,559.54,6,4.0,USD,"Standard order, no special handling requested by the buyer.",2024-07
ORD-100864,2024-10-05,2024-10-05,11857,user2016@example.com,West,Canada,35946,Online,Snacks,6,9.68,51.47,2.94,23.33,7,,USD,Customer requested split delivery across two addresses.,2024-10
ORD-103410,2023-10-24,2023-10-30,12047,user910@example.com,North,Canada,85485,Partner,Beverages,25,19.42,336.35,11.46,102.98,5,4.5,USD,,2023-10
ORD-101750,2023-05-19,2023-05-25,10436,user622@example.com,SOUTH,Canada,59243,Retail,Dairy,15,20.41,358.25,10.8,116.08,6,3.9,USD,Escalated to the regional service desk for a damaged pallet.,2023-05
ORD-100807,2024-03-14,2024-03-14,10744,user1618@example.com,South,United States,77798,Online,Household,23,22.53,757.64,0.1,253.56,12,3.3,USD,"Standard order, no special handling requested by the buyer.",2024-03
ORD-102681,2024-04-26,2024-05-04,12311,user2190@example.com,North,United States,66078,Retail,Bakery,21,13.29,342.12,8.0,107.87,8,2.5,USD,Escalated to the regional service desk for a damaged pallet.,2024-04
ORD-101986,2023-07-25,2023-07-30,10747,user2442@example.com,North,Canada,42999,Partner,Bakery,9,19.77,144.38,9.45,46.05,6,2.7,USD,"Standard order, no special handling requested by the buyer.",2023-07
ORD-101574,2023-01-04,2023-01-07,10496,user2720@example.com,East,United States,68859,Online,Beverages,31,10.89,405.21,9.22,130.64,3,,USD,Escalated to the regional service desk for a damaged pallet.,2023-01
ORD-100428,2024-10-11,2024-10-20,11091,user2572@example.com,,United States,30322,Retail,Dairy,27,65.18,1328.12,8.05,430.7,4,3.7,USD,Customer requested split delivery across two addresses.,2024-10
ORD-101746,2023-05-15,2023-05-20,10883,user907@example.com,SOUTH,United States,36318,Online,Produce,19,14.84,393.4,6.41,131.73,3,2.2,USD,"Standard order, no special handling requested by the buyer.",2023-05
ORD-102198,2024-09-17,2024-09-20,10594,user1703@example.com,West,Mexico,26374,Online,Frozen,10,39.68,353.98,16.15,109.15,13,4.0,USD,,2024-09
ORD-100513,2023-01-20,2023-01-28,10518,user440@example.com,West,United States,38587,Retail,Beverages,39,14.58,616.6,3.86,209.24,3,4.6,USD,Escalated to the regional service desk for a damaged pallet.,2023-01
ORD-101343,2023-03-06,2023-03-17,11227,user682@example.com,North,United States,38622,Online,Frozen,10,22.35,323.04,10.44,105.24,0,3.7,USD,Customer requested split delivery across two addresses.,2023-03
ORD-100605,2024-01-10,2024-01-20,10444,user1960@example.com,West,United States,67880,Online,Beverages,35,15.64,673.59,8.76,221.31,8,3.0,USD,,2024-01
ORD-102048,2023-08-08,2023-08-15,12218,user1708@example.com,East,United States,59158,Online,Dairy,38,24.35,927.63,3.75,305.17,4,4.0,USD,Escalated to the regional service desk for a damaged pallet.,2023-08
ORD-103359,2023-11-30,2023-12-03,10233,user928@example.com,East,United States,22983,Retail,Beverages,27,24.73,582.8,1.02,200.48,8,4.0,USD,Escalated to the regional service desk for a damaged pallet.,2023-11
ORD-102184,2023-06-26,2023-06-30,10039,user1056@example.com,West,United States,31208,Retail,Beverages,6,11.2,68.79,9.47,17.91,12,3.6,USD,,2023-06
ORD-102425,2023-04-26,2023-05-05,10551,user2253@example.com,West,Canada,28193,Retail,Household,13,20.95,334.35,9.14,103.19,8,4.2,USD,"Standard order, no special handling requested by the buyer.",2023-04
ORD-100841,2024-08-13,2024-08-13,11707,user1258@example.com,East,United States,61541,Online,Beverages,26,13.28,338.09,11.79,104.22,9,4.3,USD,,2024-08
ORD-102411,2023-02-16,2023-02-23,10010,user2903@example.com,South,United States,59505,Online,Household,35,18.3,892.52,6.45,289.98,9,4.4,USD,"Standard order, no special handling requested by the buyer.",2023-02
ORD-101136,2023-08-26,2023-08-26,12309,user2893@example.com,South,Mexico,37784,Wholesale,Beverages,3,18.47,59.53,12.44,11.02,5,4.0,USD,"Standard order, no special handling requested by the buyer.",2023-08
ORD-100606,2023-10-01,2023-10-01,12102,user1294@example.com,South,United States,41377,Partner,Beverages,24,15.15,245.43,10.13,75.02,1,4.7,USD,Customer requested split delivery across two addresses.,2023-10
ORD-103338,2023-05-15,2023-05-15,11460,user533@example.com,East,United States,65431,Retail,Dairy,6,17.74,125.85,1.85,48.85,8,4.1,USD,,2023-05
ORD-102678,2023-01-10,2023-01-10,10472,user1082@example.com,East,United States,94054,Online,Beverages,23,14.53,411.23,2.5,136.65,10,4.8,USD,Customer requested split delivery across two addresses.,2023-01
ORD-102716,2023-12-25,2023-12-30,10547,user168@example.com,North,United States,51198,Online,Snacks,13,28.54,426.52,12.22,135.87,10,5.0,USD,,2023-12
ORD-103725,2023-02-28,2023-03-05,11788,user1314@example.com,South,United States,43323,Online,Frozen,34,17.46,849.32,1.42,281.12,7,4.9,USD,Customer requested split delivery across two addresses.,2023-02
ORD-103028,2024-10-30,2024-11-09,10341,user190@example.com,South,Canada,24121,Online,Frozen,16,12.78,188.96,5.97,64.76,9,4.8,USD,"Standard order, no special handling requested by the buyer.",2024-10
ORD-101247,2023-09-27,2023-10-01,10029,user1228@example.com,South,United States,73148,Online,Dairy,21,25.74,478.71,14.05,152.03,2,4.7,USD,,2023-09
ORD-103377,2023-07-02,2023-07-11,11342,user2913@example.com,South,United States,37626,Online,Beverages,22,17.93,464.46,13.76,141.95,13,3.4,USD,"Standard order, no special handling requested by the buyer.",2023-07
ORD-102196,2024-01-06,2024-01-06,12186,user1441@example.com,South,United States,47228,Partner,Dairy,21,20.06,388.91,1.38,,3,4.4,USD,Escalated to the regional service desk for a damaged pallet.,2024-01
ORD-101138,2023-01-18,2023-01-24,11195,user2801@example.com,South,Canada,75413,Online,Household,1,24.7,31.37,11.07,12.53,10,4.4,USD,Escalated to the regional service desk for a damaged pallet.,2023-01
ORD-101853,2024-11-20,2024-11-27,11711,user258@example.com,South,Canada,48201,Online,Snacks,6,23.76,141.5,6.52,49.7,7,4.3,USD,Escalated to the regional service desk for a damaged pallet.,2024-11
ORD-101334,2023-10-23,2023-10-31,11299,user205@example.com,East,United States,92074,Wholesale,Snacks,35,47.56,1726.11,13.28,536.83,4,4.3,USD,"Standard order, no special handling requested by the buyer.",2023-10
ORD-101157,2023-12-31,2024-01-11,10599,user2692@example.com,East,United States,36311,Online,Household,8,20.57,194.18,10.81,59.26,13,4.3,USD,Customer requested split delivery across two addresses.,2023-12
ORD-100673,2023-02-16,2023-02-20,11381,user766@example.com,West,United States,68950,Wholesale,Snacks,15,38.02,909.19,13.21,,5,4.8,USD,Escalated to the regional service desk for a damaged pallet.,2023-02
ORD-100002,2023-10-20,2023-10-21,12322,user1758@example.com,West,United States,96316,Wholesale,Frozen,26,10.44,279.82,2.37,92.91,11,3.6,USD,Customer requested split delivery across two addresses.,2023-10
ORD-100297,2023-09-18,2023-09-20,11736,user1990@example.com,North,United States,14249,Online,Produce,10,27.61,246.3,4.9,80.04,12,3.8,USD,"Standard order, no special handling requested by the buyer.",2023-09
ORD-101375,2023-12-23,2023-12-26,11572,user1866@example.com,West,Mexico,55466,Retail,Bakery,8,48.39,373.83,9.72,113.97,6,4.1,USD,Customer requested split delivery across two addresses.,2023-12
ORD-101709,2024-05-10,2024-05-14,11938,user1758@example.com,West,Mexico,34901,Retail,Household,34,28.24,1146.16,8.99,366.8,4,4.2,USD,Customer requested split delivery across two addresses.,2024-05
ORD-100974,2024-06-15,2024-06-20,11633,user402@example.com,South,United States,76095,Retail,Beverages,5,33.03,176.04,12.11,58.1,9,5.0,USD,Customer requested split delivery across two addresses.,2024-06
ORD-102135,2024-03-27,2024-04-04,11563,user216@example.com,SOUTH,United States,95070,Online,Produce,27,11.31,450.18,11.17,144.62,5,4.3,USD,Escalated to the regional service desk for a damaged pallet.,2024-03
ORD-103282,2023-03-21,2023-03-23,11081,user1354@example.com,West,United States,76029,Partner,Beverages,32,15.35,550.53,8.59,169.38,12,2.4,USD,Customer requested split delivery across two addresses.,2023-03
ORD-101675,2024-04-24,2024-05-01,11190,user1610@example.com,North,Canada,45483,Online,Household,29,13.25,557.43,7.33,175.88,9,4.0,USD,Escalated to the regional service desk for a damaged pallet.,2024-04
ORD-103751,2023-01-29,2023-02-05,11466,user2449@example.com,West,United States,80828,Online,Snacks,12,16.53,262.08,11.46,84.84,11,5.0,USD,"Standard order, no special handling requested by the buyer.",2023-01
ORD-102749,2024-05-25,2024-05-31,11268,user1173@example.com,West,United States,43716,Retail,Frozen,39,21.71,971.11,6.69,313.32,5,3.8,USD,"Standard order, no special handling requested by the buyer.",2024-05
ORD-101740,2024-04-27,2024-05-03,11003,user272@example.com,West,Mexico,40713,Retail,Produce,29,17.98,638.2,10.1,204.55,12,3.2,USD,"Standard order, no special handling requested by the buyer.",2024-04
ORD-102329,2024-10-02,2024-10-04,11346,user1366@example.com,East,United States,77173,Retail,Beverages,37,19.26,534.6,6.95,175.4,13,5.0,USD,,2024-10
ORD-101959,2024-04-14,2024-04-15,10195,user1788@example.com,South,Canada,20599,Retail,Produce,5,28.06,174.4,5.23,62.33,13,4.4,USD,,2024-04
ORD-100144,2023-03-16,2023-03-20,10881,user2004@example.com,East,Mexico,34227,Wholesale,Produce,16,55.23,1479.62,8.93,469.74,11,3.6,USD,"Standard order, no special handling requested by the buyer.",2023-03
ORD-101215,2023-11-07,2023-11-07,10642,user2256@example.com,north ,United States,54695,Online,Household,33,52.53,1635.72,23.25,462.69,13,4.6,USD,"Standard order, no special handling requested by the buyer.",2023-11
ORD-100250,2023-08-10,2023-08-11,12156,user382@example.com,North,United States,11361,Online,Frozen,12,7.7,91.89,2.08,30.83,2,2.6,USD,Customer requested split delivery across two addresses.,2023-08
ORD-101042,2024-01-21,2024-01-30,11411,user109@example.com,South,United States,83201,Partner,Bakery,16,26.17,410.17,11.35,133.11,8,4.1,USD,,2024-01
ORD-101510,2024-02-06,2024-02-07,10992,user315@example.com,South,Canada,47299,Retail,Frozen,15,37.77,650.79,10.09,209.26,12,4.8,USD,Escalated to the regional service desk for a damaged pallet.,2024-02
ORD-100996,2024-07-12,2024-07-16,10870,user345@example.com,West,United States,27652,Partner,Frozen,4,28.74,98.38,8.88,32.75,5,3.9,USD,Escalated to the regional service desk for a damaged pallet.,2024-07
ORD-100247,2024-04-21,2024-04-24,10505,user1502@example.com,North,United States,65928,Wholesale,Household,36,35.57,2133.6,4.08,696.32,1,3.7,USD,"Standard order, no special handling requested by the buyer.",2024-04
ORD-102899,2023-09-21,2023-09-29,10943,user1156@example.com,West,Canada,97987,Retail,Dairy,20,32.46,489.18,5.56,162.23,3,3.6,USD,Customer requested split delivery across two addresses.,2023-09
ORD-101610,2023-02-06,2023-02-09,10233,user342@example.com,North,United States,75302,Online,Frozen,33,35.26,1577.17,1.16,530.01,11,3.4,USD,"Standard order, no special handling requested by the buyer.",2023-02
ORD-101474,2023-02-24,2023-03-02,12291,user683@example.com,North,Mexico,58877,Online,Frozen,35,20.78,1032.33,11.71,320.75,8,3.2,USD,Escalated to the regional service desk for a damaged pallet.,2023-02
ORD-100923,2024-04-09,2024-04-20,10473,user1674@example.com,South,United States,72104,Online,Frozen,19,15.96,446.27,8.82,140.21,2,5.0,USD,Escalated to the regional service desk for a damaged pallet.,2024-04
ORD-103722,2023-09-21,2023-09-23,11142,user206@example.com,North,Mexico,25766,Online,Dairy,36,15.63,500.3,3.29,171.58,1,4.0,USD,,2023-09
ORD-101836,2023-08-17,2023-08-20,10243,user2758@example.com,North,United States,37083,Online,Household,22,15.06,320.81,9.5,101.75,3,4.4,USD,Escalated to the regional service desk for a damaged pallet.,2023-08
ORD-101017,2023-07-10,2023-07-11,10951,user2787@example.com,North,Canada,82271,Retail,Frozen,14,38.72,522.32,0.0,178.99,13,3.6,USD,"Standard order, no special handling requested by the buyer.",2023-07
ORD-100707,2023-02-05,2023-02-09,10645,user910@example.com,South,United States,36717,Online,Snacks,8,23.55,254.59,11.81,,9,4.0,USD,Escalated to the regional service desk for a damaged pallet.,2023-02
ORD-101653,2023-05-24,2023-05-27,10105,user1466@example.com,East,United States,16740,Partner,Produce,37,26.35,1012.43,15.24,304.95,1,2.7,USD,,2023-05
ORD-101123,2023-05-19,2023-05-21,11089,user1184@example.com,North,United States,91526,Online,Produce,13,17.79,319.34,8.11,106.43,13,3.8,USD,Customer requested split delivery across two addresses.,2023-05
ORD-102677,2024-04-03,2024-04-11,10068,user1803@example.com,north ,United States,97963,Retail,Household,36,18.84,847.61,5.93,277.46,6,2.9,USD,Customer requested split delivery across two addresses.,2024-04
ORD-101149,2024-11-04,2024-11-05,11540,user446@example.com,North,Canada,54815,Online,Dairy,35,44.39,1456.8,3.52,490.96,1,4.3,USD,Customer requested split delivery across two addresses.,2024-11
ORD-101662,2023-09-25,2023-09-30,10827,user1677@example.com,West,United States,16120,Online,Snacks,11,11.14,108.62,1.15,39.17,13,3.6,USD,,2023-09
ORD-100073,2024-03-10,2024-03-13,11895,user711@example.com,north ,United States,44365,Retail,Produce,39,29.61,1424.39,7.77,457.43,4,3.4,USD,,2024-03
ORD-101470,2024-07-15,2024-07-20,11968,user1620@example.com,West,United States,93422,Partner,Frozen,10,9.65,81.49,11.92,25.22,3,4.8,USD,Escalated to the regional service desk for a damaged pallet.,2024-07
ORD-102265,2023-12-14,2023-12-24,11532,user2466@example.com,North,United States,15434,Retail,Produce,13,25.23,304.34,12.51,87.15,10,4.3,USD,Escalated to the regional service desk for a damaged pallet.,2023-12
ORD-101239,2024-01-05,2024-01-14,12408,user991@example.com,East,United States,72474,Online,Dairy,13,34.31,537.63,4.04,174.12,7,5.0,USD,"Standard order, no special handling requested by the buyer.",2024-01
ORD-100832,2024-03-22,2024-03-29,11893,user1176@example.com,North,United States,69046,Online,Bakery,38,11.05,617.79,4.5,203.74,1,4.3,USD,,2024-03
ORD-100092,2023-01-15,2023-01-23,11483,user390@example.com,East,United States,65440,Online,Produce,12,65.38,984.88,8.5,314.22,8,4.2,USD,Escalated to the regional service desk for a damaged pallet.,2023-01
ORD-103535,2024-07-19,2024-07-28,10740,user94@example.com,North,United States,66640,Online,Produce,16,15.65,272.34,5.0,84.23,5,4.0,USD,,2024-07
ORD-101989,2023-01-31,2023-02-01,10433,user109@example.com,South,United States,35341,Partner,Beverages,25,46.37,1176.0,0.25,395.41,6,4.4,USD,Customer requested split delivery across two addresses.,2023-01
ORD-100384,2023-02-26,2023-03-04,11713,user1065@example.com,East,United States,66543,Online,Bakery,39,29.4,1634.13,7.55,519.34,5,4.4,USD,,2023-02
ORD-103155,2023-06-13,2023-06-20,10368,user1938@example.com,North,United States,13104,Retail,Dairy,32,26.64,919.21,2.31,306.52,6,5.0,USD,Customer requested split delivery across two addresses.,2023-06
ORD-101700,2023-02-01,2023-02-04,12477,user304@example.com,North,United States,92107,Online,Bakery,31,8.33,344.58,13.91,103.61,12,4.2,USD,"Standard order, no special handling requested by the buyer.",2023-02
ORD-100898,2023-10-19,2023-10-21,12244,user2869@example.com,North,United States,55595,Wholesale,Household,13,35.12,469.81,3.68,,8,3.6,USD,,2023-10
ORD-101428,2023-05-14,2023-05-17,11027,user1532@example.com,SOUTH,United States,90580,Retail,Beverages,21,10.61,264.1,10.93,89.97,7,4.8,USD,Escalated to the regional service desk for a damaged pallet.,2023-05
ORD-100764,2023-10-25,2023-11-03,10116,user2043@example.com,South,United States,12037,Retail,Snacks,26,11.36,6380.08,5.5,81.02,3,3.8,USD,Escalated to the regional service desk for a damaged pallet.,2023-10
ORD-100453,2023-08-01,2023-08-10,10090,user853@example.com,East,Canada,40610,Online,Frozen,4,57.69,238.18,7.49,,11,3.9,USD,,2023-08
ORD-103809,2023-06-20,2023-06-25,10058,user860@example.com,East,United States,15677,Wholesale,Beverages,26,35.53,1308.42,6.27,421.63,12,4.8,USD,,2023-06
ORD-100127,2024-04-24,2024-05-04,12153,user2480@example.com,South,United States,55535,Retail,Frozen,37,18.47,840.16,0.64,282.23,11,4.4,USD,Escalated to the regional service desk for a damaged pallet.,2024-04
ORD-101393,2024-04-21,2024-05-01,12109,user315@example.com,North,United States,23228,Online,Produce,35,23.45,1195.32,6.0,385.47,13,3.6,USD,,2024-04
ORD-103193,2023-06-24,2023-06-28,11379,user1696@example.com,East,Canada, 90210 ,Retail,Bakery,15,17.87,276.68,0.5,93.98,2,5.0,USD,,2023-06
ORD-102326,2024-04-27,2024-05-08,10055,user200@example.com,West,United States,25670,Retail,Snacks,38,19.85,923.23,20.22,260.12,11,3.8,USD,Escalated to the regional service desk for a damaged pallet.,2024-04
ORD-100959,2023-07-03,2023-07-08,12315,user1509@example.com,East,United States,88734,Online,Beverages,35,20.16,827.23,1.62,286.47,8,3.4,USD,Customer requested split delivery across two addresses.,2023-07
ORD-101551,2023-04-16,2023-04-23,11245,user294@example.com,North,United States,34382,Online,Produce,22,22.53,726.41,10.39,230.84,7,,USD,"Standard order, no special handling requested by the buyer.",2023-04
ORD-102165,2023-04-23,2023-04-25,10933,user1375@example.com,North,United States,21999,Online,Snacks,1,19.31,28.09,10.15,1.78,12,3.8,USD,Customer requested split delivery across two addresses.,2023-04
ORD-102352,2023-09-21,2023-09-23,11523,user466@example.com,West,Canada,43791,Retail,Produce,35,25.6,675.15,6.78,214.48,3,4.7,USD,"Standard order, no special handling requested by the buyer.",2023-09
ORD-101939,2024-03-29,2024-04-03,10868,user830@example.com,West,United States,74475,Partner,Bakery,35,39.3,1547.21,13.67,470.1,13,3.9,USD,,2024-03
ORD-100713,2024-06-07,2024-06-14,12102,user184@example.com,SOUTH,United States,92708,Online,Snacks,37,9.71,465.65,14.99,144.59,5,4.7,USD,"Standard order, no special handling requested by the buyer.",2024-06
ORD-101409,2024-01-17,2024-01-25,12361,user990@example.com,South,United States,89473,Wholesale,Dairy,35,7.83,396.65,9.25,122.29,7,4.8,USD,"Standard order, no special handling requested by the buyer.",2024-01
ORD-101807,2023-04-09,2023-04-17,12309,user2930@example.com,West,Mexico,92814,Retail,Dairy,22,15.65,429.61,10.74,,5,5.0,USD,Escalated to the regional service desk for a damaged pallet.,2023-04
ORD-102610,2024-04-14,2024-04-25,12014,user1708@example.com,East,United States,81779,Wholesale,Bakery,17,20.54,585.96,12.14,173.39,5,3.3,USD,Escalated to the regional service desk for a damaged pallet.,2024-04
ORD-102323,2023-01-28,2023-01-28,10909,user2260@example.com,North,United States,43654,Online,Bakery,23,30.69,929.45,4.68,,5,4.0,USD,Escalated to the regional service desk for a damaged pallet.,2023-01
ORD-100860,2024-10-08,2024-10-12,11047,user2863@example.com,West,Canada,11418,Wholesale,Frozen,12,17.74,216.26,8.48,62.75,7,3.6,USD,Escalated to the regional service desk for a damaged pallet.,2024-10
ORD-103138,2023-04-26,2023-05-04,10502,user588@example.com,North,Canada,95846,Partner,Household,24,23.89,633.5,12.14,197.45,3,4.0,USD,Escalated to the regional service desk for a damaged pallet.,2023-04
ORD-102955,2023-06-18,2023-06-29,10076,user736@example.com,West,United States,10764,Retail,Bakery,4,24.96,105.59,10.32,32.19,13,3.2,USD,,2023-06
ORD-103486,2024-04-02,2024-04-03,10920,user1482@example.com,East,United States,60927,Online,Bakery,17,17.49,438.52,3.68,145.8,12,3.3,USD,Escalated to the regional service desk for a damaged pallet.,2024-04
ORD-103564,2023-10-27,2023-11-02,10870,user511@example.com,West,United States,77932,Retail,Beverages,34,21.33,562.11,9.82,179.83,8,3.5,USD,,2023-10
ORD-102680,2024-06-14,2024-06-21,12298,user729@example.com,South,Canada,93287,Online,Bakery,5,18.02,113.77,4.26,36.78,6,4.0,USD,Escalated to the regional service desk for a damaged pallet.,2024-06
ORD-100308,2024-03-23,2024-04-03,11188,user1172@example.com,East,Mexico,52477,Retail,Snacks,23,53.0,1520.68,12.84,465.92,9,4.3,USD,Escalated to the regional service desk for a damaged pallet.,2024-03
ORD-100917,2023-07-24,2023-07-24,10833,user2154@example.com,West,Mexico,13546,Online,Dairy,37,22.97,908.17,3.93,307.87,8,4.9,USD,,2023-07
ORD-100482,2023-03-13,2023-03-18,10302,user750@example.com,SOUTH,United States,76322,Online,Produce,7,10.91,111.42,10.9,32.97,5,3.6,USD,Escalated to the regional service desk for a damaged pallet.,2023-03
ORD-102212,2024-07-30,2024-08-07,10342,user400@example.com,West,Mexico,19126,Retail,Dairy,39,23.34,799.6,0.0,268.35,4,3.6,USD,,2024-07
ORD-101084,2023-08-18,2023-08-27,11742,user838@example.com,South,Mexico,75042,Online,Snacks,6,32.9,190.45,7.41,56.6,2,4.4,USD,,2023-08
ORD-101286,2023-07-12,2023-07-12,12331,user1252@example.com,North,United States,84686,Online,Beverages,3,17.85,60.35,2.72,17.39,7,4.6,USD,Escalated to the regional service desk for a damaged pallet.,2023-07
ORD-102202,2024-06-12,2024-06-13,10826,user994@example.com,North,United States,65743,Wholesale,Frozen,16,13.71,319.32,0.0,111.78,11,2.8,USD,,2024-06
ORD-100088,2023-10-27,2023-11-02,12230,user1175@example.com,East,Canada,80064,Online,Bakery,31,38.12,1080.81,3.73,351.78,7,3.4,USD,,2023-10
ORD-101220,2023-10-16,2023-10-24,10890,user1607@example.com,West,United States,44764,Wholesale,Dairy,31,38.44,1220.31,6.29,397.84,11,3.9,USD,,2023-10
ORD-103843,2024-06-07,2024-06-08,12311,user1993@example.com,West,Canada,81288,Online,Household,1,10.0,12.96,12.21,2.14,1,4.8,USD,Escalated to the regional service desk for a damaged pallet.,2024-06
ORD-102662,2023-11-18,2023-11-20,11394,user155@example.com,West,United States,42002,Online,Bakery,39,37.07,1418.32,5.93,458.4,7,,USD,Customer requested split delivery across two addresses.,2023-11
ORD-101619,2023-09-04,2023-09-05,12102,user229@example.com,North,United States,17250,Online,Produce,39,45.18,1613.53,14.49,493.92,8,3.9,USD,"Standard order, no special handling requested by the buyer.",2023-09
ORD-102929,2023-10-06,2023-10-09,11593,user1888@example.com,SOUTH,United States,37914,Retail,Bakery,2,26.84,40.31,7.48,5.36,11,4.0,USD,Escalated to the regional service desk for a damaged pallet.,2023-10
ORD-100239,2023-12-26,2024-01-02,11552,user1657@example.com,North,United States,70279,Retail,Snacks,21,23.98,492.76,2.31,167.4,2,3.7,USD,Escalated to the regional service desk for a damaged pallet.,2023-12
ORD-100554,2024-02-19,2024-02-19,11575,user645@example.com,West,United States,24987,Partner,Household,8,14.82,126.93,13.65,40.02,8,4.7,USD,Customer requested split delivery across two addresses.,2024-02
ORD-103636,2023-10-24,2023-11-01,10326,user389@example.com,East,United States,12718,Online,Produce,33,29.42,881.85,5.07,289.92,5,4.3,USD,"Standard order, no special handling requested by the buyer.",2023-10
ORD-100597,2024-08-31,2024-09-06,10593,user2887@example.com,SOUTH,Canada,38594,Online,Frozen,20,29.58,545.96,3.23,182.56,3,3.1,USD,,2024-08
ORD-103068,2024-11-08,2024-11-10,11936,user2279@example.com,West,United States,29724,Online,Dairy,28,27.99,744.39,4.97,240.75,9,3.4,USD,"Standard order, no special handling requested by the buyer.",2024-11
ORD-102359,2023-09-10,2023-09-10,10185,user2926@example.com,East,United States,89546,Wholesale,Produce,25,27.84,719.53,7.9,230.15,9,4.3,USD,,2023-09
ORD-100642,2023-06-08,2023-06-18,12338,user1759@example.com,North,United States,72642,Partner,Beverages,25,8.08,199.69,8.2,68.67,3,4.9,USD,"Standard order, no special handling requested by the buyer.",2023-06
ORD-103660,2023-02-24,2023-03-05,11762,user2308@example.com,SOUTH,United States,68468,Online,Dairy,18,20.77,530.66,11.38,164.97,12,2.3,USD,Escalated to the regional service desk for a damaged pallet.,2023-02
ORD-101072,2024-05-20,2024-05-25,12179,user2503@example.com,North,United States,95296,Online,Produce,8,19.34,212.47,8.33,73.69,5,4.8,USD,"Standard order, no special handling requested by the buyer.",2024-05
ORD-103464,2023-09-06,2023-09-08,11138,user1783@example.com,East,Canada,17908,Partner,Snacks,32,30.38,675.76,7.04,216.91,2,5.0,USD,Customer requested split delivery across two addresses.,2023-09
ORD-101205,2024-05-27,2024-05-29,10914,user2374@example.com,North,United States,68176,Online,Bakery,34,12.82,586.29,3.81,,9,3.3,USD,Customer requested split delivery across two addresses.,2024-05
ORD-101456,2023-06-19,2023-06-23,12429,user379@example.com,South,United States,82809,Retail,Bakery,31,29.15,951.89,3.93,311.59,2,4.8,USD,Escalated to the regional service desk for a damaged pallet.,2023-06
ORD-101332,2024-06-16,2024-06-26,10789,user1108@example.com,North,United States,24784,Partner,Snacks,13,58.32,724.48,12.04,224.05,7,4.3,USD,Escalated to the regional service desk for a damaged pallet.,2024-06
ORD-102086,2024-08-05,2024-08-09,11929,user1684@example.com,north ,Canada,13262,Partner,Snacks,11,16.51,140.0,10.8,46.36,7,3.3,USD,Customer requested split delivery across two addresses.,2024-08
ORD-102179,2024-10-11,2024-10-13,12296,user2584@example.com,North,United States,52677,Online,Snacks,21,12.72,237.87,12.0,78.58,4,4.3,USD,Customer requested split delivery across two addresses.,2024-10
ORD-100477,2023-01-17,2023-01-28,11166,user2186@example.com,East,Canada,12322,Wholesale,Dairy,34,6.86,337.58,11.42,101.25,11,4.2,USD,Escalated to the regional service desk for a damaged pallet.,2023-01
ORD-101716,2023-12-21,2023-12-29,11800,user1992@example.com,North,United States, 90210 ,Partner,Household,36,19.63,608.78,8.53,191.77,8,3.7,USD,,2023-12
ORD-100044,2024-06-10,2024-06-15,11687,user1083@example.com,South,United States,73896,Retail,Beverages,29,31.06,978.57,9.65,313.62,10,3.8,USD,Escalated to the regional service desk for a damaged pallet.,2024-06
ORD-102458,2023-04-05,2023-04-14,12446,user515@example.com,North,United States,74906,Retail,Produce,4,26.78,133.84,7.83,44.12,1,4.3,USD,Escalated to the regional service desk for a damaged pallet.,2023-04
ORD-100191,2024-04-15,2024-04-20,10529,user454@example.com,South,Canada,95121,Retail,Produce,21,14.76,384.97,15.71,118.56,1,1.9,USD,,2024-04
ORD-102909,2024-07-15,2024-07-22,10018,user2889@example.com,East,United States,51376,Retail,Beverages,1,55.59,52.16,5.73,21.55,5,3.2,USD,Escalated to the regional service desk for a damaged pallet.,2024-07
ORD-101527,2023-06-09,2023-06-18,11118,user2032@example.com,West,United States,73461,Online,Snacks,26,28.98,973.06,8.61,315.69,13,4.1,USD,Escalated to the regional service desk for a damaged pallet.,2023-06
ORD-103392,2023-06-24,2023-06-28,11935,user239@example.com,West,Canada,58322,Retail,Dairy,1,14.01,14.46,9.54,7.18,9,3.2,USD,Customer requested split delivery across two addresses.,2023-06
ORD-101949,2023-07-08,2023-07-08,11911,user1168@example.com,South,United States,49178,Online,Bakery,1,25.42,29.16,0.0,9.07,9,4.4,USD,Customer requested split delivery across two addresses.,2023-07
ORD-102163,2023-02-28,2023-02-28,11719,user540@example.com,East,Canada,20184,Online,Dairy,39,17.01,949.11,1.7,315.25,8,4.8,USD,,2023-02
ORD-103849,2024-09-11,2024-09-20,11799,user2883@example.com,SOUTH,United States,56480,Online,Frozen,30,12.71,343.26,2.9,109.49,6,4.0,USD,"Standard order, no special handling requested by the buyer.",2024-09
ORD-102482,2023-11-22,2023-11-30,10857,user1054@example.com,North,United States,94685,Partner,Produce,7,36.84,196.0,7.98,,8,3.3,USD,"Standard order, no special handling requested by the buyer.",2023-11
ORD-103324,2024-02-13,2024-02-23,10552,user2219@example.com,North,United States,10146,Online,Snacks,33,50.07,2284.62,12.51,712.61,3,3.8,USD,,2024-02
ORD-102983,2024-09-21,2024-09-30,11596,user1504@example.com,East,United States,42726,Retail,Snacks,16,33.29,400.99,11.92,126.85,7,3.9,USD,Customer requested split delivery across two addresses.,2024-09
ORD-103057,2024-06-08,2024-06-19,10822,user2270@example.com,East,United States,58940,Partner,Frozen,13,19.12,244.83,3.71,89.99,10,5.0,USD,,2024-06
ORD-102533,2023-08-06,2023-08-13,10424,user614@example.com,North,United States,76912,Retail,Bakery,1,33.76,28.92,2.66,0.76,4,5.0,USD,Customer requested split delivery across two addresses.,2023-08
ORD-100993,2023-05-03,2023-05-12,12219,user1159@example.com,North,United States,77633,Retail,Bakery,2,56.82,137.91,4.94,50.37,11,2.4,USD,,2023-05
ORD-100989,2024-07-15,2024-07-15,12419,user1900@example.com,East,United States,50568,Retail,Snacks,31,22.75,661.7,11.34,206.1,2,3.1,USD,,2024-07
ORD-101808,2024-08-24,2024-08-24,12060,user1926@example.com,East,United States,51429,Partner,Produce,1,47.32,34.0,8.16,,4,4.1,USD,Customer requested split delivery across two addresses.,2024-08
ORD-103626,2023-04-12,2023-04-15,11017,user1932@example.com,South,United States,66032,Retail,Beverages,20,30.46,758.9,10.72,241.07,8,3.8,USD,,2023-04
ORD-103071,2023-02-15,2023-02-16,10137,user2571@example.com,East,Canada,77338,Online,Snacks,35,29.03,1412.25,9.88,448.75,13,4.8,USD,Customer requested split delivery across two addresses.,2023-02
ORD-103340,2023-10-06,2023-10-08,11653,user1645@example.com,North,United States,21403,Partner,Bakery,7,30.33,143.5,4.67,38.64,8,4.8,USD,Customer requested split delivery across two addresses.,2023-10
ORD-101857,2024-09-16,2024-09-26,12240,user2073@example.com,West,United States,14115,Online,Household,5,24.05,107.41,13.82,33.63,13,3.0,USD,Customer requested split delivery across two addresses.,2024-09
ORD-100918,2023-07-29,2023-08-08,11259,user2250@example.com,South,Canada,53519,Retail,Dairy,19,70.15,1180.94,10.93,367.47,12,4.9,USD,Escalated to the regional service desk for a damaged pallet.,2023-07
ORD-102888,2023-11-17,2023-11-26,11534,user1249@example.com,North,Canada,36291,Partner,Produce,22,48.38,793.39,4.23,258.83,1,4.1,USD,"Standard order, no special handling requested by the buyer.",2023-11
ORD-103854,2024-09-27,2024-10-04,11806,user2013@example.com,North,United States,54366,Online,Beverages,11,29.44,286.71,18.07,88.64,13,2.9,USD,Customer requested split delivery across two addresses.,2024-09
ORD-101457,2023-03-07,2023-03-13,11125,user1757@example.com,North,Canada, 90210 ,Wholesale,Snacks,27,34.11,1525.23,3.8,505.53,9,3.7,USD,Escalated to the regional service desk for a damaged pallet.,2023-03
ORD-102725,2024-07-08,2024-07-19,10415,user2640@example.com,North,United States,19512,Online,Household,18,18.3,376.18,5.32,120.95,1,5.0,USD,Customer requested split delivery across two addresses.,2024-07
ORD-102430,2023-06-10,2023-06-11,12387,user1964@example.com,East,United States,30692,Online,Beverages,25,36.27,1166.72,10.76,368.9,11,3.7,USD,"Standard order, no special handling requested by the buyer.",2023-06
ORD-103104,2023-04-15,2023-04-17,10621,user2058@example.com,South,Mexico,40563,Online,Beverages,28,15.06,618.51,6.02,200.49,1,4.4,USD,"Standard order, no special handling requested by the buyer.",2023-04
ORD-102269,2023-05-19,2023-05-24,10386,user2294@example.com,South,Canada,44251,Online,Frozen,-39,21.91,1179.9,2.57,392.27,3,4.1,USD,Customer requested split delivery across two addresses.,2023-05
ORD-102285,2024-07-23,2024-07-27,10944,user1563@example.com,SOUTH,United States,63613,Retail,Snacks,31,48.79,1369.67,6.44,452.62,11,3.0,USD,Escalated to the regional service desk for a damaged pallet.,2024-07
ORD-100096,2023-04-03,2023-04-03,10783,user1030@example.com,North,United States,66414,Wholesale,Frozen,7,75.78,895.07,23.05,247.7,10,3.4,USD,"Standard order, no special handling requested by the buyer.",2023-04
ORD-102079,2024-04-14,2024-04-24,10772,user1823@example.com,West,United States,16327,Wholesale,Bakery,23,17.74,684.69,13.08,211.28,5,4.3,USD,Escalated to the regional service desk for a damaged pallet.,2024-04
ORD-102266,2023-04-07,2023-04-16,10599,user192@example.com,North,United States,21769,Online,Household,17,23.71,593.95,10.46,,12,4.5,USD,Escalated to the regional service desk for a damaged pallet.,2023-04
ORD-103423,2023-03-17,2023-03-22,11742,user434@example.com,East,Canada,14726,Partner,Bakery,29,21.16,685.61,5.26,220.88,9,3.2,USD,,2023-03
ORD-103952,2023-09-19,2023-09-20,10865,user1641@example.com,East,United States,57071,Online,Household,5,40.27,179.41,13.91,54.37,10,4.5,USD,Customer requested split delivery across two addresses.,2023-09
ORD-102307,2023-09-27,2023-10-04,11698,user420@example.com,West,United States,68675,Retail,Dairy,24,17.04,306.93,9.19,92.63,10,4.0,USD,Escalated to the regional service desk for a damaged pallet.,2023-09
ORD-102164,2024-01-26,2024-02-04,11439,user592@example.com,north ,Canada,50393,Wholesale,Frozen,6,46.88,420.81,10.91,133.52,10,5.0,USD,,2024-01
ORD-100022,2024-03-04,2024-03-05,11392,user281@example.com,,Canada,39956,Online,Produce,34,20.21,991.64,4.58,329.59,8,2.9,USD,,2024-03
ORD-102920,2023-09-02,2023-09-02,10565,user2223@example.com,North,United States,63211,Online,Beverages,17,27.24,426.22,6.86,140.11,10,4.3,USD,,2023-09
ORD-102004,2024-03-22,2024-03-27,12028,user632@example.com,East,United States,35645,Online,Snacks,28,10.94,450.68,8.54,,4,3.8,USD,,2024-03
ORD-100248,2024-09-15,2024-09-24,10255,user637@example.com,West,Mexico,73319,Wholesale,Frozen,5,17.67,90.41,9.92,33.26,3,4.3,USD,Escalated to the regional service desk for a damaged pallet.,2024-09
ORD-102381,2024-02-25,2024-02-25,11282,user1944@example.com,West,Mexico,73778,Retail,Frozen,4,24.59,118.56,13.36,33.71,2,,USD,,2024-02
ORD-102315,2024-11-14,2024-11-22,10181,user256@example.com,North,United States,61360,Online,Household,11,23.12,246.71,0.0,80.47,7,3.5,USD,Escalated to the regional service desk for a damaged pallet.,2024-11
ORD-101995,2024-05-21,2024-05-31,11749,user438@example.com,South,United States,62541,Online,Produce,9,9.97,122.88,7.37,49.55,5,3.8,USD,Escalated to the regional service desk for a damaged pallet.,2024-05
ORD-103944,2024-05-05,2024-05-10,10364,user1324@example.com,South,United States,19844,Partner,Bakery,36,18.64,728.7,10.57,231.7,1,4.3,USD,"Standard order, no special handling requested by the buyer.",2024-05
ORD-102560,2024-05-22,2024-05-22,10986,user1381@example.com,north ,United States,19047,Online,Frozen,8,18.08,197.5,9.98,59.7,13,3.5,USD,,2024-05
ORD-101811,2024-07-05,2024-07-10,12498,user2327@example.com,North,United States,26841,Wholesale,Snacks,13,21.74,374.16,12.29,116.14,4,4.2,USD,Customer requested split delivery across two addresses.,2024-07
ORD-100132,2023-08-03,2023-08-13,11524,user1345@example.com,South,United States,55611,Partner,Bakery,27,17.71,373.25,9.59,123.49,3,4.1,USD,,2023-08
ORD-101622,2023-04-02,2023-04-02,10161,user2358@example.com,north ,Canada,93713,Wholesale,Beverages,23,33.55,1302.14,0.0,441.03,10,3.9,USD,,2023-04
ORD-102904,2023-04-15,2023-04-23,11272,user2680@example.com,South,United States,84978,Online,Dairy,14,30.99,636.37,7.95,208.21,3,4.0,USD,"Standard order, no special handling requested by the buyer.",2023-04
ORD-101150,2023-11-13,2023-11-16,12472,user274@example.com,North,Mexico,81219,Retail,Dairy,9,40.46,297.19,19.16,88.62,10,3.6,USD,"Standard order, no special handling requested by the buyer.",2023-11
ORD-100271,2023-08-04,2023-08-09,10086,user2337@example.com,North,Mexico,70635,Online,Dairy,16,25.63,417.93,11.54,127.59,9,3.3,USD,Customer requested split delivery across two addresses.,2023-08
ORD-101194,2023-01-01,2023-01-11,11458,user964@example.com,South,Canada,44924,Online,Frozen,12,28.19,400.89,13.49,120.78,4,4.2,USD,,2023-01
ORD-103495,2024-03-21,2024-03-21,10911,user518@example.com,East,United States,88132,Wholesale,Beverages,33,23.98,1331.24,0.0,446.76,1,3.5,USD,"Standard order, no special handling requested by the buyer.",2024-03
ORD-100249,2024-11-05,2024-11-13,10480,user1780@example.com,North,United States,94452,Online,Snacks,34,29.53,944.38,11.18,295.43,9,3.7,USD,"Standard order, no special handling requested by the buyer.",2024-11
ORD-102032,2023-04-07,2023-04-17,12111,user761@example.com,SOUTH,United States,47323,Retail,Frozen,15,35.45,664.04,10.0,205.6,5,5.0,USD,Escalated to the regional service desk for a damaged pallet.,2023-04
ORD-101626,2023-08-23,2023-08-31,12424,user1064@example.com,East,United States,81982,Online,Frozen,22,10.44,217.79,4.35,,6,4.5,USD,Customer requested split delivery across two addresses.,2023-08
ORD-101978,2023-01-25,2023-02-03,11118,user1073@example.com,East,United States,19149,Online,Household,21,56.65,1550.2,5.14,497.72,13,3.6,USD,Customer requested split delivery across two addresses.,2023-01
ORD-101843,2023-09-14,2023-09-21,12073,user1843@example.com,West,Canada,94158,Online,Beverages,31,17.35,482.55,5.12,160.67,4,3.1,USD,,2023-09
ORD-101129,2023-02-21,2023-03-03,12073,user2265@example.com,West,United States,66080,Online,Frozen,4,29.18,164.6,3.4,57.33,12,4.1,USD,Escalated to the regional service desk for a damaged pallet.,2023-02
ORD-103421,2024-04-30,2024-05-06,12099,user2212@example.com,East,Canada,19039,Wholesale,Beverages,11,49.57,896.53,11.8,264.34,5,4.0,USD,"Standard order, no special handling requested by the buyer.",2024-04
ORD-100710,2023-02-17,2023-02-27,11976,user1194@example.com,South,United States,74736,Online,Snacks,22,17.21,528.91,15.53,162.67,8,4.4,USD,,2023-02
ORD-100834,2024-09-17,2024-09-19,11780,user1824@example.com,East,United States,62329,Retail,Household,27,25.77,526.02,6.22,173.94,1,3.5,USD,,2024-09
ORD-102801,2024-03-17,2024-03-23,12192,user2286@example.com,South,United States,75253,Online,Bakery,6,7.97,70.11,3.76,27.42,7,4.7,USD,Escalated to the regional service desk for a damaged pallet.,2024-03
ORD-103511,2023-12-28,2024-01-03,11271,user119@example.com,North,Canada,39456,Retail,Household,31,64.98,1988.38,11.29,625.29,7,4.1,USD,"Standard order, no special handling requested by the buyer.",2023-12
ORD-103844,2023-10-02,2023-10-07,10917,user2292@example.com,North,United States,54801,Online,Dairy,30,19.58,519.89,8.22,166.47,4,5.0,USD,Escalated to the regional service desk for a damaged pallet.,2023-10
ORD-103562,2023-04-12,2023-04-14,10690,user391@example.com,West,Canada,71846,Retail,Dairy,38,25.16,1191.02,1.11,397.91,4,4.9,USD,Customer requested split delivery across two addresses.,2023-04
ORD-100608,2024-02-21,2024-03-01,10895,user2357@example.com,South,Canada,27444,Online,Bakery,11,24.4,378.49,12.35,122.79,0,4.4,USD,Customer requested split delivery across two addresses.,2024-02
ORD-101560,2024-02-25,2024-02-29,11971,user1927@example.com,North,United States,19067,Online,Beverages,34,25.07,1212.37,12.91,370.48,8,4.0,USD,,2024-02
ORD-103723,2024-01-18,2024-01-26,11809,user2704@example.com,East,Mexico,10180,Wholesale,Dairy,33,31.8,1524.68,13.93,464.76,9,5.0,USD,Customer requested split delivery across two addresses.,2024-01
ORD-102665,2024-09-01,2024-09-06,11014,user1809@example.com,north ,United States,78453,Online,Produce,35,27.31,879.76,11.25,,2,4.1,USD,Escalated to the regional service desk for a damaged pallet.,2024-09
ORD-100504,2023-08-05,2023-08-11,10855,user37@example.com,East,United States,32413,Retail,Dairy,10,36.35,312.65,19.37,90.59,7,5.0,USD,,2023-08
ORD-102401,2024-03-25,2024-03-31,10845,user763@example.com,East,United States,91210,Partner,Beverages,5,23.65,132.88,17.47,36.96,2,5.0,USD,Escalated to the regional service desk for a damaged pallet.,2024-03
ORD-103621,2023-06-07,2023-06-11,10237,user984@example.com,South,United States,67494,Online,Snacks,35,18.31,833.59,14.95,255.91,4,3.8,USD,Escalated to the regional service desk for a damaged pallet.,2023-06
ORD-101026,2023-05-31,2023-06-05,11295,user998@example.com,South,Canada,42479,Online,Dairy,24,19.12,611.34,0.99,210.39,13,4.0,USD,,2023-05
ORD-103290,2023-03-20,2023-03-21,10503,user2897@example.com,West,United States,75477,Online,Snacks,7,29.81,306.42,12.28,98.57,11,3.9,USD,,2023-03
ORD-100941,2024-06-15,2024-06-17,11478,user632@example.com,East,United States,96060,Online,Frozen,31,25.7,1002.07,10.76,321.0,3,3.6,USD,Escalated to the regional service desk for a damaged pallet.,2024-06
ORD-101863,2023-12-13,2023-12-15,11609,user2891@example.com,North,United States,93311,Online,Snacks,21,31.02,710.08,7.99,228.07,11,5.0,USD,,2023-12
ORD-101659,2024-03-07,2024-03-18,11595,user1638@example.com,West,United States,36853,Partner,Dairy,20,38.34,847.83,4.33,288.91,3,,USD,,2024-03
ORD-102251,2023-06-23,2023-06-24,12339,user1903@example.com,North,United States,82037,Online,Snacks,36,20.86,918.43,5.82,290.15,11,4.3,USD,Escalated to the regional service desk for a damaged pallet.,2023-06
ORD-101022,2023-10-02,2023-10-04,10890,user2728@example.com,East,Canada,70809,Online,Snacks,28,17.5,433.68,9.11,139.09,2,2.1,USD,,2023-10
ORD-102395,2024-02-04,2024-02-04,10199,user2361@example.com,West,Mexico,61066,Online,Household,8,18.63,200.78,14.46,58.81,13,4.5,USD,Escalated to the regional service desk for a damaged pallet.,2024-02
ORD-100265,2024-02-29,2024-03-02,10537,user2922@example.com,North,United States,29324,Online,Produce,16,14.51,332.76,4.83,109.17,10,5.0,USD,Customer requested split delivery across two addresses.,2024-02
ORD-102219,2023-05-29,2023-06-09,12093,user2074@example.com,North,United States,29546,Online,Dairy,28,26.0,976.14,0.0,330.16,10,4.8,USD,Escalated to the regional service desk for a damaged pallet.,2023-05
ORD-100953,2024-07-23,2024-07-25,10048,user254@example.com,North,Canada,90533,Online,Beverages,22,15.39,361.8,14.62,114.34,4,4.1,USD,,2024-07
ORD-103428,2024-11-15,2024-11-22,12205,user598@example.com,South,United States,89036,Retail,Household,10,30.72,253.48,0.0,83.57,2,4.3,USD,,2024-11
ORD-103253,2024-08-16,2024-08-26,11636,user1177@example.com,West,United States,59496,Wholesale,Beverages,-21,26.35,612.99,5.76,195.9,8,3.6,USD,Escalated to the regional service desk for a damaged pallet.,2024-08
ORD-101549,2024-11-08,2024-11-08,11535,user407@example.com,north ,United States,85768,Retail,Snacks,12,33.34,322.03,5.79,104.36,4,4.5,USD,,2024-11
ORD-103644,2024-08-20,2024-08-30,10973,user2845@example.com,West,Canada,73002,Online,Household,19,8.96,162.52,0.49,56.92,1,4.1,USD,,2024-08
ORD-100678,2024-02-19,2024-02-19,11122,user485@example.com,East,Canada,95630,Retail,Frozen,21,42.65,1065.44,0.0,364.1,7,3.6,USD,Escalated to the regional service desk for a damaged pallet.,2024-02
ORD-103281,2024-06-03,2024-06-03,10247,user1684@example.com,North,United States,20430,Retail,Beverages,21,14.38,336.4,8.44,106.36,5,4.1,USD,Escalated to the regional service desk for a damaged pallet.,2024-06
ORD-100274,2024-02-02,2024-02-04,10186,user2783@example.com,North,Canada,45697,Online,Beverages,32,33.79,1447.52,0.0,487.92,12,4.0,USD,Escalated to the regional service desk for a damaged pallet.,2024-02
ORD-102242,2023-01-02,2023-01-12,12024,user1704@example.com,North,United States,49260,Retail,Beverages,2,46.5,93.8,3.34,26.61,4,4.6,USD,Customer requested split delivery across two addresses.,2023-01
ORD-102070,2024-09-09,2024-09-12,11462,user647@example.com,South,United States,31009,Online,Dairy,18,47.79,777.31,5.94,241.39,10,4.1,USD,Customer requested split delivery across two addresses.,2024-09
ORD-102118,2023-03-07,2023-03-15,10675,user2803@example.com,West,United States,50906,Online,Dairy,14,17.07,345.94,0.0,,9,3.4,USD,Escalated to the regional service desk for a damaged pallet.,2023-03
ORD-100886,2023-05-28,2023-05-31,10457,user648@example.com,West,United States,52972,Partner,Dairy,17,23.59,411.42,6.61,139.3,7,3.2,USD,,2023-05
ORD-100232,2023-10-29,2023-11-03,11427,user2032@example.com,North,United States,95219,Wholesale,Household,29,36.19,1103.69,2.04,371.62,4,5.0,USD,"Standard order, no special handling requested by the buyer.",2023-10
ORD-100613,2023-01-04,2023-01-04,11411,user1238@example.com,north ,United States,37678,Retail,Snacks,33,23.3,782.13,6.09,252.07,3,3.6,USD,,2023-01
ORD-101256,2023-10-22,2023-10-27,12210,user2626@example.com,West,United States,53436,Online,Produce,36,26.05,848.26,14.05,248.75,9,4.2,USD,Escalated to the regional service desk for a damaged pallet.,2023-10
ORD-102450,2023-10-25,2023-11-03,12088,user158@example.com,West,Canada,21386,Wholesale,Dairy,37,17.88,689.0,13.79,211.77,3,4.1,USD,Escalated to the regional service desk for a damaged pallet.,2023-10
ORD-100873,2024-08-17,2024-08-20,10264,user361@example.com,West,United States,62810,Retail,Frozen,27,12.55,277.05,9.6,92.3,10,4.5,USD,"Standard order, no special handling requested by the buyer.",2024-08
ORD-103459,2024-09-20,2024-09-23,11229,user2573@example.com,North,United States,28217,Retail,Produce,20,19.7,296.88,9.0,104.08,12,2.9,USD,"Standard order, no special handling requested by the buyer.",2024-09
ORD-102545,2024-08-09,2024-08-17,11483,user2373@example.com,East,United States,17756,Online,Snacks,26,13.32,344.42,18.51,101.96,8,3.2,USD,Escalated to the regional service desk for a damaged pallet.,2024-08
ORD-101563,2023-08-23,2023-09-01,11366,user1880@example.com,north ,Mexico,78517,Wholesale,Produce,28,21.87,664.31,5.54,216.07,9,4.3,USD,,2023-08
ORD-101787,2024-08-14,2024-08-25,12118,user321@example.com,West,Canada,34466,Retail,Frozen,38,42.15,1324.09,0.05,447.04,5,4.1,USD,Escalated to the regional service desk for a damaged pallet.,2024-08
ORD-100370,2024-07-25,2024-07-28,10460,user330@example.com,North,United States,38701,Online,Dairy,34,57.96,2087.38,6.76,683.39,8,3.8,USD,Customer requested split delivery across two addresses.,2024-07
ORD-102870,2023-03-09,2023-03-12,11426,user1368@example.com,North,Canada,73946,Wholesale,Dairy,15,19.8,493.27,9.68,158.78,11,4.6,USD,Escalated to the regional service desk for a damaged pallet.,2023-03
ORD-100880,2024-01-28,2024-02-01,12045,user289@example.com,East,United States,17710,Wholesale,Produce,13,53.52,1048.13,11.02,326.39,2,4.5,USD,Customer requested split delivery across two addresses.,2024-01
ORD-103183,2023-01-26,2023-01-28,11343,user1493@example.com,East,Canada,49096,Retail,Snacks,32,24.29,861.38,13.11,260.21,5,3.3,USD,"Standard order, no special handling requested by the buyer.",2023-01
ORD-100647,2024-05-18,2024-05-27,10741,user1877@example.com,South,United States,26835,Online,Bakery,16,33.6,742.33,12.16,227.29,12,4.2,USD,"Standard order, no special handling requested by the buyer.",2024-05
ORD-102502,2023-06-10,2023-06-14,11457,user1537@example.com,North,United States,67393,Online,Household,6,31.64,244.27,12.55,72.92,2,3.7,USD,"Standard order, no special handling requested by the buyer.",2023-06
ORD-101491,2023-08-09,2023-08-10,10326,user860@example.com,West,United States,56572,Retail,Bakery,25,45.83,969.51,8.54,310.78,8,3.8,USD,"Standard order, no special handling requested by the buyer.",2023-08
ORD-103007,2023-07-13,2023-07-24,11771,user2730@example.com,South,United States,87558,Retail,Beverages,23,39.66,867.33,2.96,287.83,3,3.6,USD,,2023-07
ORD-100036,2024-01-05,2024-01-13,10790,user2316@example.com,South,Canada,15848,Online,Household,10,44.03,530.72,8.97,170.26,13,4.4,USD,Customer requested split delivery across two addresses.,2024-01
ORD-103386,2024-02-14,2024-02-15,10260,user260@example.com,West,United States,54052,Retail,Produce,7,27.75,228.22,12.02,73.48,11,4.6,USD,Customer requested split delivery across two addresses.,2024-02
ORD-103146,2023-03-04,2023-03-09,10730,user70@example.com,South,United States,36796,Online,Dairy,34,26.93,1319.23,13.06,403.14,2,3.2,USD,Escalated to the regional service desk for a damaged pallet.,2023-03
ORD-102183,2024-10-14,2024-10-24,10661,user2711@example.com,East,Canada,26703,Online,Bakery,25,32.65,729.59,1.84,246.88,8,4.3,USD,Customer requested split delivery across two addresses.,2024-10
ORD-102653,2024-08-07,2024-08-16,10479,user1032@example.com,South,United States,96870,Online,Frozen,2,26.5,53.13,18.92,15.7,5,3.6,USD,,2024-08
ORD-101813,2023-11-04,2023-11-15,10845,user2598@example.com,North,Mexico,16224,Online,Frozen,35,28.53,933.45,19.19,272.46,10,3.4,USD,Escalated to the regional service desk for a damaged pallet.,2023-11
ORD-100201,2023-09-23,2023-09-28,11951,user63@example.com,South,United States,96535,Partner,Snacks,34,40.64,935.45,3.77,309.26,4,4.5,USD,"Standard order, no special handling requested by the buyer.",2023-09
ORD-102989,2024-11-20,2024-11-26,10525,user199@example.com,North,Canada,58199,Online,Snacks,4,11.91,47.28,11.42,14.17,9,4.4,USD,"Standard order, no special handling requested by the buyer.",2024-11
ORD-100030,2024-03-10,2024-03-11,12179,user884@example.com,West,United States,70956,Partner,Dairy,21,29.96,698.44,10.34,225.8,13,3.8,USD,"Standard order, no special handling requested by the buyer.",2024-03
ORD-100822,2023-11-07,2023-11-16,11855,user2866@example.com,north ,United States,98043,Online,Frozen,27,20.26,516.17,0.0,183.78,5,3.9,USD,Escalated to the regional service desk for a damaged pallet.,2023-11
ORD-100937,2024-11-24,2024-12-01,11700,user464@example.com,East,Canada,78646,Retail,Bakery,10,23.1,197.46,16.45,59.04,3,2.1,USD,Customer requested split delivery across two addresses.,2024-11
ORD-100903,2023-09-21,2023-09-30,12057,user2981@example.com,South,Canada,29666,Wholesale,Dairy,16,32.79,533.69,4.39,174.64,8,4.7,USD,Customer requested split delivery across two addresses.,2023-09
ORD-101656,2024-06-13,2024-06-13,12008,user2394@example.com,West,United States,27609,Partner,Dairy,19,21.77,399.88,0.95,129.06,12,3.6,USD,Customer requested split delivery across two addresses.,2024-06
ORD-102979,2023-01-31,2023-02-11,11303,user173@example.com,South,United States,30807,Partner,Beverages,16,11.0,178.54,11.28,49.54,1,4.4,USD,,2023-01
ORD-103593,2023-10-21,2023-10-30,11472,user931@example.com,South,Canada,15707,Online,Household,4,47.73,172.35,11.88,54.45,7,4.5,USD,Customer requested split delivery across two addresses.,2023-10
ORD-103536,2023-10-28,2023-10-28,10965,user893@example.com,North,Canada,30564,Online,Household,33,16.68,504.68,14.49,151.79,5,3.8,USD,Escalated to the regional service desk for a damaged pallet.,2023-10
ORD-102488,2023-09-19,2023-09-21,10431,user1353@example.com,West,Canada,16637,Partner,Snacks,6,16.43,66.99,5.79,23.86,3,3.7,USD,Escalated to the regional service desk for a damaged pallet.,2023-09
ORD-102554,2024-10-09,2024-10-12,10509,user909@example.com,North,United States,95958,Online,Dairy,1,22.59,20.08,11.62,10.43,4,4.1,USD,Customer requested split delivery across two addresses.,2024-10
ORD-103024,2023-01-14,2023-01-23,12216,user2992@example.com,SOUTH,Mexico,58169,Online,Dairy,11,33.86,465.73,7.18,150.74,3,4.0,USD,Escalated to the regional service desk for a damaged pallet.,2023-01
ORD-101388,2024-09-23,2024-10-01,11280,user2363@example.com,North,United States,52213,Retail,Bakery,2,32.09,48.24,5.49,22.97,9,4.3,USD,Escalated to the regional service desk for a damaged pallet.,2024-09
ORD-101715,2024-03-28,2024-04-06,10229,user1101@example.com,West,United States,81707,Online,Household,38,25.72,1441.15,9.95,452.23,9,2.7,USD,Customer requested split delivery across two addresses.,2024-03
ORD-101240,2024-04-12,2024-04-23,12385,user2587@example.com,North,United States,93305,Retail,Bakery,8,45.03,448.46,12.01,137.02,11,3.5,USD,,2024-04
ORD-101650,2024-03-25,2024-03-30,10705,user516@example.com,South,Canada,36852,Partner,Household,34,31.41,1200.04,7.8,378.02,4,4.4,USD,Customer requested split delivery across two addresses.,2024-03
ORD-103131,2023-02-15,2023-02-17,11216,user1761@example.com,East,United States,58740,Retail,Snacks,25,37.09,1092.22,10.11,343.71,3,3.4,USD,,2023-02
ORD-103368,2024-02-28,2024-02-29,11880,user2557@example.com,East,United States,86634,Retail,Beverages,26,29.67,935.31,9.13,302.59,6,4.1,USD,Customer requested split delivery across two addresses.,2024-02
ORD-103069,2024-02-14,2024-02-24,10055,user1281@example.com,North,Canada,98122,Retail,Frozen,6,46.04,324.54,4.11,103.46,8,3.7,USD,,2024-02
ORD-101324,2024-02-06,2024-02-07,10526,user374@example.com,South,Mexico,63161,Retail,Produce,3,23.43,80.74,14.64,20.27,10,3.3,USD,,2024-02
ORD-102200,2023-08-19,2023-08-29,10359,user2814@example.com,South,Canada,48088,Online,Produce,7,21.39,143.94,5.53,48.55,1,4.5,USD,,2023-08
ORD-101542,2023-06-05,2023-06-11,10952,user1896@example.com,East,Canada,87879,Wholesale,Bakery,14,18.92,396.97,4.2,132.22,2,3.3,USD,Escalated to the regional service desk for a damaged pallet.,2023-06
ORD-103342,2023-08-10,2023-08-15,10895,user2227@example.com,North,United States, 90210 ,Online,Beverages,15,31.69,472.74,0.09,158.23,4,3.3,USD,,2023-08
ORD-102148,2024-03-22,2024-03-22,11635,user2391@example.com,North,Canada,63030,Retail,Bakery,13,22.03,357.08,2.87,130.77,13,3.6,USD,Customer requested split delivery across two addresses.,2024-03
ORD-101575,2023-03-29,2023-04-08,12207,user209@example.com,South,United States,84596,Partner,Household,22,28.46,704.16,1.69,230.68,12,3.3,USD,"Standard order, no special handling requested by the buyer.",2023-03
ORD-102143,2024-10-05,2024-10-14,11155,user2279@example.com,South,United States,29635,Online,Bakery,37,35.21,1154.52,4.92,374.23,7,3.3,USD,,2024-10
ORD-100627,2024-06-16,2024-06-22,12435,user142@example.com,SOUTH,Canada,65126,Online,Bakery,31,26.62,1033.89,11.56,325.21,3,5.0,USD,Customer requested split delivery across two addresses.,2024-06
ORD-100530,2024-01-23,2024-01-26,11197,user370@example.com,SOUTH,United States,82331,Partner,Dairy,22,32.15,697.95,6.62,218.44,12,4.9,USD,Customer requested split delivery across two addresses.,2024-01
ORD-103834,2023-12-10,2023-12-19,10814,user958@example.com,SOUTH,United States,42246,Partner,Dairy,9,18.88,139.41,12.2,46.54,9,4.0,USD,Customer requested split delivery across two addresses.,2023-12
ORD-100373,2023-02-16,2023-02-19,11521,user1532@example.com,East,Canada,11575,Online,Frozen,36,23.85,1196.44,9.12,382.09,2,3.6,USD,"Standard order, no special handling requested by the buyer.",2023-02
ORD-100844,2023-03-03,2023-03-11,10863,user230@example.com,West,United States,64596,Retail,Snacks,14,24.82,423.57,0.0,134.59,12,4.3,USD,Escalated to the regional service desk for a damaged pallet.,2023-03
ORD-100226,2024-04-30,2024-05-04,12249,user2233@example.com,South,United States,18275,Online,Produce,22,14.81,468.25,5.53,148.78,2,3.9,USD,Customer requested split delivery across two addresses.,2024-04
ORD-100193,2024-09-05,2024-09-16,10272,user14@example.com,West,Canada,91264,Retail,Beverages,29,30.0,671.94,15.8,198.86,8,3.6,USD,"Standard order, no special handling requested by the buyer.",2024-09
ORD-102999,2024-02-07,2024-02-13,11589,user2980@example.com,South,United States,29270,Retail,Snacks,10,8.21,94.59,9.62,33.13,12,4.4,USD,Escalated to the regional service desk for a damaged pallet.,2024-02
ORD-101011,2023-02-18,2023-02-18,12475,user1724@example.com,East,Canada,88515,Partner,Snacks,6,18.23,116.83,12.34,35.84,1,5.0,USD,Escalated to the regional service desk for a damaged pallet.,2023-02
ORD-101781,2024-07-29,2024-08-07,12055,user64@example.com,West,United States,25016,Retail,Beverages,22,16.83,326.65,8.68,102.18,2,4.8,USD,Escalated to the regional service desk for a damaged pallet.,2024-07
ORD-103838,2024-02-11,2024-02-16,10052,user572@example.com,East,United States,93383,Retail,Bakery,30,14.99,524.08,5.05,173.5,3,4.2,USD,Escalated to the regional service desk for a damaged pallet.,2024-02
ORD-103058,2023-01-06,2023-01-06,10312,user2854@example.com,South,Canada,21805,Partner,Bakery,11,48.95,497.1,11.58,158.68,5,4.6,USD,,2023-01
ORD-101028,2024-06-24,2024-06-30,10073,user1001@example.com,East,Mexico,33071,Online,Bakery,30,51.89,1888.18,9.29,595.85,11,4.2,USD,,2024-06
ORD-101237,2024-09-11,2024-09-16,12134,user1433@example.com,East,United States,77674,Retail,Snacks,38,21.94,636.05,10.57,202.35,1,4.0,USD,Customer requested split delivery across two addresses.,2024-09
ORD-102694,2024-11-29,2024-12-03,12482,user2709@example.com,North,United States,41857,Wholesale,Bakery,17,15.83,317.1,15.66,94.52,5,5.0,USD,Customer requested split delivery across two addresses.,2024-11
ORD-102963,2023-12-15,2023-12-21,10411,user2919@example.com,West,United States,62802,Online,Bakery,33,27.11,983.89,6.15,327.45,12,3.7,USD,,2023-12
ORD-103265,2024-03-12,2024-03-23,10905,user525@example.com,North,United States,68461,Online,Beverages,14,27.67,565.17,7.25,174.5,7,3.7,USD,Escalated to the regional service desk for a damaged pallet.,2024-03
ORD-102507,2024-10-14,2024-10-20,12238,user2988@example.com,East,United States,37258,Online,Frozen,19,54.12,919.11,9.72,298.56,2,5.0,USD,"Standard order, no special handling requested by the buyer.",2024-10
ORD-100184,2023-02-06,2023-02-10,11787,user549@example.com,North,United States,75680,Online,Frozen,33,25.45,1138.37,19.92,331.1,9,5.0,USD,Customer requested split delivery across two addresses.,2023-02
ORD-100727,2024-10-15,2024-10-23,11271,user1300@example.com,South,United States,66015,Online,Produce,7,25.65,160.72,5.12,47.39,5,4.1,USD,Escalated to the regional service desk for a damaged pallet.,2024-10
ORD-103590,2023-01-25,2023-01-28,11910,user901@example.com,South,United States,58723,Retail,Snacks,26,31.91,916.19,12.69,281.88,9,4.0,USD,"Standard order, no special handling requested by the buyer.",2023-01
ORD-101108,2024-11-23,2024-12-04,11712,user1591@example.com,East,United States,68168,Online,Snacks,26,24.75,646.43,14.21,,10,3.5,USD,Customer requested split delivery across two addresses.,2024-11
ORD-101001,2024-01-17,2024-01-27,11149,user2762@example.com,West,United States,11942,Online,Frozen,1,15.19,19.22,8.76,0.24,8,3.6,USD,,2024-01
ORD-102960,2023-02-23,2023-03-06,10172,user332@example.com,,United States,74460,Retail,Bakery,32,12.09,464.39,0.0,166.75,12,4.5,USD,Customer requested split delivery across two addresses.,2023-02
ORD-102597,2024-04-21,2024-04-26,12009,user2206@example.com,North,United States,69844,Retail,Frozen,1,21.75,26.84,1.34,13.67,3,3.6,USD,"Standard order, no special handling requested by the buyer.",2024-04
ORD-100229,2024-05-18,2024-05-24,10593,user1409@example.com,North,United States,72339,Retail,Bakery,15,18.42,323.32,4.61,102.86,5,4.4,USD,Escalated to the regional service desk for a damaged pallet.,2024-05
ORD-100166,2024-09-07,2024-09-07,10349,user1971@example.com,North,Mexico,52805,Online,Frozen,36,19.81,647.07,14.84,200.41,13,4.2,USD,Escalated to the regional service desk for a damaged pallet.,2024-09
ORD-100689,2024-04-07,2024-04-08,12425,user551@example.com,north ,United States,87845,Online,Beverages,26,14.43,552.64,23.89,151.15,13,4.6,USD,,2024-04
ORD-101271,2024-08-31,2024-09-07,11924,user2481@example.com,West,Canada,12360,Online,Produce,36,31.97,1062.12,9.19,337.01,1,3.7,USD,,2024-08
ORD-101612,2023-04-14,2023-04-22,11116,user923@example.com,East,United States,66186,Partner,Frozen,28,17.64,552.99,3.83,180.77,11,5.0,USD,Customer requested split delivery across two addresses.,2023-04
ORD-101110,2023-03-06,2023-03-09,11575,user2919@example.com,West,Canada,96734,Wholesale,Beverages,11,19.45,353.79,7.18,112.28,2,2.8,USD,"Standard order, no special handling requested by the buyer.",2023-03
ORD-101564,2024-09-25,2024-10-01,12481,user1879@example.com,West,United States,43756,Partner,Snacks,11,8.81,65.49,1.38,18.36,1,4.0,USD,Escalated to the regional service desk for a damaged pallet.,2024-09
ORD-103657,2024-10-29,2024-11-03,11880,user363@example.com,North,Canada,18582,Online,Beverages,7,28.7,185.15,0.99,65.4,4,3.2,USD,,2024-10
ORD-101861,2023-04-04,2023-04-12,10597,user906@example.com,East,Canada,21180,Online,Household,27,19.69,21951.440000000002,14.36,238.03,8,4.3,USD,,2023-04
ORD-101383,2024-11-23,2024-11-23,11063,user22@example.com,South,United States,49769,Retail,Beverages,5,18.7,79.6,3.56,31.92,9,3.3,USD,Escalated to the regional service desk for a damaged pallet.,2024-11
ORD-103261,2024-10-09,2024-10-09,10820,user104@example.com,West,United States,40657,Online,Frozen,21,22.71,423.85,6.37,144.53,3,4.6,USD,Customer requested split delivery across two addresses.,2024-10
ORD-102652,2023-03-13,2023-03-15,11194,user555@example.com,East,United States,71252,Retail,Snacks,16,23.12,457.37,5.2,152.87,9,3.9,USD,"Standard order, no special handling requested by the buyer.",2023-03
ORD-103914,2024-10-29,2024-10-31,11305,user2202@example.com,North,United States,89813,Online,Beverages,25,22.07,508.5,6.47,174.29,7,4.5,USD,Escalated to the regional service desk for a damaged pallet.,2024-10
ORD-101845,2023-05-17,2023-05-19,11699,user2069@example.com,South,United States,54254,Retail,Bakery,11,41.54,537.54,0.0,179.3,1,3.4,USD,Customer requested split delivery across two addresses.,2023-05
ORD-100188,2024-01-02,2024-01-12,10049,user1878@example.com,East,United States,55001,Online,Frozen,37,23.28,1025.15,9.15,323.53,4,4.9,USD,Escalated to the regional service desk for a damaged pallet.,2024-01
ORD-100403,2024-07-29,2024-07-31,10513,user1398@example.com,South,United States,76685,Online,Frozen,14,30.25,440.87,3.76,146.05,1,4.2,USD,,2024-07
ORD-102478,2024-05-18,2024-05-19,11675,user1922@example.com,North,United States,55473,Online,Bakery,12,18.47,306.05,13.57,91.76,2,5.0,USD,Customer requested split delivery across two addresses.,2024-05
ORD-101676,2024-02-11,2024-02-14,11906,user2331@example.com,South,United States,91877,Retail,Beverages,30,13.08,457.31,20.3,134.24,2,4.0,USD,,2024-02
ORD-101503,2023-02-25,2023-03-03,12294,user2771@example.com,East,United States,80876,Online,Produce,36,26.27,1345.13,13.6,411.11,5,4.1,USD,Customer requested split delivery across two addresses.,2023-02
ORD-103726,2023-01-30,2023-02-08,10988,user2792@example.com,East,United States,67238,Retail,Household,32,39.33,1413.92,11.06,440.07,2,4.5,USD,Escalated to the regional service desk for a damaged pallet.,2023-01
ORD-102271,2023-04-01,2023-04-11,10830,user2878@example.com,West,United States,88529,Online,Beverages,13,24.29,465.76,3.55,,7,3.4,USD,"Standard order, no special handling requested by the buyer.",2023-04
ORD-100152,2023-11-26,2023-12-02,12116,user2858@example.com,West,United States,72392,Online,Household,39,15.72,620.94,14.25,187.61,8,3.8,USD,"Standard order, no special handling requested by the buyer.",2023-11
ORD-100815,2023-05-19,2023-05-30,12306,user2039@example.com,East,United States,22974,Online,Frozen,8,35.23,389.17,3.69,132.62,4,4.4,USD,Customer requested split delivery across two addresses.,2023-05
ORD-101892,2024-05-20,2024-05-22,10924,user1958@example.com,North,United States,66063,Retail,Beverages,9,22.08,231.27,11.02,69.77,9,4.0,USD,Escalated to the regional service desk for a damaged pallet.,2024-05
ORD-102348,2024-06-17,2024-06-27,11338,user1522@example.com,West,United States,65977,Online,Beverages,25,31.31,976.83,3.74,328.41,11,3.3,USD,Customer requested split delivery across two addresses.,2024-06
ORD-100892,2023-08-27,2023-08-30,10963,user2394@example.com,West,Canada,80185,Partner,Household,39,56.11,1562.59,10.88,491.72,2,4.7,USD,,2023-08
ORD-102373,2023-05-04,2023-05-09,11341,user1626@example.com,West,United States,93801,Online,Household,38,34.32,1864.1,7.1,601.9,12,4.9,USD,,2023-05
ORD-101093,2023-08-04,2023-08-12,11286,user717@example.com,East,United States,85846,Retail,Bakery,6,22.86,3316.8799999999997,6.51,36.53,3,5.0,USD,,2023-08
ORD-102167,2024-01-12,2024-01-18,10263,user1998@example.com,West,Mexico,76197,Online,Household,2,16.03,39.77,9.03,14.02,2,4.9,USD,Escalated to the regional service desk for a damaged pallet.,2024-01
ORD-102374,2023-07-14,2023-07-24,10911,user1011@example.com,South,United States,54718,Retail,Produce,7,17.4,115.3,9.97,31.55,5,5.0,USD,Escalated to the regional service desk for a damaged pallet.,2023-07
ORD-102778,2024-06-26,2024-06-27,11135,user257@example.com,North,Mexico,81053,Retail,Household,38,24.93,965.67,7.71,308.93,8,3.1,USD,Customer requested split delivery across two addresses.,2024-06
ORD-100734,2024-05-17,2024-05-17,11979,user1214@example.com,South,Mexico,44149,Online,Dairy,35,40.42,1958.68,13.33,,4,4.2,USD,,2024-05
ORD-101865,2024-07-02,2024-07-08,10937,user1018@example.com,South,United States,40403,Wholesale,Household,18,15.46,373.25,3.94,119.51,6,4.5,USD,,2024-07
ORD-102489,2023-04-17,2023-04-20,11041,user2104@example.com,South,Mexico,16052,Retail,Dairy,37,23.49,1078.48,0.49,364.49,8,4.3,USD,"Standard order, no special handling requested by the buyer.",2023-04
ORD-100926,2024-04-25,2024-04-26,12093,user1447@example.com,West,Canada,28013,Wholesale,Frozen,9,24.4,363.95,7.61,118.3,7,3.0,USD,"Standard order, no special handling requested by the buyer.",2024-04
ORD-100842,2023-07-24,2023-08-03,11538,user2822@example.com,West,United States,30528,Retail,Produce,38,45.36,1560.92,13.08,482.3,7,3.9,USD,"Standard order, no special handling requested by the buyer.",2023-07
ORD-100366,2024-05-25,2024-06-05,11786,user1712@example.com,East,United States,70605,Online,Household,12,24.99,405.86,14.09,122.69,9,4.9,USD,Escalated to the regional service desk for a damaged pallet.,2024-05
ORD-101532,2023-07-20,2023-07-24,11827,user1904@example.com,North,Canada,65984,Wholesale,Frozen,21,22.66,592.13,0.89,203.05,5,4.6,USD,Customer requested split delivery across two addresses.,2023-07
ORD-102472,2023-11-04,2023-11-14,10805,user2090@example.com,South,Canada,39882,Online,Dairy,1,18.19,17.0,4.96,3.59,11,5.0,USD,"Standard order, no special handling requested by the buyer.",2023-11
ORD-103143,2023-09-17,2023-09-23,10284,user1376@example.com,South,Canada,78918,Online,Dairy,9,20.51,164.88,13.85,48.96,4,2.7,USD,,2023-09
ORD-100070,2023-10-23,2023-10-31,10742,user2109@example.com,South,United States,69658,Online,Dairy,35,14.33,454.59,12.84,141.78,12,3.9,USD,Customer requested split delivery across two addresses.,2023-10
ORD-101643,2023-09-24,2023-09-25,11915,user2128@example.com,East,Canada,95038,Online,Frozen,19,13.15,221.61,7.02,68.98,12,4.8,USD,,2023-09
ORD-101032,2024-10-22,2024-10-29,11923,user1909@example.com,West,United States,10435,Online,Frozen,10,15.31,138.77,2.51,49.78,9,3.3,USD,"Standard order, no special handling requested by the buyer.",2024-10
ORD-102757,2023-07-20,2023-07-27,11885,user2270@example.com,West,United States,10195,Online,Dairy,1,19.99,21.74,11.6,14.01,11,4.0,USD,"Standard order, no special handling requested by the buyer.",2023-07
ORD-103574,2024-10-16,2024-10-27,10860,user232@example.com,East,United States,57604,Retail,Frozen,7,36.47,193.95,7.0,64.93,10,4.2,USD,"Standard order, no special handling requested by the buyer.",2024-10
ORD-101821,2023-11-20,2023-11-27,10548,user1365@example.com,North,United States,20563,Wholesale,Bakery,26,30.77,904.89,4.37,298.65,2,4.7,USD,"Standard order, no special handling requested by the buyer.",2023-11
ORD-102108,2024-05-27,2024-06-06,11134,user2963@example.com,North,United States,95086,Wholesale,Frozen,14,25.54,550.24,6.57,176.8,8,3.3,USD,Escalated to the regional service desk for a damaged pallet.,2024-05
ORD-100208,2023-01-24,2023-02-02,10342,user1081@example.com,West,Canada,15848,Retail,Bakery,2,36.61,80.57,6.9,29.02,5,3.9,USD,Customer requested split delivery across two addresses.,2023-01
ORD-102382,2024-10-13,2024-10-23,10893,user650@example.com,South,Canada,26858,Retail,Beverages,14,55.2,584.6,11.22,180.06,8,3.8,USD,Escalated to the regional service desk for a damaged pallet.,2024-10
ORD-100396,2023-10-24,2023-10-31,10877,user2748@example.com,East,United States,69301,Wholesale,Produce,13,56.2,759.22,10.93,239.77,4,5.0,USD,Escalated to the regional service desk for a damaged pallet.,2023-10
ORD-103734,2024-02-24,2024-02-25,11760,user1925@example.com,North,United States,11292,Retail,Frozen,29,36.17,1261.74,12.84,391.23,2,3.9,USD,,2024-02
ORD-100720,2023-08-04,2023-08-12,10737,user2675@example.com,South,United States,79030,Partner,Dairy,15,27.2,317.15,10.68,,11,4.7,USD,Escalated to the regional service desk for a damaged pallet.,2023-08
ORD-101512,2024-07-12,2024-07-14,12222,user242@example.com,West,United States,91691,Partner,Beverages,31,21.63,573.81,11.83,179.99,13,3.9,USD,"Standard order, no special handling requested by the buyer.",2024-07
ORD-101732,2023-11-07,2023-11-13,10737,user2396@example.com,South,United States,84086,Partner,Bakery,13,19.74,184.69,8.5,57.26,1,4.3,USD,,2023-11
ORD-101374,2023-02-28,2023-03-01,11588,user694@example.com,East,United States,80223,Retail,Produce,9,39.31,428.95,0.0,150.29,5,4.9,USD,Escalated to the regional service desk for a damaged pallet.,2023-02
ORD-103855,2024-05-31,2024-06-03,12417,user1699@example.com,East,United States,96753,Wholesale,Snacks,35,28.44,1512.18,2.51,,9,3.9,USD,Escalated to the regional service desk for a damaged pallet.,2024-05
ORD-102654,2023-09-15,2023-09-23,11910,user1681@example.com,South,United States,74481,Online,Frozen,12,30.52,328.07,8.57,111.23,9,4.2,USD,"Standard order, no special handling requested by the buyer.",2023-09
ORD-100706,2023-02-25,2023-03-06,10473,user706@example.com,North,Canada,78104,Wholesale,Bakery,35,22.57,1285.44,0.0,437.42,2,,USD,"Standard order, no special handling requested by the buyer.",2023-02
ORD-101658,2023-08-23,2023-08-23,11788,user1659@example.com,north ,Canada,82891,Retail,Beverages,2,26.75,42.99,8.28,10.94,6,4.1,USD,,2023-08
ORD-103631,2024-01-08,2024-01-16,12451,user1198@example.com,West,Canada,24231,Online,Frozen,20,10.95,267.29,9.92,81.37,9,4.6,USD,Escalated to the regional service desk for a damaged pallet.,2024-01
ORD-103416,2023-04-26,2023-05-06,10810,user2376@example.com,East,Canada,19903,Online,Produce,2,29.93,86.71,9.6,20.15,12,3.5,USD,Customer requested split delivery across two addresses.,2023-04
ORD-102928,2024-04-06,2024-04-15,12293,user1402@example.com,South,United States,91197,Online,Frozen,8,31.85,375.46,6.89,119.65,12,4.1,USD,Customer requested split delivery across two addresses.,2024-04
ORD-101534,2023-08-30,2023-09-02,11619,user2149@example.com,West,United States,26325,Partner,Bakery,32,17.24,390.47,0.85,132.67,8,3.5,USD,"Standard order, no special handling requested by the buyer.",2023-08
ORD-103257,2024-05-04,2024-05-11,11960,user1064@example.com,West,Mexico,12688,Online,Frozen,28,40.01,1598.19,6.25,530.38,12,4.8,USD,"Standard order, no special handling requested by the buyer.",2024-05
ORD-103417,2023-06-26,2023-07-07,11001,user2694@example.com,West,Mexico,33230,Wholesale,Snacks,10,21.69,299.74,0.0,108.11,1,5.0,USD,"Standard order, no special handling requested by the buyer.",2023-06
ORD-100058,2023-01-11,2023-01-15,11328,user2050@example.com,West,United States,15032,Wholesale,Bakery,21,19.48,578.25,9.36,182.4,13,4.0,USD,"Standard order, no special handling requested by the buyer.",2023-01
ORD-100287,2024-05-14,2024-05-19,11153,user307@example.com,North,Canada,56620,Online,Produce,18,26.72,671.04,11.35,203.45,3,3.1,USD,,2024-05
ORD-100825,2024-04-15,2024-04-22,10178,user1597@example.com,North,Mexico,37771,Retail,Household,22,19.76,539.92,9.52,171.45,3,3.6,USD,Customer requested split delivery across two addresses.,2024-04
ORD-100221,2024-06-25,2024-06-26,11400,user1952@example.com,North,United States,29041,Partner,Dairy,28,22.81,588.4,2.13,204.52,1,2.3,USD,Escalated to the regional service desk for a damaged pallet.,2024-06
ORD-101636,2023-12-26,2024-01-02,12202,user575@example.com,South,United States,84604,Online,Household,34,17.37,681.91,11.46,214.99,6,4.6,USD,Escalated to the regional service desk for a damaged pallet.,2023-12
ORD-103312,2024-01-17,2024-01-18,11208,user1575@example.com,West,United States,62795,Retail,Frozen,30,27.25,876.46,3.08,284.79,6,4.5,USD,Escalated to the regional service desk for a damaged pallet.,2024-01
ORD-103118,2023-02-22,2023-03-05,12432,user2117@example.com,North,Canada,51607,Retail,Snacks,33,15.57,615.41,3.17,203.78,5,4.8,USD,Escalated to the regional service desk for a damaged pallet.,2023-02
ORD-103065,2024-09-29,2024-10-01,11991,user469@example.com,North,Canada,85706,Online,Produce,10,26.09,230.9,8.85,73.53,3,2.8,USD,Customer requested split delivery across two addresses.,2024-09
ORD-101839,2023-09-15,2023-09-26,10817,user1199@example.com,South,Canada,38848,Partner,Frozen,36,40.76,1002.53,13.35,306.5,10,5.0,USD,"Standard order, no special handling requested by the buyer.",2023-09
ORD-103948,2023-07-31,2023-07-31,10180,user2173@example.com,South,United States,25457,Retail,Snacks,10,17.93,157.5,5.88,56.51,6,3.0,USD,"Standard order, no special handling requested by the buyer.",2023-07
ORD-102900,2024-02-04,2024-02-04,10791,user2069@example.com,West,United States,27503,Online,Bakery,38,18.92,968.57,7.78,309.83,2,4.1,USD,"Standard order, no special handling requested by the buyer.",2024-02
ORD-103588,2023-01-19,2023-01-22,10608,user270@example.com,West,United States,11893,Partner,Beverages,30,21.32,621.87,2.9,207.79,6,4.1,USD,,2023-01
ORD-103900,2023-11-13,2023-11-22,11916,user602@example.com,North,United States,12374,Retail,Frozen,19,15.18,235.39,9.71,76.44,4,4.8,USD,,2023-11
ORD-101737,2023-01-14,2023-01-17,12374,user281@example.com,North,Canada,49465,Retail,Produce,36,36.83,1404.99,10.01,441.01,3,3.1,USD,Escalated to the regional service desk for a damaged pallet.,2023-01
ORD-100355,2023-06-25,2023-06-30,11470,user814@example.com,North,United States,50497,Online,Dairy,31,31.45,1182.56,16.69,358.6,5,4.5,USD,,2023-06
ORD-103500,2024-05-09,2024-05-13,11901,user552@example.com,North,United States,64148,Wholesale,Bakery,35,28.77,1626.38,0.0,547.23,7,3.9,USD,"Standard order, no special handling requested by the buyer.",2024-05
ORD-101228,2024-02-21,2024-02-22,10577,user551@example.com,South,United States,73202,Online,Produce,8,5.36,60.47,12.93,,8,4.9,USD,,2024-02
ORD-103595,2023-02-23,2023-02-23,11907,user2537@example.com,North,Mexico,92257,Online,Frozen,20,30.37,860.32,1.4,292.17,10,3.0,USD,Customer requested split delivery across two addresses.,2023-02
ORD-102075,2023-05-27,2023-05-30,11241,user1375@example.com,East,United States,29233,Online,Household,1,13.88,18.73,10.8,3.39,2,3.6,USD,Escalated to the regional service desk for a damaged pallet.,2023-05
ORD-102434,2024-04-15,2024-04-15,12126,user2600@example.com,South,United States,37668,Partner,Bakery,12,15.57,208.85,3.55,74.21,4,4.0,USD,Escalated to the regional service desk for a damaged pallet.,2024-04
ORD-101134,2023-06-13,2023-06-21,10703,user1294@example.com,SOUTH,United States,45783,Online,Snacks,9,18.39,210.59,12.32,68.96,9,4.3,USD,"Standard order, no special handling requested by the buyer.",2023-06
ORD-103887,2023-09-02,2023-09-11,10295,user1030@example.com,North,United States,62129,Partner,Dairy,10,20.16,141.52,10.82,44.08,1,3.8,USD,Customer requested split delivery across two addresses.,2023-09
ORD-102720,2023-09-22,2023-09-28,10748,user1936@example.com,South,Canada,17610,Partner,Dairy,20,26.9,364.52,2.15,125.08,11,3.9,USD,"Standard order, no special handling requested by the buyer.",2023-09
ORD-102422,2023-09-21,2023-09-26,12300,user1740@example.com,South,United States,62372,Online,Frozen,19,25.74,434.85,16.03,131.55,5,4.7,USD,Customer requested split delivery across two addresses.,2023-09
ORD-101848,2023-06-24,2023-06-25,11808,user311@example.com,South,United States,66964,Retail,Frozen,13,24.22,324.99,8.63,105.24,9,4.4,USD,,2023-06
ORD-102758,2024-07-10,2024-07-14,10180,user2212@example.com,West,United States,45200,Partner,Frozen,2,42.73,73.78,9.03,13.29,9,4.3,USD,Customer requested split delivery across two addresses.,2024-07
ORD-102668,2024-05-13,2024-05-20,11409,user2983@example.com,East,United States,53626,Wholesale,Beverages,19,68.7,2088.69,7.4,676.3,1,5.0,USD,Customer requested split delivery across two addresses.,2024-05
ORD-101557,2023-05-20,2023-05-29,10821,user1664@example.com,North,United States,16140,Online,Bakery,29,46.81,1869.37,12.31,573.21,2,4.2,USD,Escalated to the regional service desk for a damaged pallet.,2023-05
ORD-102905,2023-09-01,2023-09-01,10600,user283@example.com,West,United States,51552,Partner,Snacks,1,23.37,16.45,5.13,,1,4.1,USD,Customer requested split delivery across two addresses.,2023-09
ORD-103612,2023-08-22,2023-08-26,12412,user2009@example.com,West,United States,43115,Wholesale,Snacks,2,39.72,86.47,0.13,24.71,13,3.6,USD,"Standard order, no special handling requested by the buyer.",2023-08
ORD-100490,2023-12-25,2024-01-04,10551,user749@example.com,East,Canada,26300,Online,Beverages,38,38.6,1686.21,6.44,545.74,11,5.0,USD,Escalated to the regional service desk for a damaged pallet.,2023-12
ORD-101382,2024-02-29,2024-03-05,10689,user258@example.com,South,Canada,27621,Retail,Dairy,6,21.21,154.58,3.68,50.95,3,5.0,USD,Customer requested split delivery across two addresses.,2024-02
ORD-100667,2023-05-04,2023-05-13,11363,user526@example.com,West,United States,31095,Online,Dairy,31,15.72,696.55,14.71,215.44,7,4.5,USD,,2023-05
ORD-102319,2023-10-23,2023-10-31,12348,user1391@example.com,South,Canada,99010,Partner,Beverages,37,5.27,134.8,8.57,45.71,1,3.7,USD,Escalated to the regional service desk for a damaged pallet.,2023-10
ORD-100066,2023-06-14,2023-06-23,11740,user1060@example.com,North,Canada,80893,Retail,Dairy,12,32.3,416.35,1.98,135.67,12,3.9,USD,,2023-06
ORD-101509,2023-11-01,2023-11-09,12483,user354@example.com,South,United States,56953,Online,Bakery,26,12.75,307.19,3.49,104.98,1,3.7,USD,,2023-11
ORD-103790,2023-02-24,2023-03-06,11702,user955@example.com,North,Canada,58609,Wholesale,Dairy,1,22.95,37.27,11.21,7.22,1,3.7,USD,"Standard order, no special handling requested by the buyer.",2023-02
ORD-100391,2023-10-19,2023-10-27,12248,user2124@example.com,North,Canada,32555,Retail,Snacks,26,22.42,444.32,4.91,144.34,11,4.3,USD,"Standard order, no special handling requested by the buyer.",2023-10
ORD-103395,2024-11-09,2024-11-13,11771,user2647@example.com,North,United States,92931,Partner,Beverages,36,13.56,354.83,11.59,108.91,4,3.3,USD,"Standard order, no special handling requested by the buyer.",2024-11
ORD-101363,2023-04-28,2023-04-28,11032,user2442@example.com,South,United States,76779,Retail,Produce,26,13.25,421.65,4.91,138.31,6,3.4,USD,Escalated to the regional service desk for a damaged pallet.,2023-04
ORD-103172,2023-04-25,2023-05-06,11925,user1110@example.com,North,United States,90722,Retail,Household,8,18.92,186.08,5.36,53.76,7,3.8,USD,Customer requested split delivery across two addresses.,2023-04
ORD-100295,2023-05-31,2023-06-01,11814,user782@example.com,East,United States,84197,Retail,Snacks,35,37.28,1473.14,8.5,470.92,4,5.0,USD,"Standard order, no special handling requested by the buyer.",2023-05
ORD-101535,2024-07-27,2024-08-07,10718,user1603@example.com,East,United States,73577,Partner,Bakery,9,26.53,191.23,9.2,56.4,9,4.4,USD,Escalated to the regional service desk for a damaged pallet.,2024-07
ORD-103856,2023-06-11,2023-06-21,12439,user2908@example.com,North,United States,11843,Retail,Frozen,9,16.09,157.32,0.87,49.77,6,4.1,USD,Escalated to the regional service desk for a damaged pallet.,2023-06
ORD-101500,2023-08-17,2023-08-24,12224,user1670@example.com,South,United States,63003,Online,Household,15,26.87,390.27,6.42,126.15,9,4.1,USD,Customer requested split delivery across two addresses.,2023-08
ORD-102836,2023-02-15,2023-02-25,11252,user1141@example.com,North,United States,90882,Online,Produce,36,22.75,1138.36,10.61,357.48,0,5.0,USD,,2023-02
ORD-100168,2024-06-27,2024-07-01,12263,user917@example.com,South,United States,62012,Online,Frozen,28,23.74,796.18,0.0,270.62,9,5.0,USD,"Standard order, no special handling requested by the buyer.",2024-06
ORD-103226,2023-06-09,2023-06-12,11393,user1629@example.com,East,United States,77492,Online,Snacks,29,35.57,1332.14,4.1,439.26,8,3.7,USD,Escalated to the regional service desk for a damaged pallet.,2023-06
ORD-102453,2024-09-25,2024-09-26,11364,user1007@example.com,West,Canada,94873,Online,Bakery,30,19.64,522.02,0.0,179.1,2,4.1,USD,Escalated to the regional service desk for a damaged pallet.,2024-09
ORD-103815,2024-01-10,2024-01-20,10823,user1387@example.com,East,Mexico,26959,Retail,Produce,22,23.46,538.22,5.22,170.63,3,3.3,USD,,2024-01
ORD-100304,2023-01-21,2023-01-23,12477,user2444@example.com,North,United States,90622,Retail,Beverages,34,36.1,1335.93,6.36,433.78,4,3.1,USD,"Standard order, no special handling requested by the buyer.",2023-01
ORD-103164,2024-02-28,2024-03-06,11405,user2236@example.com,South,United States,40570,Online,Beverages,9,22.45,289.07,8.25,87.12,4,4.2,USD,Escalated to the regional service desk for a damaged pallet.,2024-02
ORD-102956,2024-06-04,2024-06-11,12457,user2101@example.com,North,United States,46820,Retail,Snacks,38,17.86,753.42,9.62,239.75,1,3.6,USD,,2024-06
ORD-102827,2024-10-15,2024-10-16,10509,user2583@example.com,North,United States,20802,Partner,Dairy,1,22.27,15.2,5.86,10.01,12,3.7,USD,Customer requested split delivery across two addresses.,2024-10
ORD-102733,2024-08-08,2024-08-19,10904,user576@example.com,North,United States,64640,Wholesale,Household,28,27.78,888.56,1.0,298.3,8,2.9,USD,,2024-08
ORD-103654,2023-04-10,2023-04-16,10798,user1033@example.com,North,United States,85411,Partner,Produce,34,15.38,586.95,0.43,191.8,8,4.4,USD,Customer requested split delivery across two addresses.,2023-04
ORD-102735,2024-02-29,2024-03-09,10614,user861@example.com,North,United States,31203,Partner,Household,38,28.73,1193.51,0.0,408.65,3,3.6,USD,Escalated to the regional service desk for a damaged pallet.,2024-02
ORD-100542,2023-03-02,2023-03-11,10867,user587@example.com,West,Canada,26733,Wholesale,Produce,37,31.8,1932.88,2.43,640.32,6,4.0,USD,"Standard order, no special handling requested by the buyer.",2023-03
ORD-100203,2023-01-05,2023-01-12,11505,user2100@example.com,North,United States,16473,Retail,Household,31,40.59,1285.33,4.63,425.96,5,2.5,USD,Customer requested split delivery across two addresses.,2023-01
ORD-102592,2024-10-16,2024-10-27,10012,user1121@example.com,East,United States,95197,Online,Dairy,18,47.16,760.99,15.31,230.45,12,3.7,USD,Escalated to the regional service desk for a damaged pallet.,2024-10
ORD-100671,2024-02-25,2024-02-27,10092,user1495@example.com,West,United States,25248,Online,Bakery,15,10.29,219.54,9.03,67.99,2,3.4,USD,Escalated to the regional service desk for a damaged pallet.,2024-02
ORD-102736,2024-05-19,2024-05-19,12465,user1434@example.com,West,United States,27333,Retail,Produce,28,34.67,1132.89,9.68,361.76,6,3.9,USD,Escalated to the regional service desk for a damaged pallet.,2024-05
ORD-102448,2024-03-12,2024-03-15,11699,user414@example.com,South,United States,97568,Partner,Beverages,37,30.72,1264.81,5.43,415.87,5,5.0,USD,"Standard order, no special handling requested by the buyer.",2024-03
ORD-102525,2024-04-15,2024-04-23,10184,user327@example.com,South,United States,40351,Retail,Beverages,25,20.33,631.24,10.56,194.58,6,3.2,USD,"Standard order, no special handling requested by the buyer.",2024-04
ORD-102486,2023-05-17,2023-05-22,11139,user2470@example.com,North,United States,54999,Retail,Snacks,39,15.5,711.13,9.81,222.93,9,4.4,USD,Escalated to the regional service desk for a damaged pallet.,2023-05
ORD-101238,2024-03-31,2024-04-04,10196,user1390@example.com,East,Mexico,50421,Retail,Bakery,15,13.17,246.94,7.11,81.09,9,2.7,USD,"Standard order, no special handling requested by the buyer.",2024-03
ORD-103655,2024-02-24,2024-03-03,10676,user2542@example.com,West,United States,39247,Retail,Frozen,31,10.02,373.64,8.51,121.12,11,3.6,USD,,2024-02
ORD-100725,2023-07-14,2023-07-14,12071,user2378@example.com,South,Canada,80874,Wholesale,Dairy,8,21.96,224.51,14.0,,1,2.9,USD,Escalated to the regional service desk for a damaged pallet.,2023-07
ORD-101333,2023-06-01,2023-06-12,10242,user255@example.com,West,United States,39630,Online,Dairy,20,21.46,569.92,10.3,172.83,3,4.1,USD,,2023-06
ORD-100731,2024-03-28,2024-03-30,10719,user2175@example.com,SOUTH,Mexico,56739,Retail,Snacks,1,22.87,28.58,3.69,5.83,9,4.7,USD,Customer requested split delivery across two addresses.,2024-03
ORD-103259,2024-06-30,2024-07-02,12007,user1237@example.com,East,United States,18487,Partner,Household,29,15.94,416.93,11.85,119.27,1,4.3,USD,,2024-06
ORD-100082,2024-04-25,2024-04-26,10845,user1514@example.com,West,United States,94526,Wholesale,Household,4,38.65,256.22,6.14,80.71,8,4.8,USD,Escalated to the regional service desk for a damaged pallet.,2024-04
ORD-101495,2023-07-12,2023-07-13,12496,user2529@example.com,West,United States,99931,Online,Snacks,32,47.17,1701.09,11.78,534.17,2,3.3,USD,Customer requested split delivery across two addresses.,2023-07
ORD-100472,2024-01-11,2024-01-12,11047,user547@example.com,North,United States,50738,Retail,Beverages,9,13.72,129.29,9.41,36.98,9,4.1,USD,,2024-01
ORD-103367,2023-09-01,2023-09-02,12140,user81@example.com,East,Canada,73777,Wholesale,Bakery,17,39.45,708.07,13.53,209.32,8,4.4,USD,"Standard order, no special handling requested by the buyer.",2023-09
ORD-102087,2023-10-23,2023-10-29,10908,user2542@example.com,South,United States,90454,Partner,Produce,11,19.33,146.99,7.89,47.4,13,4.6,USD,Escalated to the regional service desk for a damaged pallet.,2023-10
ORD-103565,2024-11-22,2024-12-02,10680,user978@example.com,East,United States,73879,Online,Frozen,36,48.03,1729.94,1.38,578.91,6,4.5,USD,,2024-11
ORD-103406,2024-06-26,2024-07-04,10689,user1122@example.com,North,United States,66251,Retail,Snacks,14,24.14,344.5,15.88,107.36,3,4.7,USD,,2024-06
ORD-102030,2023-04-04,2023-04-12,10218,user1558@example.com,South,Mexico,19597,Online,Dairy,12,16.39,290.04,6.88,93.8,7,3.2,USD,Escalated to the regional service desk for a damaged pallet.,2023-04
ORD-100364,2023-12-10,2023-12-16,10760,user2799@example.com,North,Canada,38122,Retail,Snacks,24,31.76,694.84,9.06,214.93,11,4.9,USD,,2023-12
ORD-103389,2024-01-10,2024-01-20,10406,user2123@example.com,South,United States,86249,Retail,Frozen,21,36.04,789.25,4.68,259.3,10,3.9,USD,"Standard order, no special handling requested by the buyer.",2024-01
ORD-103927,2023-08-17,2023-08-21,12187,user70@example.com,West,United States,29975,Retail,Household,32,49.49,1299.54,2.58,435.74,10,3.6,USD,"Standard order, no special handling requested by the buyer.",2023-08
ORD-102068,2023-01-19,2023-01-30,10180,user1950@example.com,South,United States,34894,Wholesale,Household,7,9.12,93.11,8.89,29.12,6,4.2,USD,"Standard order, no special handling requested by the buyer.",2023-01
ORD-102508,2024-08-22,2024-08-22,11073,user31@example.com,SOUTH,United States,76163,Retail,Beverages,10,12.72,102.22,3.39,33.03,12,4.6,USD,,2024-08
ORD-102877,2023-04-20,2023-04-23,12420,user939@example.com,South,Canada,96012,Partner,Bakery,7,31.15,242.77,3.37,83.84,5,3.8,USD,Escalated to the regional service desk for a damaged pallet.,2023-04
ORD-101968,2024-03-14,2024-03-16,12022,user2098@example.com,West,United States,37498,Online,Beverages,26,57.09,2170.24,7.29,694.17,12,3.3,USD,,2024-03
ORD-100967,2024-10-27,2024-11-05,12429,user2421@example.com,North,United States,74564,Online,Produce,27,30.96,766.43,4.4,259.62,7,4.0,USD,,2024-10
ORD-103983,2024-08-10,2024-08-14,12486,user432@example.com,North,United States,90328,Retail,Household,4,24.0,80.59,11.16,20.87,4,3.7,USD,"Standard order, no special handling requested by the buyer.",2024-08
ORD-101423,2023-04-13,2023-04-18,10014,user572@example.com,north ,United States,39918,Online,Beverages,26,23.59,900.99,13.89,278.92,11,4.2,USD,Escalated to the regional service desk for a damaged pallet.,2023-04
ORD-103735,2023-08-17,2023-08-24,10716,user1600@example.com,South,United States,21955,Retail,Frozen,25,18.48,379.11,5.77,125.17,6,4.3,USD,,2023-08
ORD-102317,2023-11-02,2023-11-05,10505,user927@example.com,East,Canada,33889,Retail,Produce,31,28.52,696.28,17.35,202.75,7,4.6,USD,"Standard order, no special handling requested by the buyer.",2023-11
ORD-103212,2023-12-20,2023-12-22,10257,user2938@example.com,West,United States,96956,Online,Bakery,17,38.56,737.11,10.32,235.96,12,4.1,USD,Customer requested split delivery across two addresses.,2023-12
ORD-101688,2023-05-07,2023-05-08,10562,user45@example.com,North,Canada,33163,Online,Household,5,37.92,269.4,9.8,81.03,4,2.4,USD,"Standard order, no special handling requested by the buyer.",2023-05
ORD-102926,2023-08-05,2023-08-11,10038,user1140@example.com,East,Mexico,38367,Partner,Snacks,24,33.9,629.8,11.27,192.43,9,4.0,USD,"Standard order, no special handling requested by the buyer.",2023-08
ORD-102483,2024-05-21,2024-05-31,11836,user872@example.com,North,Canada,73210,Retail,Frozen,5,10.77,62.49,2.59,26.33,3,4.0,USD,Escalated to the regional service desk for a damaged pallet.,2024-05
ORD-100500,2023-12-09,2023-12-18,11251,user750@example.com,North,Canada,35976,Online,Beverages,9,37.85,364.81,4.2,117.96,4,4.3,USD,Customer requested split delivery across two addresses.,2023-12
ORD-103236,2023-01-20,2023-01-28,11615,user1374@example.com,West,United States,82551,Partner,Snacks,24,11.29,264.44,4.05,87.77,12,4.5,USD,Customer requested split delivery across two addresses.,2023-01
ORD-102971,2024-10-06,2024-10-16,10926,user2142@example.com,East,United States,73905,Retail,Bakery,17,25.83,329.97,10.13,107.56,13,5.0,USD,"Standard order, no special handling requested by the buyer.",2024-10
ORD-102490,2024-07-13,2024-07-19,11951,user1067@example.com,South,United States,63079,Online,Snacks,10,31.73,354.43,10.94,113.97,1,4.4,USD,Customer requested split delivery across two addresses.,2024-07
ORD-103470,2023-09-12,2023-09-18,12422,user1321@example.com,South,Mexico,29070,Retail,Household,2,26.8,40.89,5.25,12.52,8,4.3,USD,Escalated to the regional service desk for a damaged pallet.,2023-09
ORD-101948,2024-04-20,2024-04-28,12007,user781@example.com,East,United States,23749,Retail,Produce,15,37.67,698.23,2.18,227.91,5,4.4,USD,,2024-04
ORD-102182,2024-11-16,2024-11-23,11015,user1403@example.com,North,Mexico,63907,Retail,Snacks,13,17.82,191.87,3.86,70.56,12,5.0,USD,Customer requested split delivery across two addresses.,2024-11
ORD-100871,2023-08-27,2023-08-31,10870,user226@example.com,East,United States,97580,Online,Frozen,3,23.16,65.05,12.55,19.78,10,4.2,USD,,2023-08
ORD-102832,2024-09-12,2024-09-16,12113,user1392@example.com,East,United States,77046,Online,Beverages,24,7.34,158.31,4.83,56.29,5,5.0,USD,Escalated to the regional service desk for a damaged pallet.,2024-09
ORD-102770,2024-03-04,2024-03-05,12292,user2628@example.com,West,United States,94895,Wholesale,Bakery,7,9.84,113.72,0.0,38.15,9,3.9,USD,,2024-03
ORD-103435,2023-04-06,2023-04-10,12134,user2396@example.com,North,Mexico,63345,Online,Produce,33,16.02,779.25,12.24,246.73,12,5.0,USD,"Standard order, no special handling requested by the buyer.",2023-04
ORD-102099,2024-04-17,2024-04-24,10921,user2380@example.com,South,United States,60194,Online,Produce,30,11.19,491.07,8.46,155.9,8,4.2,USD,,2024-04
ORD-101806,2024-03-22,2024-03-27,10357,user2578@example.com,North,United States,32265,Online,Snacks,38,35.79,2000.95,7.44,644.34,10,4.6,USD,Customer requested split delivery across two addresses.,2024-03
ORD-102868,2023-02-05,2023-02-05,10647,user1711@example.com,West,United States,40653,Online,Frozen,31,23.96,1003.72,12.32,306.04,3,3.6,USD,Customer requested split delivery across two addresses.,2023-02
ORD-103509,2023-11-29,2023-11-30,12086,user1829@example.com,South,Canada,62110,Online,Bakery,21,7.13,153.56,0.0,48.12,9,3.5,USD,Customer requested split delivery across two addresses.,2023-11
ORD-101631,2024-03-13,2024-03-22,11754,user2610@example.com,SOUTH,United States,59873,Wholesale,Household,10,4.42,73.86,15.85,22.51,6,4.6,USD,Customer requested split delivery across two addresses.,2024-03
ORD-103462,2023-12-30,2024-01-04,10411,user1808@example.com,North,Canada,95211,Retail,Household,5,38.39,191.12,11.33,61.29,9,4.5,USD,"Standard order, no special handling requested by the buyer.",2023-12
ORD-102026,2024-05-18,2024-05-23,11811,user1057@example.com,South,Mexico,94978,Retail,Household,22,47.19,1214.87,1.22,408.52,8,4.0,USD,,2024-05
ORD-101736,2023-07-15,2023-07-24,10418,user401@example.com,South,Canada,36687,Online,Household,27,50.05,1502.78,15.73,453.71,3,3.8,USD,,2023-07
ORD-101160,2023-07-12,2023-07-14,11983,user1916@example.com,West,United States,75299,Retail,Household,19,25.02,454.02,7.73,141.11,9,3.2,USD,Customer requested split delivery across two addresses.,2023-07
ORD-100700,2024-02-07,2024-02-16,10251,user2073@example.com,East,Canada,30996,Online,Produce,16,33.47,728.04,8.92,237.14,11,5.0,USD,,2024-02
ORD-100298,2024-07-08,2024-07-12,10097,user1050@example.com,West,United States,49963,Wholesale,Bakery,9,23.59,277.39,6.87,85.13,1,3.9,USD,Escalated to the regional service desk for a damaged pallet.,2024-07
ORD-103454,2024-07-18,2024-07-28,10875,user352@example.com,North,United States,13174,Online,Snacks,11,13.66,164.15,2.0,50.36,6,3.8,USD,Escalated to the regional service desk for a damaged pallet.,2024-07
ORD-101090,2024-02-19,2024-02-21,10748,user819@example.com,West,Mexico,73997,Partner,Frozen,23,21.53,530.16,11.93,155.86,11,4.7,USD,Customer requested split delivery across two addresses.,2024-02
ORD-100901,2024-08-28,2024-09-05,11117,user1345@example.com,South,Canada,80133,Retail,Snacks,20,34.49,544.04,7.09,183.95,5,4.4,USD,,2024-08
ORD-100025,2024-08-14,2024-08-20,11117,user257@example.com,South,Mexico,87417,Online,Snacks,9,12.85,112.81,11.55,34.78,10,3.8,USD,Escalated to the regional service desk for a damaged pallet.,2024-08
ORD-102797,2023-06-11,2023-06-15,12181,user386@example.com,north ,United States,10240,Retail,Snacks,22,41.27,986.39,7.8,321.79,4,4.0,USD,Escalated to the regional service desk for a damaged pallet.,2023-06
ORD-100293,2023-03-05,2023-03-14,11818,user1772@example.com,East,United States,54401,Retail,Beverages,2,65.69,160.68,0.0,54.7,7,5.0,USD,Customer requested split delivery across two addresses.,2023-03
ORD-101342,2024-11-07,2024-11-07,11946,user2475@example.com,East,United States,88918,Online,Frozen,21,19.96,396.81,16.35,122.05,12,4.8,USD,Escalated to the regional service desk for a damaged pallet.,2024-11
ORD-102600,2023-03-16,2023-03-18,11132,user51@example.com,South,Mexico,67913,Online,Household,6,49.87,437.92,5.9,142.66,1,3.9,USD,,2023-03
ORD-102023,2023-05-11,2023-05-15,11081,user1512@example.com,South,United States,35640,Retail,Dairy,26,14.98,464.93,0.0,151.53,5,3.0,USD,Customer requested split delivery across two addresses.,2023-05
ORD-101536,2023-12-26,2023-12-30,12041,user2317@example.com,West,United States,99691,Online,Dairy,32,18.57,686.13,14.35,209.71,12,4.0,USD,Customer requested split delivery across two addresses.,2023-12
ORD-100936,2024-06-22,2024-07-03,10702,user221@example.com,South,United States,98137,Wholesale,Snacks,34,20.55,977.63,10.13,305.93,3,3.8,USD,,2024-06
ORD-103825,2023-01-04,2023-01-06,12019,user2752@example.com,North,United States,99572,Online,Dairy,19,32.25,735.48,14.75,223.61,1,3.8,USD,,2023-01
ORD-103275,2024-06-19,2024-06-26,12142,user1682@example.com,West,Canada,12746,Online,Produce,30,36.15,1342.63,9.98,420.19,6,4.5,USD,Escalated to the regional service desk for a damaged pallet.,2024-06
ORD-100033,2024-02-26,2024-03-05,11053,user2666@example.com,East,United States,94387,Retail,Bakery,34,32.92,1351.86,11.31,415.22,2,3.5,USD,Customer requested split delivery across two addresses.,2024-02
ORD-100928,2023-01-07,2023-01-09,10687,user2548@example.com,West,United States,85299,Retail,Beverages,38,79.12,3096.91,21.34,889.39,10,4.0,USD,"Standard order, no special handling requested by the buyer.",2023-01
ORD-101323,2023-01-04,2023-01-06,12200,user2213@example.com,north ,United States,75497,Partner,Beverages,26,30.78,732.64,6.48,236.75,3,4.5,USD,Customer requested split delivery across two addresses.,2023-01
ORD-102711,2023-06-17,2023-06-18,11286,user2559@example.com,North,United States,66412,Online,Bakery,19,37.95,903.38,7.6,286.06,2,3.4,USD,Escalated to the regional service desk for a damaged pallet.,2023-06
ORD-101201,2024-05-01,2024-05-06,11857,user1668@example.com,South,United States,80775,Partner,Frozen,33,31.74,1146.09,11.44,358.01,13,4.2,USD,,2024-05
ORD-103345,2024-09-25,2024-10-06,11137,user1270@example.com,North,United States,36308,Online,Produce,23,30.15,614.39,12.7,181.38,4,4.4,USD,,2024-09
ORD-102837,2024-09-01,2024-09-09,10026,user819@example.com,East,United States,59894,Online,Frozen,6,29.14,160.92,19.79,46.28,2,3.4,USD,Customer requested split delivery across two addresses.,2024-09
ORD-100998,2024-11-29,2024-12-10,10196,user2031@example.com,South,United States,72848,Online,Dairy,23,11.87,281.18,11.25,90.96,1,5.0,USD,"Standard order, no special handling requested by the buyer.",2024-11
ORD-100786,2023-04-22,2023-05-03,11817,user2453@example.com,North,Mexico,60169,Retail,Household,10,28.52,352.0,17.1,109.7,3,4.6,USD,"Standard order, no special handling requested by the buyer.",2023-04
ORD-102301,2024-04-10,2024-04-19,11197,user1362@example.com,West,United States,92301,Online,Produce,30,19.67,867.95,14.17,271.13,13,4.0,USD,,2024-04
ORD-100319,2024-06-21,2024-06-27,12442,user2654@example.com,North,Canada,61415,Partner,Bakery,1,42.48,39.79,4.81,14.67,5,4.4,USD,Customer requested split delivery across two addresses.,2024-06
ORD-100136,2023-07-24,2023-07-28,11267,user2096@example.com,North,United States,40291,Retail,Snacks,31,28.71,805.97,10.7,256.04,6,2.6,USD,Escalated to the regional service desk for a damaged pallet.,2023-07
ORD-101182,2023-07-22,2023-07-24,11132,user1222@example.com,East,United States,24767,Online,Produce,5,16.66,89.8,0.0,26.63,12,5.0,USD,Escalated to the regional service desk for a damaged pallet.,2023-07
ORD-101683,2024-02-28,2024-03-05,11862,user1624@example.com,East,United States,96875,Online,Beverages,14,28.22,565.24,8.88,178.69,7,4.6,USD,Escalated to the regional service desk for a damaged pallet.,2024-02
ORD-100190,2023-10-12,2023-10-13,10674,user2362@example.com,North,United States,65283,Wholesale,Snacks,23,40.67,953.0,8.06,306.82,4,3.1,USD,Escalated to the regional service desk for a damaged pallet.,2023-10
ORD-101747,2024-06-02,2024-06-10,11526,user2957@example.com,South,United States,86040,Retail,Household,36,20.05,806.82,9.83,254.82,2,3.8,USD,"Standard order, no special handling requested by the buyer.",2024-06
ORD-100451,2024-09-08,2024-09-10,12259,user2054@example.com,West,United States,55124,Partner,Bakery,27,16.39,305.61,13.53,97.28,2,4.7,USD,,2024-09
ORD-102268,2024-02-11,2024-02-11,11255,user538@example.com,East,United States,30663,Partner,Beverages,28,44.08,1294.55,9.23,407.79,11,4.2,USD,Escalated to the regional service desk for a damaged pallet.,2024-02
ORD-101558,2024-05-22,2024-05-23,11059,user1631@example.com,West,United States,77551,Retail,Produce,3,46.99,163.13,10.85,52.96,5,4.8,USD,Customer requested split delivery across two addresses.,2024-05
ORD-101790,2024-06-23,2024-06-28,10732,user510@example.com,North,United States,71629,Partner,Snacks,10,44.47,413.11,9.46,123.38,6,2.9,USD,"Standard order, no special handling requested by the buyer.",2024-06
ORD-102751,2023-10-02,2023-10-09,11155,user594@example.com,North,United States,33845,Online,Household,4,19.21,68.01,8.24,15.51,5,4.8,USD,Customer requested split delivery across two addresses.,2023-10
ORD-103036,2024-03-25,2024-04-02,12160,user2081@example.com,South,United States,80761,Retail,Produce,7,35.32,308.69,4.62,96.19,1,3.0,USD,,2024-03
ORD-100076,2023-05-08,2023-05-13,10257,user2085@example.com,North,Mexico,33571,Retail,Dairy,9,40.48,437.77,0.21,155.27,6,4.8,USD,Escalated to the regional service desk for a damaged pallet.,2023-05
ORD-102764,2023-06-02,2023-06-11,11775,user2084@example.com,North,United States,82071,Partner,Household,24,29.06,704.0,3.36,237.05,4,4.4,USD,Escalated to the regional service desk for a damaged pallet.,2023-06
ORD-103880,2023-03-12,2023-03-14,11692,user616@example.com,South,United States,36989,Retail,Dairy,2,16.05,39.64,13.55,5.27,4,5.0,USD,Escalated to the regional service desk for a damaged pallet.,2023-03
ORD-103139,2024-06-20,2024-06-25,12089,user1280@example.com,North,United States,42993,Online,Snacks,30,35.8,1324.28,8.22,418.74,9,5.0,USD,Escalated to the regional service desk for a damaged pallet.,2024-06
ORD-103243,2023-07-05,2023-07-15,11742,user2780@example.com,South,United States,84276,Retail,Bakery,25,8.5,209.3,10.9,63.82,13,2.7,USD,Escalated to the regional service desk for a damaged pallet.,2023-07
ORD-103094,2023-04-17,2023-04-28,11087,user2382@example.com,North,Canada,69941,Retail,Beverages,15,12.08,224.85,0.81,77.65,10,5.0,USD,Customer requested split delivery across two addresses.,2023-04
ORD-101519,2023-04-23,2023-05-01,10584,user895@example.com,West,United States,90492,Wholesale,Dairy,13,26.76,578.91,22.8,157.87,6,4.1,USD,"Standard order, no special handling requested by the buyer.",2023-04
ORD-101669,2023-07-31,2023-08-10,12111,user981@example.com,,United States,51851,Wholesale,Frozen,32,17.0,645.12,3.84,209.78,8,5.0,USD,Escalated to the regional service desk for a damaged pallet.,2023-07
ORD-102396,2023-09-21,2023-10-01,11384,user842@example.com,East,United States,10293,Online,Dairy,37,7.78,255.95,14.41,68.95,3,5.0,USD,,2023-09
ORD-101030,2024-11-01,2024-11-07,10693,user1945@example.com,South,Canada,50112,Partner,Snacks,20,29.58,419.32,8.06,,8,4.1,USD,,2024-11
ORD-100797,2023-01-16,2023-01-24,11209,user503@example.com,East,United States,74340,Online,Dairy,32,33.56,1353.38,11.46,424.36,2,4.2,USD,Customer requested split delivery across two addresses.,2023-01
ORD-103089,2023-01-18,2023-01-18,11893,user713@example.com,North,United States,86953,Partner,Produce,15,9.01,130.91,13.39,43.02,6,4.8,USD,,2023-01
ORD-101724,2024-10-25,2024-10-27,11200,user2687@example.com,West,Canada,89072,Partner,Frozen,30,71.1,1484.4,12.14,457.38,6,4.6,USD,,2024-10
ORD-102178,2024-05-06,2024-05-12,10937,user2062@example.com,South,United States,26230,Partner,Bakery,31,24.68,829.13,3.02,275.71,1,4.0,USD,Escalated to the regional service desk for a damaged pallet.,2024-05
ORD-101462,2024-09-24,2024-09-24,12308,user2153@example.com,East,Canada,35012,Retail,Beverages,38,44.67,1275.17,10.66,406.04,5,3.6,USD,Escalated to the regional service desk for a damaged pallet.,2024-09
ORD-102470,2023-11-07,2023-11-10,11343,user2934@example.com,North,United States,33466,Online,Snacks,11,20.27,210.39,5.73,68.61,1,4.6,USD,Customer requested split delivery across two addresses.,2023-11
ORD-101618,2024-03-05,2024-03-09,11910,user276@example.com,East,Canada,75839,Retail,Snacks,12,28.19,414.36,4.06,133.46,10,3.9,USD,Escalated to the regional service desk for a damaged pallet.,2024-03
ORD-103682,2023-11-26,2023-12-07,12276,user188@example.com,South,United States,76478,Wholesale,Dairy,37,10.11,433.45,6.87,147.07,9,4.5,USD,,2023-11
ORD-101586,2024-01-14,2024-01-20,10055,user1107@example.com,north ,Canada,90466,Online,Produce,39,27.41,1336.67,8.19,435.07,9,3.2,USD,,2024-01
ORD-101077,2023-09-20,2023-09-29,12223,user2026@example.com,North,Canada,94077,Partner,Dairy,10,19.36,131.42,15.6,40.22,13,4.4,USD,"Standard order, no special handling requested by the buyer.",2023-09
ORD-102011,2024-02-10,2024-02-11,11470,user250@example.com,North,United States,40466,Retail,Frozen,15,27.08,472.07,7.15,153.26,1,2.6,USD,,2024-02
ORD-103963,2024-08-26,2024-09-03,11507,user1484@example.com,West,United States,56076,Online,Dairy,20,28.78,538.89,2.55,177.18,11,4.8,USD,Customer requested split delivery across two addresses.,2024-08
ORD-100515,2023-04-19,2023-04-19,10808,user2020@example.com,West,United States,28393,Partner,Produce,16,11.11,198.13,4.63,65.49,10,3.4,USD,,2023-04
ORD-101665,2024-10-28,2024-11-07,10032,user305@example.com,North,United States,74829,Retail,Beverages,18,50.33,705.71,3.18,231.44,8,5.0,USD,Customer requested split delivery across two addresses.,2024-10
ORD-103811,2024-09-21,2024-09-28,11601,user574@example.com,East,United States,12866,Retail,Produce,2,45.33,68.25,6.41,27.52,8,3.7,USD,,2024-09
ORD-102039,2024-06-23,2024-06-24,11207,user2026@example.com,South,United States,15345,Online,Dairy,29,13.88,490.26,13.09,157.24,8,3.7,USD,"Standard order, no special handling requested by the buyer.",2024-06
ORD-102823,2024-07-15,2024-07-22,12179,user1811@example.com,North,Canada,91531,Partner,Snacks,34,27.44,787.81,15.59,245.51,11,3.0,USD,,2024-07
ORD-103955,2024-09-20,2024-09-24,10368,user416@example.com,South,United States,41389,Online,Bakery,2,37.7,67.04,4.18,19.74,4,3.7,USD,"Standard order, no special handling requested by the buyer.",2024-09
ORD-102333,2023-07-24,2023-08-04,10281,user181@example.com,South,United States,17646,Online,Bakery,36,20.57,791.3,3.57,270.83,8,2.7,USD,Customer requested split delivery across two addresses.,2023-07
ORD-100897,2024-11-07,2024-11-08,10068,user1962@example.com,North,Canada,74927,Online,Beverages,35,17.78,16495.08,3.0,187.74,11,4.1,USD,"Standard order, no special handling requested by the buyer.",2024-11
ORD-103892,2024-01-27,2024-02-07,12469,user2421@example.com,East,United States,59291,Online,Beverages,30,9.91,390.13,10.57,124.51,2,4.8,USD,Customer requested split delivery across two addresses.,2024-01
ORD-101132,2023-10-13,2023-10-15,11916,user2259@example.com,North,Mexico,77913,Wholesale,Snacks,35,14.46,516.21,11.33,160.21,5,3.9,USD,Escalated to the regional service desk for a damaged pallet.,2023-10
ORD-103710,2024-02-20,2024-02-21,11601,user2171@example.com,West,United States,48910,Wholesale,Dairy,9,29.73,430.7,20.07,124.56,5,4.4,USD,Escalated to the regional service desk for a damaged pallet.,2024-02
ORD-101266,2024-07-02,2024-07-04,11167,user2873@example.com,South,Mexico,22670,Online,Produce,35,27.02,1108.72,19.3,323.48,11,3.3,USD,Escalated to the regional service desk for a damaged pallet.,2024-07
ORD-102364,2024-06-14,2024-06-21,11038,user2063@example.com,South,United States,10662,Online,Snacks,37,21.34,996.98,6.52,326.86,10,2.9,USD,"Standard order, no special handling requested by the buyer.",2024-06
ORD-103747,2023-11-12,2023-11-13,10959,user1531@example.com,North,Canada,24399,Retail,Bakery,34,28.09,776.71,9.66,246.21,12,4.8,USD,Escalated to the regional service desk for a damaged pallet.,2023-11
ORD-100334,2023-09-20,2023-09-29,10750,user169@example.com,South,United States,91734,Online,Dairy,1,98.62,87.78,8.38,24.29,6,2.8,USD,Escalated to the regional service desk for a damaged pallet.,2023-09
ORD-102063,2023-10-06,2023-10-11,10152,user1300@example.com,South,United States,52882,Online,Household,34,17.21,518.55,10.56,164.52,11,5.0,USD,Customer requested split delivery across two addresses.,2023-10
ORD-103054,2024-04-01,2024-04-07,12297,user841@example.com,North,United States,69706,Wholesale,Frozen,33,21.09,1174.43,0.84,387.29,5,3.9,USD,,2024-04
ORD-100296,2023-07-25,2023-07-27,10506,user572@example.com,East,United States,31786,Retail,Bakery,31,34.73,970.69,8.57,314.01,7,4.6,USD,Customer requested split delivery across two addresses.,2023-07
ORD-101679,2024-06-23,2024-06-25,10846,user968@example.com,East,United States,50158,Partner,Dairy,20,53.5,994.0,12.79,305.83,1,4.5,USD,"Standard order, no special handling requested by the buyer.",2024-06
ORD-102575,2023-07-07,2023-07-13,10809,user2208@example.com,North,Canada,66483,Online,Frozen,14,15.89,256.3,4.89,88.15,10,5.0,USD,,2023-07
ORD-103190,2023-10-10,2023-10-17,12144,user197@example.com,South,United States,95622,Retail,Bakery,34,14.52,371.82,2.55,120.75,9,4.0,USD,Escalated to the regional service desk for a damaged pallet.,2023-10
ORD-103266,2023-04-09,2023-04-17,12194,user995@example.com,West,United States,20734,Online,Bakery,18,42.96,1138.56,8.65,353.99,11,3.3,USD,Escalated to the regional service desk for a damaged pallet.,2023-04
ORD-103229,2023-03-24,2023-04-04,11471,user1385@example.com,East,United States,52738,Retail,Household,11,35.3,484.4,8.79,152.24,3,4.7,USD,Customer requested split delivery across two addresses.,2023-03
ORD-100041,2024-08-29,2024-09-05,12159,user2048@example.com,North,United States,99650,Partner,Bakery,38,23.53,632.85,5.6,204.06,1,3.6,USD,,2024-08
ORD-102125,2023-07-15,2023-07-23,11330,user741@example.com,North,United States,90288,Retail,Frozen,28,65.36,1724.71,12.14,533.26,12,3.8,USD,,2023-07
ORD-103133,2023-04-08,2023-04-16,10644,user1201@example.com,North,United States,83490,Online,Dairy,16,23.16,545.84,4.04,183.81,9,5.0,USD,"Standard order, no special handling requested by the buyer.",2023-04
ORD-101991,2023-12-23,2023-12-28,12415,user64@example.com,North,United States,29105,Retail,Beverages,32,26.85,829.71,12.57,258.16,2,3.1,USD,Escalated to the regional service desk for a damaged pallet.,2023-12
ORD-100631,2023-05-08,2023-05-18,10828,user2269@example.com,North,United States,73159,Partner,Household,17,8.49,156.09,15.82,45.87,1,4.0,USD,Customer requested split delivery across two addresses.,2023-05
ORD-103517,2024-11-19,2024-11-27,10113,user2660@example.com,South,United States,37052,Retail,Frozen,5,26.66,111.68,11.0,35.46,3,5.0,USD,,2024-11
ORD-100340,2024-02-24,2024-03-03,12113,user1314@example.com,West,Canada,28754,Partner,Bakery,18,40.43,787.85,9.85,241.67,7,5.0,USD,Escalated to the regional service desk for a damaged pallet.,2024-02
ORD-100501,2023-08-22,2023-08-26,12049,user2076@example.com,North,United States,78260,Retail,Beverages,29,29.71,694.68,6.42,234.8,12,4.1,USD,Customer requested split delivery across two addresses.,2023-08
ORD-100146,2023-06-25,2023-07-03,12139,user203@example.com,West,United States,54117,Partner,Bakery,15,45.82,635.84,1.91,211.87,10,3.4,USD,,2023-06
ORD-102235,2023-06-14,2023-06-18,11019,user1202@example.com,South,United States,27650,Online,Beverages,22,34.03,948.95,6.75,305.93,7,4.4,USD,,2023-06
ORD-101562,2024-02-23,2024-02-23,11861,user563@example.com,North,United States,13187,Online,Household,39,11.6,640.78,11.41,192.52,13,3.6,USD,"Standard order, no special handling requested by the buyer.",2024-02
ORD-102961,2023-04-04,2023-04-15,12290,user1913@example.com,North,United States,23793,Online,Beverages,30,32.12,1420.99,5.77,463.21,1,4.5,USD,Escalated to the regional service desk for a damaged pallet.,2023-04
ORD-103134,2023-03-01,2023-03-11,11926,user738@example.com,East,United States,72640,Wholesale,Beverages,33,19.84,1073.63,13.14,327.74,5,3.0,USD,"Standard order, no special handling requested by the buyer.",2023-03
ORD-100553,2024-04-15,2024-04-16,11484,user1159@example.com,East,Canada,43285,Online,Frozen,35,15.34,786.85,12.2,249.24,1,4.3,USD,"Standard order, no special handling requested by the buyer.",2024-04
ORD-101850,2024-08-02,2024-08-07,10009,user2801@example.com,West,Canada,57831,Wholesale,Beverages,16,26.56,497.58,14.81,158.99,7,4.0,USD,Customer requested split delivery across two addresses.,2024-08
ORD-103616,2024-05-09,2024-05-09,10435,user1307@example.com,West,United States,71167,Retail,Frozen,36,27.92,1202.54,5.94,385.96,9,3.9,USD,Customer requested split delivery across two addresses.,2024-05
ORD-101010,2023-12-27,2024-01-03,11631,user618@example.com,South,United States,49586,Online,Bakery,1,25.81,29.93,20.13,15.49,7,4.6,USD,,2023-12
ORD-101943,2023-06-13,2023-06-16,12287,user533@example.com,East,Canada,50200,Online,Produce,35,29.84,1328.86,15.6,402.93,3,3.7,USD,,2023-06
ORD-100782,2024-07-05,2024-07-16,10238,user2607@example.com,North,Canada,86989,Online,Beverages,6,39.33,273.07,8.04,88.42,6,3.8,USD,,2024-07
ORD-102985,2023-09-06,2023-09-13,12309,user1249@example.com,East,United States,28042,Retail,Household,7,9.26,50.06,8.78,15.66,12,4.2,USD,Escalated to the regional service desk for a damaged pallet.,2023-09
ORD-102536,2024-01-13,2024-01-14,11026,user999@example.com,North,United States,11596,Online,Bakery,35,14.33,624.66,12.12,193.23,4,4.3,USD,"Standard order, no special handling requested by the buyer.",2024-01
ORD-100856,2024-09-07,2024-09-09,11505,user2014@example.com,South,United States,87897,Online,Beverages,17,12.72,196.2,7.76,64.57,7,,USD,,2024-09
ORD-101248,2023-05-24,2023-05-31,10989,user48@example.com,West,United States,37679,Online,Snacks,37,30.06,1514.3,4.94,492.57,4,3.5,USD,Escalated to the regional service desk for a damaged pallet.,2023-05
ORD-103778,2023-03-19,2023-03-29,12490,user91@example.com,North,United States,28768,Online,Produce,1,18.95,778.68,6.2,8.91,11,3.7,USD,Customer requested split delivery across two addresses.,2023-03
ORD-101946,2023-08-17,2023-08-19,11112,user1960@example.com,South,United States,57254,Online,Household,19,35.1,645.75,1.48,220.57,5,4.5,USD,"Standard order, no special handling requested by the buyer.",2023-08
ORD-100899,2023-03-04,2023-03-06,10773,user1584@example.com,North,United States,31799,Partner,Frozen,27,32.38,960.74,10.71,296.41,12,3.4,USD,,2023-03
ORD-101370,2024-06-02,2024-06-10,10923,user836@example.com,,United States,99309,Online,Dairy,24,40.6,1285.23,0.0,432.23,12,4.7,USD,Escalated to the regional service desk for a damaged pallet.,2024-06
ORD-101152,2024-06-19,2024-06-24,11884,user1441@example.com,South,United States,39670,Online,Dairy,10,21.22,262.71,3.21,90.77,6,3.7,USD,,2024-06
ORD-102495,2023-10-27,2023-11-07,11977,user569@example.com,West,United States,97370,Online,Household,22,17.94,360.98,11.49,107.82,5,4.5,USD,,2023-10
ORD-100796,2024-07-26,2024-07-26,11314,user681@example.com,East,United States,46353,Retail,Household,13,39.64,460.57,12.69,143.2,4,4.3,USD,,2024-07
ORD-101389,2023-01-24,2023-02-04,10584,user1750@example.com,West,United States,30702,Online,Snacks,31,30.63,1232.91,0.25,418.99,11,5.0,USD,Customer requested split delivery across two addresses.,2023-01
ORD-101395,2023-09-05,2023-09-08,11304,user2038@example.com,East,United States,93845,Partner,Frozen,6,32.72,136.78,16.72,52.14,8,3.8,USD,"Standard order, no special handling requested by the buyer.",2023-09
ORD-101487,2024-06-01,2024-06-09,12293,user542@example.com,North,Mexico,37440,Wholesale,Frozen,37,10.88,609.52,8.27,189.52,1,4.5,USD,Escalated to the regional service desk for a damaged pallet.,2024-06
ORD-101390,2024-04-11,2024-04-11,10538,user878@example.com,South,United States,38599,Online,Bakery,33,14.39,698.04,8.1,224.46,1,3.5,USD,Escalated to the regional service desk for a damaged pallet.,2024-04
ORD-103044,2023-04-22,2023-04-28,12374,user1517@example.com,West,United States,74509,Retail,Frozen,9,24.63,273.59,9.82,82.61,11,3.5,USD,Escalated to the regional service desk for a damaged pallet.,2023-04
ORD-100911,2024-02-12,2024-02-12,10794,user1699@example.com,North,Canada,21642,Retail,Frozen,6,17.49,122.63,6.99,41.39,7,3.9,USD,,2024-02
ORD-101860,2023-05-24,2023-05-27,11777,user1250@example.com,South,Canada,98759,Wholesale,Produce,25,39.04,1520.27,8.36,488.06,13,3.5,USD,"Standard order, no special handling requested by the buyer.",2023-05
ORD-101085,2023-10-29,2023-11-05,12264,user2204@example.com,South,Mexico,45286,Online,Bakery,36,15.64,517.55,9.66,167.51,12,3.7,USD,"Standard order, no special handling requested by the buyer.",2023-10
ORD-103918,2023-03-18,2023-03-23,11115,user338@example.com,West,United States,22037,Partner,Bakery,13,33.1,481.19,5.36,151.6,6,3.1,USD,Escalated to the regional service desk for a damaged pallet.,2023-03
ORD-101131,2023-01-08,2023-01-17,10074,user1907@example.com,North,Mexico,68261,Wholesale,Produce,13,40.19,729.54,12.68,226.77,10,4.6,USD,,2023-01
ORD-103408,2023-03-15,2023-03-24,11149,user1217@example.com,South,United States, 90210 ,Online,Beverages,9,17.4,228.96,15.72,71.42,10,2.7,USD,Customer requested split delivery across two addresses.,2023-03
ORD-100129,2023-07-05,2023-07-09,11215,user221@example.com,West,United States,84605,Wholesale,Snacks,4,31.82,169.24,13.86,49.76,7,4.7,USD,Customer requested split delivery across two addresses.,2023-07
ORD-102267,2023-06-28,2023-06-28,10701,user2891@example.com,South,United States,53561,Online,Dairy,35,13.21,553.79,15.45,164.94,12,3.8,USD,Escalated to the regional service desk for a damaged pallet.,2023-06
ORD-102050,2023-06-26,2023-06-29,11818,user2871@example.com,,United States,73920,Partner,Bakery,10,15.44,142.24,5.69,47.64,2,3.4,USD,"Standard order, no special handling requested by the buyer.",2023-06
ORD-101611,2023-06-05,2023-06-15,11394,user1291@example.com,South,United States,71909,Retail,Beverages,26,37.25,1075.16,9.97,339.14,0,3.9,USD,Customer requested split delivery across two addresses.,2023-06
ORD-103398,2024-10-19,2024-10-25,11505,user842@example.com,East,United States,27266,Online,Household,36,28.64,929.02,5.16,,13,3.9,USD,"Standard order, no special handling requested by the buyer.",2024-10
ORD-102076,2023-10-20,2023-10-23,10571,user886@example.com,North,United States,88183,Online,Beverages,15,22.03,297.75,13.24,92.95,4,4.3,USD,Escalated to the regional service desk for a damaged pallet.,2023-10
ORD-103634,2023-01-09,2023-01-17,11248,user1138@example.com,North,Mexico,64522,Wholesale,Beverages,37,67.24,3488.2,15.31,1048.51,10,4.5,USD,,2023-01
ORD-101496,2023-08-11,2023-08-19,11289,user76@example.com,North,Canada,29028,Online,Dairy,20,32.25,638.93,11.33,200.98,9,3.1,USD,Escalated to the regional service desk for a damaged pallet.,2023-08
ORD-102372,2023-08-20,2023-08-29,10798,user2588@example.com,North,United States,51021,Online,Household,32,25.18,771.89,11.7,238.64,8,4.5,USD,Escalated to the regional service desk for a damaged pallet.,2023-08
ORD-101380,2024-11-08,2024-11-08,12383,user2697@example.com,East,United States,48386,Partner,Household,23,9.53,158.79,18.03,38.11,2,4.9,USD,"Standard order, no special handling requested by the buyer.",2024-11
ORD-100378,2024-10-18,2024-10-25,11351,user2048@example.com,East,Mexico,75445,Retail,Household,35,43.46,1159.44,10.87,360.87,2,4.6,USD,Customer requested split delivery across two addresses.,2024-10
ORD-101997,2024-11-15,2024-11-23,11355,user1334@example.com,South,Mexico,80936,Wholesale,Beverages,30,24.34,813.39,17.56,246.51,9,2.9,USD,Customer requested split delivery across two addresses.,2024-11
ORD-101667,2024-03-26,2024-04-03,12204,user673@example.com,North,United States,53961,Online,Frozen,6,36.31,321.08,11.85,96.78,13,3.0,USD,,2024-03
ORD-101923,2023-12-08,2023-12-19,10342,user32@example.com,East,United States,10124,Wholesale,Snacks,25,27.93,851.75,6.88,280.32,7,4.2,USD,,2023-12
ORD-102941,2023-07-23,2023-07-23,11134,user2246@example.com,North,Mexico,24285,Partner,Beverages,18,52.38,771.82,12.31,237.91,12,3.5,USD,Escalated to the regional service desk for a damaged pallet.,2023-07
ORD-102112,2024-09-23,2024-09-27,10232,user2114@example.com,South,Mexico,64110,Online,Snacks,5,23.62,104.75,8.3,35.59,2,5.0,USD,,2024-09
ORD-102337,2023-08-12,2023-08-16,11193,user1503@example.com,East,United States,79551,Online,Snacks,18,62.97,1118.42,8.36,353.1,2,4.7,USD,Customer requested split delivery across two addresses.,2023-08
ORD-100117,2024-06-20,2024-06-28,10531,user2524@example.com,West,Canada,69342,Retail,Snacks,14,20.34,297.56,4.68,96.31,2,4.5,USD,,2024-06
ORD-102433,2024-04-05,2024-04-15,12167,user71@example.com,West,United States,39544,Online,Snacks,36,48.47,2572.04,6.49,840.1,7,3.3,USD,Customer requested split delivery across two addresses.,2024-04
ORD-103985,2024-08-26,2024-09-01,11009,user2707@example.com,South,United States,28700,Online,Produce,28,16.92,443.55,0.0,154.25,9,5.0,USD,Escalated to the regional service desk for a damaged pallet.,2024-08
ORD-103863,2023-05-17,2023-05-20,10190,user1427@example.com,West,United States,18771,Retail,Bakery,15,18.23,321.69,0.77,,5,,USD,"Standard order, no special handling requested by the buyer.",2023-05
ORD-100819,2023-11-26,2023-11-29,10221,user2318@example.com,North,United States,60659,Online,Produce,7,23.1,163.77,9.54,51.63,11,4.2,USD,,2023-11
ORD-103570,2023-10-20,2023-10-25,10388,user1767@example.com,West,Canada,69569,Wholesale,Snacks,21,24.08,521.29,12.58,157.14,7,4.2,USD,Escalated to the regional service desk for a damaged pallet.,2023-10
ORD-101096,2024-03-29,2024-04-09,11262,user1460@example.com,East,United States,69635,Retail,Frozen,1,56.0,69.99,11.25,20.49,10,2.9,USD,Customer requested split delivery across two addresses.,2024-03
ORD-100785,2024-08-05,2024-08-07,12239,user451@example.com,South,United States,43856,Retail,Frozen,1,18.94,16.22,16.29,6.21,12,3.7,USD,Escalated to the regional service desk for a damaged pallet.,2024-08
ORD-102547,2023-02-10,2023-02-14,11990,user1600@example.com,West,Canada,86166,Online,Frozen,3,21.21,87.26,0.45,20.15,9,3.6,USD,,2023-02
ORD-103442,2023-04-06,2023-04-11,11141,user1364@example.com,East,United States,99292,Retail,Bakery,15,27.13,508.35,11.02,,2,3.8,USD,Escalated to the regional service desk for a damaged pallet.,2023-04
ORD-103111,2023-05-11,2023-05-13,10270,user720@example.com,West,United States,42121,Retail,Produce,16,20.74,396.12,9.49,126.35,13,3.2,USD,Customer requested split delivery across two addresses.,2023-05
ORD-101820,2024-05-17,2024-05-20,10576,user170@example.com,South,United States,28233,Wholesale,Bakery,6,30.49,289.77,3.97,97.48,10,3.8,USD,Escalated to the regional service desk for a damaged pallet.,2024-05
ORD-101938,2023-07-25,2023-08-05,11583,user2322@example.com,South,United States,73510,Retail,Snacks,14,19.54,246.64,6.8,75.48,7,4.6,USD,"Standard order, no special handling requested by the buyer.",2023-07
ORD-103877,2024-10-18,2024-10-27,12279,user189@example.com,North,United States,83874,Retail,Beverages,23,23.72,415.85,13.02,123.35,5,4.5,USD,"Standard order, no special handling requested by the buyer.",2024-10
ORD-102762,2023-12-30,2024-01-09,12425,user284@example.com,East,Canada,87782,Partner,Household,29,22.53,585.5,8.12,186.82,0,5.0,USD,Customer requested split delivery across two addresses.,2023-12
ORD-101780,2023-01-02,2023-01-05,10760,user577@example.com,North,Mexico,19409,Retail,Household,16,18.5,298.55,7.26,99.62,11,3.5,USD,Customer requested split delivery across two addresses.,2023-01
ORD-100539,2024-11-26,2024-12-05,10585,user2754@example.com,North,United States,18294,Retail,Produce,12,45.14,466.87,6.14,156.41,7,4.1,USD,Customer requested split delivery across two addresses.,2024-11
ORD-101932,2024-03-10,2024-03-16,11606,user660@example.com,South,United States,27608,Online,Dairy,23,16.63,556.71,10.9,174.92,3,,USD,,2024-03
ORD-102466,2023-09-12,2023-09-17,10897,user2657@example.com,East,Mexico,50303,Online,Household,27,12.23,297.27,10.58,94.27,13,5.0,USD,Escalated to the regional service desk for a damaged pallet.,2023-09
ORD-102512,2024-01-01,2024-01-03,11169,user2350@example.com,North,United States,26432,Online,Bakery,32,21.72,823.68,16.07,243.47,12,5.0,USD,Customer requested split delivery across two addresses.,2024-01
ORD-100494,2024-04-21,2024-04-24,11096,user2219@example.com,North,United States,44693,Partner,Household,36,20.81,832.17,1.31,278.34,1,4.2,USD,Customer requested split delivery across two addresses.,2024-04
ORD-101828,2023-06-06,2023-06-17,10336,user533@example.com,West,United States,80530,Partner,Dairy,18,26.98,483.52,9.08,149.52,3,3.0,USD,"Standard order, no special handling requested by the buyer.",2023-06
ORD-103693,2024-04-21,2024-04-25,12038,user1994@example.com,North,United States,38180,Online,Snacks,26,20.49,775.87,3.6,253.01,13,4.3,USD,"Standard order, no special handling requested by the buyer.",2024-04
ORD-103121,2023-03-27,2023-03-28,10984,user286@example.com,South,Mexico,19204,Retail,Produce,14,33.2,580.53,8.2,193.36,6,3.4,USD,,2023-03
ORD-101961,2023-08-30,2023-09-05,10072,user2273@example.com,East,Mexico,27867,Partner,Bakery,21,62.33,926.43,10.55,288.81,11,3.5,USD,Customer requested split delivery across two addresses.,2023-08
ORD-103986,2023-04-08,2023-04-10,12485,user2324@example.com,West,United States,23917,Retail,Frozen,26,17.4,564.74,8.27,183.06,10,4.9,USD,"Standard order, no special handling requested by the buyer.",2023-04
ORD-103079,2023-08-23,2023-09-03,10602,user2094@example.com,South,United States,69645,Online,Beverages,24,7.21,164.08,10.11,47.24,12,4.6,USD,Escalated to the regional service desk for a damaged pallet.,2023-08
ORD-101706,2023-09-22,2023-09-28,11198,user1398@example.com,South,United States,94446,Online,Beverages,11,10.28,100.45,11.46,24.46,4,4.0,USD,Escalated to the regional service desk for a damaged pallet.,2023-09
ORD-101361,2024-08-28,2024-09-04,11602,user542@example.com,South,United States,61606,Retail,Household,39,41.84,1286.95,10.02,405.05,11,3.2,USD,"Standard order, no special handling requested by the buyer.",2024-08
ORD-101347,2024-02-14,2024-02-22,10551,user2537@example.com,North,United States,76189,Retail,Bakery,23,18.39,496.93,3.79,168.08,1,4.9,USD,Customer requested split delivery across two addresses.,2024-02
ORD-100433,2023-11-01,2023-11-11,11960,user1706@example.com,South,United States,83625,Online,Household,18,14.21,237.02,12.93,77.34,6,4.4,USD,Customer requested split delivery across two addresses.,2023-11
ORD-100612,2024-04-29,2024-05-09,10904,user984@example.com,South,United States,20258,Retail,Snacks,37,53.85,2430.8,10.0,763.8,1,3.6,USD,Customer requested split delivery across two addresses.,2024-04
ORD-100294,2023-03-21,2023-03-29,10574,user2464@example.com,South,United States,91977,Retail,Snacks,31,13.1,505.73,14.92,155.89,12,4.0,USD,Escalated to the regional service desk for a damaged pallet.,2023-03
ORD-100398,2024-04-28,2024-05-01,10155,user2224@example.com,North,United States,74863,Wholesale,Dairy,22,13.86,503.03,8.22,162.8,7,4.0,USD,Customer requested split delivery across two addresses.,2024-04
ORD-102530,2023-06-24,2023-06-27,10558,user681@example.com,South,United States,90066,Online,Snacks,29,18.22,643.56,4.06,214.54,8,3.9,USD,,2023-06
ORD-101151,2024-10-29,2024-11-05,10586,user2355@example.com,north ,Canada,43913,Retail,Snacks,24,26.44,495.61,2.96,161.77,8,3.3,USD,,2024-10
ORD-101882,2024-10-02,2024-10-12,10452,user2738@example.com,East,Canada,97390,Online,Bakery,9,39.19,312.23,7.74,97.44,7,4.7,USD,Escalated to the regional service desk for a damaged pallet.,2024-10
ORD-102304,2023-08-08,2023-08-18,10484,user1115@example.com,north ,United States,72863,Partner,Bakery,39,16.33,486.97,0.54,170.34,7,3.6,USD,,2023-08
ORD-103865,2024-06-05,2024-06-13,11662,user2930@example.com,West,Mexico,38129,Retail,Household,39,27.37,1180.84,11.77,365.51,7,4.3,USD,Escalated to the regional service desk for a damaged pallet.,2024-06
ORD-102341,2023-03-21,2023-03-22,11457,user1516@example.com,East,United States,88606,Online,Household,28,32.49,1336.82,3.92,439.11,9,3.1,USD,"Standard order, no special handling requested by the buyer.",2023-03
ORD-102115,2024-04-29,2024-05-04,10079,user1667@example.com,South,United States,69958,Online,Beverages,23,22.52,745.66,2.7,257.09,7,4.0,USD,,2024-04
ORD-100157,2023-07-14,2023-07-17,11778,user1038@example.com,West,Canada, 90210 ,Online,Dairy,11,38.26,470.11,7.19,154.78,11,3.6,USD,"Standard order, no special handling requested by the buyer.",2023-07
ORD-100660,2024-10-21,2024-10-24,12135,user1071@example.com,South,United States,44634,Partner,Snacks,8,16.82,92.83,3.08,30.05,12,,USD,Escalated to the regional service desk for a damaged pallet.,2024-10
ORD-103910,2023-10-30,2023-11-06,11815,user183@example.com,North,United States,12429,Partner,Dairy,23,31.28,505.71,8.84,159.48,5,4.9,USD,"Standard order, no special handling requested by the buyer.",2023-10
ORD-100645,2024-11-13,2024-11-22,11933,user2415@example.com,West,United States,11507,Retail,Produce,25,32.08,656.91,2.91,223.91,8,4.4,USD,,2024-11
ORD-103650,2024-02-06,2024-02-16,12287,user548@example.com,North,United States,99792,Online,Bakery,16,16.13,349.81,11.61,104.64,10,4.7,USD,,2024-02
ORD-101210,2024-05-07,2024-05-17,11999,user1288@example.com,South,United States,40220,Online,Bakery,1,25.21,35.75,13.3,13.31,12,5.0,USD,Escalated to the regional service desk for a damaged pallet.,2024-05
ORD-102308,2024-10-03,2024-10-04,12328,user960@example.com,,Mexico,14898,Online,Bakery,6,37.31,198.22,8.01,67.34,4,4.4,USD,Escalated to the regional service desk for a damaged pallet.,2024-10
ORD-101731,2024-10-11,2024-10-21,12483,user337@example.com,West,Canada,60891,Online,Frozen,7,11.2,69.82,0.0,22.01,11,5.0,USD,,2024-10
ORD-101521,2023-10-05,2023-10-05,10755,user2936@example.com,South,Mexico,13010,Online,Produce,21,24.83,461.88,0.0,149.78,7,4.1,USD,Customer requested split delivery across two addresses.,2023-10
ORD-103935,2023-09-08,2023-09-13,12175,user706@example.com,West,United States,66418,Partner,Produce,23,13.42,213.6,16.66,63.36,12,4.0,USD,,2023-09
ORD-100924,2023-01-12,2023-01-19,12214,user1039@example.com,North,United States,64642,Retail,Dairy,22,16.86,389.94,9.54,117.86,8,2.4,USD,Customer requested split delivery across two addresses.,2023-01
ORD-102584,2024-09-03,2024-09-06,11510,user1044@example.com,North,United States,95437,Wholesale,Dairy,23,27.87,671.56,10.41,203.98,8,4.5,USD,,2024-09
ORD-102690,2024-04-24,2024-05-01,12185,user1621@example.com,SOUTH,Canada,78003,Online,Produce,26,38.75,1461.57,16.17,438.57,7,4.9,USD,,2024-04
ORD-103353,2031-06-15,2023-06-17,11361,user1579@example.com,West,United States,69565,Retail,Beverages,31,33.92,1120.83,4.99,364.14,12,4.3,USD,,2031-06
ORD-100005,2023-12-23,2023-12-26,10415,user493@example.com,South,Canada,23698,Wholesale,Snacks,36,25.18,1181.75,14.83,356.33,5,4.9,USD,,2023-12
ORD-102609,2023-02-17,2023-02-20,12009,user285@example.com,East,United States,67087,Retail,Frozen,37,44.84,1964.11,4.74,644.1,3,3.5,USD,Customer requested split delivery across two addresses.,2023-02
ORD-101561,2023-08-02,2023-08-08,10502,user1636@example.com,North,United States,80008,Partner,Beverages,20,37.43,586.82,13.29,183.38,6,2.6,USD,Escalated to the regional service desk for a damaged pallet.,2023-08
ORD-103937,2023-08-08,2023-08-08,11314,user978@example.com,North,Mexico,19609,Online,Snacks,28,22.67,17818.08,7.42,210.61,2,3.0,USD,Customer requested split delivery across two addresses.,2023-08
ORD-102479,2024-09-28,2024-10-06,12419,user2117@example.com,North,Canada,73999,Online,Dairy,13,23.77,273.52,3.67,91.83,10,5.0,USD,"Standard order, no special handling requested by the buyer.",2024-09
ORD-100454,2024-01-13,2024-01-17,10001,user2524@example.com,North,United States,32885,Online,Produce,5,11.37,70.8,14.21,24.7,8,3.6,USD,,2024-01
ORD-103894,2023-08-15,2023-08-22,11709,user2485@example.com,South,Mexico,23913,Online,Produce,26,81.72,2072.63,4.53,678.68,11,3.8,USD,,2023-08
ORD-100210,2024-02-21,2024-02-26,11763,user2293@example.com,North,United States,80428,Retail,Frozen,13,27.24,423.2,7.63,127.08,12,3.2,USD,Escalated to the regional service desk for a damaged pallet.,2024-02
ORD-100877,2024-05-10,2024-05-15,10600,user2224@example.com,East,United States,76585,Online,Produce,38,28.78,1540.49,6.31,500.02,13,3.6,USD,,2024-05
ORD-103893,2023-12-23,2023-12-25,10484,user2294@example.com,North,United States,96035,Online,Produce,10,29.17,332.39,9.13,106.63,7,4.8,USD,,2023-12
ORD-100741,2023-10-22,2023-11-01,12118,user843@example.com,North,Canada,61132,Retail,Dairy,19,19.45,283.28,10.02,90.92,7,3.2,USD,Escalated to the regional service desk for a damaged pallet.,2023-10
ORD-101006,2024-05-07,2024-05-15,11369,user1396@example.com,West,United States,73162,Online,Beverages,6,14.61,124.29,0.0,34.96,8,4.0,USD,"Standard order, no special handling requested by the buyer.",2024-05
ORD-103599,2023-05-09,2023-05-16,11168,user584@example.com,South,United States,12220,Retail,Bakery,28,10.13,340.1,8.99,108.0,5,4.4,USD,,2023-05
ORD-101250,2023-10-15,2023-10-19,10718,user2323@example.com,North,United States,69450,Retail,Bakery,39,25.14,742.68,9.94,229.78,1,3.8,USD,,2023-10
ORD-100397,2024-10-23,2024-10-26,11948,user1414@example.com,North,Canada,90618,Wholesale,Frozen,6,27.16,169.34,4.38,57.44,5,3.6,USD,"Standard order, no special handling requested by the buyer.",2024-10
ORD-100463,2023-03-30,2023-04-01,11258,user612@example.com,,Canada,95554,Retail,Bakery,7,20.71,181.19,0.0,62.16,11,4.4,USD,,2023-03
ORD-102090,2024-10-20,2024-10-29,12389,user1991@example.com,West,United States,16286,Online,Produce,14,18.08,228.5,5.68,72.8,10,5.0,USD,Escalated to the regional service desk for a damaged pallet.,2024-10
ORD-101068,2023-04-14,2023-04-20,11386,user1992@example.com,East,United States,77905,Partner,Produce,22,30.99,763.32,10.56,242.53,6,3.8,USD,Escalated to the regional service desk for a damaged pallet.,2023-04
ORD-102117,2023-02-12,2023-02-21,11859,user2021@example.com,North,United States, 90210 ,Retail,Dairy,6,30.56,214.28,11.43,67.61,9,3.3,USD,Escalated to the regional service desk for a damaged pallet.,2023-02
ORD-102853,2023-03-06,2023-03-12,10491,user29@example.com,South,United States,91685,Retail,Household,38,21.32,992.37,4.5,326.77,9,4.6,USD,Customer requested split delivery across two addresses.,2023-03
ORD-103325,2024-09-27,2024-09-28,11339,user1561@example.com,North,United States,77677,Online,Frozen,23,15.06,306.66,9.83,101.82,3,4.3,USD,Escalated to the regional service desk for a damaged pallet.,2024-09
ORD-103279,2024-01-30,2024-02-09,10318,user2346@example.com,North,United States,35021,Partner,Bakery,39,20.42,805.22,8.01,255.27,7,3.9,USD,,2024-01
ORD-101053,2023-03-28,2023-04-04,10898,user2055@example.com,East,United States,54254,Retail,Snacks,24,22.73,681.54,11.14,215.84,12,3.3,USD,Escalated to the regional service desk for a damaged pallet.,2023-03
ORD-100173,2024-02-02,2024-02-04,10092,user2207@example.com,East,United States,33297,Online,Bakery,29,24.88,965.91,6.25,318.87,4,4.3,USD,,2024-02
ORD-100363,2023-04-10,2023-04-19,11461,user2465@example.com,North,Mexico,98648,Wholesale,Bakery,21,15.78,557.94,0.0,187.83,2,,USD,Escalated to the regional service desk for a damaged pallet.,2023-04
ORD-103907,2024-08-29,2024-09-02,11001,user2092@example.com,North,Canada,21068,Wholesale,Dairy,25,15.71,416.97,8.43,129.86,4,5.0,USD,Escalated to the regional service desk for a damaged pallet.,2024-08
ORD-102497,2023-12-21,2023-12-26,12163,user892@example.com,South,United States,27996,Online,Dairy,18,38.31,778.86,3.96,253.82,6,5.0,USD,"Standard order, no special handling requested by the buyer.",2023-12
ORD-103444,2023-10-27,2023-11-05,12334,user2888@example.com,North,United States,80645,Retail,Bakery,1,20.2,15.66,2.73,6.53,11,4.5,USD,,2023-10
ORD-101354,2024-05-22,2024-05-24,10062,user1501@example.com,East,United States,28171,Online,Beverages,20,30.05,820.66,0.0,280.27,4,3.6,USD,,2024-05
ORD-103647,2024-07-16,2024-07-27,11961,user1672@example.com,north ,United States,63774,Online,Bakery,21,19.41,449.28,10.17,143.22,1,4.5,USD,,2024-07
ORD-103758,2023-01-30,2023-01-30,11999,user2225@example.com,North,United States,29803,Online,Produce,16,23.8,504.81,0.0,174.27,6,3.5,USD,"Standard order, no special handling requested by the buyer.",2023-01
ORD-101320,2024-08-27,2024-08-27,12347,user2273@example.com,North,Canada,46574,Online,Beverages,36,8.96,301.08,12.73,92.84,9,3.3,USD,Customer requested split delivery across two addresses.,2024-08
ORD-102628,2023-05-17,2023-05-23,10591,user2692@example.com,South,Mexico,42280,Wholesale,Household,33,22.06,1156.13,6.54,371.7,4,3.1,USD,Escalated to the regional service desk for a damaged pallet.,2023-05
ORD-101578,2024-04-22,2024-04-25,12102,user1265@example.com,East,Canada,88082,Retail,Bakery,15,15.93,294.55,9.48,89.34,3,4.4,USD,Escalated to the regional service desk for a damaged pallet.,2024-04
ORD-102122,2024-02-11,2024-02-18,11544,user370@example.com,West,Canada,24643,Online,Bakery,12,21.07,347.7,7.33,111.21,9,4.8,USD,Escalated to the regional service desk for a damaged pallet.,2024-02
ORD-100965,2023-12-09,2023-12-16,10141,user721@example.com,North,Canada,79709,Online,Household,6,43.04,276.56,7.47,92.89,2,4.2,USD,"Standard order, no special handling requested by the buyer.",2023-12
ORD-103366,2023-03-18,2023-03-29,11224,user800@example.com,North,United States,62036,Online,Bakery,5,24.71,181.15,5.05,59.39,8,3.9,USD,Customer requested split delivery across two addresses.,2023-03
ORD-101040,2023-06-08,2023-06-18,12312,user2652@example.com,South,Canada,34111,Online,Dairy,10,14.02,181.71,8.39,48.49,1,3.7,USD,"Standard order, no special handling requested by the buyer.",2023-06
ORD-102012,2023-10-09,2023-10-19,11566,user1603@example.com,North,United States,73484,Partner,Beverages,32,19.27,417.63,10.18,132.57,5,4.6,USD,"Standard order, no special handling requested by the buyer.",2023-10
ORD-100254,2024-03-04,2024-03-07,10277,user243@example.com,South,United States,66457,Partner,Beverages,11,27.9,337.8,20.59,97.99,11,3.9,USD,Escalated to the regional service desk for a damaged pallet.,2024-03
ORD-100550,2024-03-18,2024-03-22,11925,user327@example.com,North,Canada,75987,Online,Dairy,9,6.16,81.35,1.84,36.22,3,2.4,USD,"Standard order, no special handling requested by the buyer.",2024-03
ORD-103848,2024-03-24,2024-04-01,11309,user1925@example.com,East,United States,45705,Online,Frozen,34,64.23,3216.12,6.34,1048.3,5,3.9,USD,"Standard order, no special handling requested by the buyer.",2024-03
ORD-100532,2023-04-19,2023-04-19,10484,user1722@example.com,North,Canada,44313,Retail,Frozen,29,91.99,3303.75,14.2,1001.0,10,4.5,USD,Escalated to the regional service desk for a damaged pallet.,2023-04
ORD-100333,2023-07-06,2023-07-15,11822,user2533@example.com,North,Mexico,27108,Online,Snacks,8,35.1,324.93,6.78,100.18,13,3.5,USD,Escalated to the regional service desk for a damaged pallet.,2023-07
ORD-102841,2023-05-23,2023-05-25,11375,user2452@example.com,South,United States,39484,Partner,Produce,24,36.81,920.08,0.91,313.37,3,4.9,USD,Customer requested split delivery across two addresses.,2023-05
ORD-102061,2023-07-07,2023-07-08,11034,user1938@example.com,West,Canada,75292,Partner,Produce,23,12.84,259.51,8.47,76.52,12,4.7,USD,"Standard order, no special handling requested by the buyer.",2023-07
ORD-102767,2024-01-03,2024-01-14,11047,user1488@example.com,,Canada,26891,Online,Frozen,34,38.21,1552.77,2.74,520.43,6,4.0,USD,Customer requested split delivery across two addresses.,2024-01
ORD-101352,2023-03-28,2023-03-30,11657,user383@example.com,South,United States,70495,Online,Beverages,2,27.81,82.0,10.58,22.78,1,4.4,USD,Escalated to the regional service desk for a damaged pallet.,2023-03
ORD-101264,2024-04-05,2024-04-07,12128,user2873@example.com,South,United States,66590,Retail,Frozen,4,33.96,169.69,10.01,45.26,8,4.1,USD,Escalated to the regional service desk for a damaged pallet.,2024-04
ORD-101765,2023-04-20,2023-04-23,12093,user1701@example.com,North,Canada,30808,Retail,Snacks,35,10.94,473.68,3.31,154.04,4,5.0,USD,,2023-04
ORD-103021,2024-09-10,2024-09-16,10970,user1359@example.com,West,United States,89814,Online,Dairy,3,40.85,110.53,7.21,40.19,6,4.0,USD,Escalated to the regional service desk for a damaged pallet.,2024-09
ORD-101319,2023-02-10,2023-02-18,12041,user2225@example.com,West,United States,45092,Retail,Beverages,15,19.85,346.03,10.16,107.99,2,4.5,USD,Escalated to the regional service desk for a damaged pallet.,2023-02
ORD-100922,2024-08-06,2024-08-10,11449,user146@example.com,South,United States,95071,Online,Beverages,26,20.97,548.82,11.01,169.89,3,4.1,USD,Customer requested split delivery across two addresses.,2024-08
ORD-102626,2023-03-16,2023-03-18,12150,user51@example.com,West,United States,17879,Partner,Household,11,26.47,325.02,1.76,110.65,3,5.0,USD,,2023-03
ORD-100950,2024-02-15,2024-02-16,10697,user421@example.com,,United States,52252,Retail,Household,34,12.16,487.0,13.41,148.21,2,3.6,USD,"Standard order, no special handling requested by the buyer.",2024-02
ORD-103785,2023-04-09,2023-04-14,11280,user2146@example.com,East,Canada,79534,Online,Bakery,25,13.3,489.57,7.56,161.88,2,3.4,USD,Customer requested split delivery across two addresses.,2023-04
ORD-100402,2023-01-09,2023-01-14,11960,user2834@example.com,South,United States,41016,Retail,Bakery,26,9.48,255.99,5.66,86.98,11,3.5,USD,"Standard order, no special handling requested by the buyer.",2023-01
ORD-101805,2023-01-28,2023-01-31,11663,user986@example.com,North,United States,43158,Retail,Household,24,5.37,143.82,7.68,48.42,11,5.0,USD,Escalated to the regional service desk for a damaged pallet.,2023-01
ORD-102741,2023-05-27,2023-06-01,10250,user1555@example.com,South,United States,48813,Online,Household,11,31.78,471.68,4.87,150.17,5,2.6,USD,,2023-05
ORD-102518,2024-08-27,2024-09-03,11141,user1263@example.com,South,United States,32305,Wholesale,Dairy,33,32.62,1149.52,8.81,,3,3.3,USD,"Standard order, no special handling requested by the buyer.",2024-08
ORD-101957,2023-09-25,2023-10-06,11651,user679@example.com,North,United States,39966,Online,Frozen,34,31.47,948.48,16.37,284.81,2,4.3,USD,,2023-09
ORD-101330,2023-11-23,2023-12-03,11712,user1235@example.com,South,United States,82229,Online,Bakery,26,21.05,547.57,11.0,171.79,2,4.2,USD,,2023-11
ORD-100321,2023-04-13,2023-04-15,10951,user2175@example.com,North,United States,82923,Partner,Dairy,39,22.87,999.33,2.88,335.35,4,4.4,USD,Escalated to the regional service desk for a damaged pallet.,2023-04
ORD-103140,2023-06-18,2023-06-25,10901,user26@example.com,North,United States,40586,Retail,Household,26,29.68,816.11,4.87,267.3,12,4.5,USD,,2023-06
ORD-100407,2024-06-07,2024-06-15,10397,user1065@example.com,North,United States,15748,Online,Frozen,36,9.23,430.67,15.98,134.44,6,3.3,USD,,2024-06
ORD-101296,2023-08-11,2023-08-15,11730,user1608@example.com,South,United States,66021,Partner,Beverages,29,18.23,399.43,1.15,126.1,9,3.1,USD,"Standard order, no special handling requested by the buyer.",2023-08
ORD-101309,2024-08-18,2024-08-29,11026,user405@example.com,SOUTH,United States,80009,Online,Household,36,17.21,595.61,7.91,,10,3.9,USD,,2024-08
ORD-103479,2024-11-02,2024-11-13,11854,user2063@example.com,East,United States,33262,Retail,Household,11,13.4,116.42,13.58,41.57,9,4.3,USD,Escalated to the regional service desk for a damaged pallet.,2024-11
ORD-102958,2023-02-24,2023-03-02,11384,user234@example.com,East,United States,35975,Online,Household,23,45.67,1490.96,1.09,504.08,10,3.9,USD,,2023-02
ORD-101764,2024-04-19,2024-04-27,12377,user1114@example.com,North,Canada,16581,Online,Snacks,30,27.19,1190.73,5.93,384.82,11,4.8,USD,,2024-04
ORD-100914,2023-05-27,2023-06-05,12279,user694@example.com,North,Canada,97699,Retail,Bakery,24,21.38,586.72,1.98,199.07,8,4.4,USD,Customer requested split delivery across two addresses.,2023-05
ORD-102336,2023-11-08,2023-11-18,10662,user1649@example.com,East,United States,65739,Online,Produce,24,13.06,296.72,4.95,95.51,11,4.6,USD,"Standard order, no special handling requested by the buyer.",2023-11
ORD-101259,2023-10-14,2023-10-15,10734,user2827@example.com,East,United States,87722,Retail,Bakery,13,47.82,470.27,14.35,142.44,5,4.9,USD,,2023-10
ORD-102344,2024-09-24,2024-10-04,11415,user2264@example.com,South,Canada,41743,Online,Frozen,32,31.88,904.31,16.69,277.08,9,4.2,USD,Escalated to the regional service desk for a damaged pallet.,2024-09
ORD-101992,2023-10-31,2023-11-01,10979,user2164@example.com,South,United States,63825,Online,Frozen,5,13.9,64.22,3.62,16.84,11,2.9,USD,,2023-10
ORD-101102,2023-01-28,2023-02-07,12267,user1153@example.com,North,Mexico,36722,Retail,Frozen,19,32.46,688.21,12.14,205.75,7,3.9,USD,"Standard order, no special handling requested by the buyer.",2023-01
ORD-101907,2023-05-31,2023-06-02,12375,user1038@example.com,North,Canada,92619,Wholesale,Bakery,1,14.79,22.54,8.2,0.6,13,4.5,USD,Customer requested split delivery across two addresses.,2023-05
ORD-103026,2024-10-05,2024-10-08,12389,user1836@example.com,North,United States,83000,Retail,Beverages,7,16.84,88.53,10.24,26.2,3,3.4,USD,Customer requested split delivery across two addresses.,2024-10
ORD-103211,2023-07-21,2023-08-01,12440,user508@example.com,South,United States,90017,Online,Frozen,10,60.58,655.98,3.37,223.91,5,4.0,USD,Customer requested split delivery across two addresses.,2023-07
ORD-102166,2024-05-16,2024-05-16,11752,user2958@example.com,North,United States,78376,Online,Frozen,5,26.36,182.96,8.98,54.65,13,4.0,USD,Escalated to the regional service desk for a damaged pallet.,2024-05
ORD-101599,2023-07-30,2023-08-08,12055,user479@example.com,SOUTH,Canada,55074,Retail,Frozen,14,11.13,137.47,13.14,39.95,1,4.4,USD,,2023-07
ORD-101016,2023-05-31,2023-06-11,11335,user511@example.com,West,Canada,12376,Online,Snacks,20,23.22,618.69,11.2,185.5,2,3.4,USD,,2023-05
ORD-102773,2024-11-27,2024-11-28,12358,user2130@example.com,West,United States,96929,Retail,Household,31,34.75,932.36,9.05,297.39,3,3.9,USD,,2024-11
ORD-101733,2024-03-21,2024-03-22,11655,user1604@example.com,South,United States,40463,Wholesale,Beverages,8,18.56,249.78,13.61,75.64,4,3.9,USD,Customer requested split delivery across two addresses.,2024-03
ORD-100615,2023-05-02,2023-05-11,11386,user383@example.com,South,Canada,34012,Wholesale,Dairy,2,23.97,78.68,11.14,26.2,4,3.7,USD,,2023-05
ORD-102223,2023-01-19,2023-01-19,11677,user1096@example.com,West,United States,77824,Retail,Dairy,34,9.1,334.25,7.35,104.52,10,4.3,USD,Customer requested split delivery across two addresses.,2023-01
ORD-102417,2023-02-02,2023-02-13,12419,user779@example.com,West,United States,58689,Online,Snacks,3,38.33,153.94,4.24,47.62,13,4.6,USD,,2023-02
ORD-103831,2023-11-11,2023-11-14,11203,user1412@example.com,West,United States,28306,Online,Dairy,12,11.04,126.69,8.85,38.38,9,4.0,USD,Customer requested split delivery across two addresses.,2023-11
ORD-101117,2024-06-06,2024-06-13,12413,user1666@example.com,North,Canada,85412,Wholesale,Bakery,1,17.18,25.57,4.29,4.32,12,4.5,USD,Escalated to the regional service desk for a damaged pallet.,2024-06
ORD-100535,2024-10-09,2024-10-15,12180,user142@example.com,West,Canada,57038,Online,Bakery,12,18.28,194.95,10.5,59.75,1,4.3,USD,,2024-10
ORD-103276,2023-12-20,2023-12-30,11613,user2648@example.com,South,United States,26182,Online,Dairy,9,20.33,205.74,10.35,60.72,3,2.3,USD,"Standard order, no special handling requested by the buyer.",2023-12
ORD-102688,2023-10-18,2023-10-25,11031,user2385@example.com,South,United States,14330,Retail,Bakery,8,28.42,173.01,2.45,57.17,13,3.8,USD,Customer requested split delivery across two addresses.,2023-10
ORD-100774,2023-06-23,2023-06-26,10591,user1896@example.com,East,Canada,56692,Retail,Household,10,21.41,221.9,5.83,72.3,7,3.9,USD,Customer requested split delivery across two addresses.,2023-06
ORD-101974,2024-01-23,2024-01-31,11732,user2143@example.com,North,United States,68021,Retail,Beverages,11,25.14,303.2,8.07,91.09,4,3.5,USD,,2024-01
ORD-101344,2023-02-25,2023-02-28,11959,user340@example.com,North,United States,51970,Online,Dairy,27,32.23,1237.73,0.0,419.44,6,3.4,USD,Escalated to the regional service desk for a damaged pallet.,2023-02
ORD-100029,2024-02-20,2024-02-22,10714,user1238@example.com,South,Mexico,25997,Online,Bakery,1,10.96,15.42,2.99,1.45,7,3.6,USD,Customer requested split delivery across two addresses.,2024-02
ORD-102316,2023-10-06,2023-10-06,10432,user783@example.com,East,United States,53625,Retail,Beverages,14,13.27,139.52,7.15,48.54,3,4.2,USD,"Standard order, no special handling requested by the buyer.",2023-10
ORD-103820,2023-01-15,2023-01-23,10683,user241@example.com,North,United States,70354,Retail,Dairy,30,24.26,774.26,11.33,243.55,5,4.3,USD,Customer requested split delivery across two addresses.,2023-01
ORD-102558,2023-01-18,2023-01-23,12457,user2252@example.com,East,Canada,96023,Online,Snacks,9,15.33,175.22,4.31,59.7,5,5.0,USD,Escalated to the regional service desk for a damaged pallet.,2023-01
ORD-102109,2024-02-18,2024-02-27,10370,user1145@example.com,East,United States,88166,Online,Dairy,-25,36.17,1266.27,12.92,384.61,5,2.8,USD,"Standard order, no special handling requested by the buyer.",2024-02
ORD-101592,2024-04-06,2024-04-13,10372,user508@example.com,West,United States,31961,Retail,Bakery,34,40.91,1736.97,0.29,589.6,8,4.2,USD,Escalated to the regional service desk for a damaged pallet.,2024-04
ORD-103690,2024-09-19,2024-09-23,10644,user533@example.com,East,Canada,99383,Wholesale,Produce,1,33.75,34.37,0.77,8.35,2,4.8,USD,Customer requested split delivery across two addresses.,2024-09
ORD-100859,2024-09-21,2024-09-29,12034,user2186@example.com,SOUTH,United States,66017,Online,Dairy,29,38.7,996.98,0.0,,4,4.2,USD,,2024-09
ORD-101522,2023-06-09,2023-06-10,12084,user2733@example.com,East,United States,87218,Retail,Produce,1,17.27,18.9,3.73,4.53,7,3.9,USD,Customer requested split delivery across two addresses.,2023-06
ORD-101171,2023-05-10,2023-05-12,10832,user1324@example.com,South,United States,49559,Retail,Snacks,2,29.12,69.68,8.26,22.62,5,4.1,USD,Escalated to the regional service desk for a damaged pallet.,2023-05
ORD-100375,2024-05-04,2024-05-12,11692,user1201@example.com,East,United States,46842,Partner,Snacks,27,21.65,636.04,7.92,204.42,10,3.4,USD,Escalated to the regional service desk for a damaged pallet.,2024-05
ORD-101368,2024-05-13,2024-05-19,11751,user927@example.com,North,United States,63164,Retail,Household,32,26.07,988.83,6.69,323.97,11,3.0,USD,,2024-05
ORD-102145,2023-09-25,2023-10-05,12001,user916@example.com,South,United States,38460,Online,Household,37,16.39,537.57,0.0,174.09,13,4.6,USD,Customer requested split delivery across two addresses.,2023-09
ORD-101163,2024-10-04,2024-10-07,11138,user1491@example.com,East,United States,17682,Retail,Snacks,21,10.57,166.63,5.73,48.74,12,4.1,USD,Escalated to the regional service desk for a damaged pallet.,2024-10
ORD-103783,2024-01-20,2024-01-22,10258,user837@example.com,East,United States,15617,Retail,Dairy,17,31.74,585.11,13.77,174.26,2,4.1,USD,,2024-01
ORD-103833,2024-05-28,2024-06-08,12339,user1394@example.com,East,Canada,93465,Online,Produce,7,31.76,298.1,10.53,86.61,1,4.7,USD,Escalated to the regional service desk for a damaged pallet.,2024-05
ORD-103951,2024-04-29,2024-05-08,11635,user2779@example.com,North,United States,18915,Retail,Bakery,35,31.77,1356.58,10.63,423.96,2,4.7,USD,Customer requested split delivery across two addresses.,2024-04
ORD-100141,2024-01-25,2024-01-26,10293,user1230@example.com,North,United States,46730,Online,Produce,5,21.52,140.21,10.1,32.63,4,4.3,USD,Customer requested split delivery across two addresses.,2024-01
ORD-100596,2024-06-21,2024-06-27,11358,user1244@example.com,East,United States,67355,Retail,Produce,26,12.75,344.99,10.17,111.0,2,5.0,USD,"Standard order, no special handling requested by the buyer.",2024-06
ORD-102376,2023-07-27,2023-08-05,12147,user1195@example.com,North,Canada,37798,Online,Produce,26,18.39,504.26,5.48,168.56,11,3.1,USD,Customer requested split delivery across two addresses.,2023-07
ORD-100306,2024-07-14,2024-07-19,12016,user1290@example.com,North,Mexico,56377,Wholesale,Snacks,14,37.82,673.64,10.6,208.41,11,4.1,USD,Customer requested split delivery across two addresses.,2024-07
ORD-102994,2024-11-04,2024-11-13,10131,user2618@example.com,North,United States,25080,Online,Beverages,5,33.33,156.26,4.1,57.05,12,4.3,USD,Escalated to the regional service desk for a damaged pallet.,2024-11
ORD-102462,2023-03-20,2023-03-26,10222,user2884@example.com,South,Canada,49523,Retail,Beverages,38,39.92,1887.8,5.11,626.64,13,4.8,USD,"Standard order, no special handling requested by the buyer.",2023-03
ORD-102186,2023-10-26,2023-10-28,11005,user718@example.com,West,United States,86339,Wholesale,Produce,33,24.97,860.17,14.49,255.5,2,4.1,USD,Escalated to the regional service desk for a damaged pallet.,2023-10
ORD-101497,2023-08-03,2023-08-11,11140,user975@example.com,North,Mexico,41236,Online,Produce,38,36.17,1406.67,11.38,444.28,7,3.7,USD,Customer requested split delivery across two addresses.,2023-08
ORD-101229,2023-03-24,2023-03-28,10529,user944@example.com,East,United States,31288,Partner,Household,22,15.69,387.55,7.35,124.25,11,3.1,USD,Customer requested split delivery across two addresses.,2023-03
ORD-103264,2023-07-12,2023-07-19,10052,user1381@example.com,North,United States,50023,Online,Frozen,22,15.33,380.08,5.19,118.08,7,2.8,USD,"Standard order, no special handling requested by the buyer.",2023-07
ORD-100531,2023-09-29,2023-09-29,12088,user2342@example.com,South,United States,18351,Online,Bakery,7,27.83,172.43,0.0,63.78,1,4.8,USD,"Standard order, no special handling requested by the buyer.",2023-09
ORD-100401,2024-07-14,2024-07-22,10357,user1047@example.com,East,United States,91918,Online,Bakery,35,6.08,236.65,8.15,76.41,13,3.7,USD,Customer requested split delivery across two addresses.,2024-07
ORD-101308,2023-04-01,2023-04-09,10487,user1592@example.com,North,United States,28908,Retail,Bakery,29,31.61,1145.86,3.33,380.03,6,4.6,USD,Customer requested split delivery across two addresses.,2023-04
ORD-100272,2024-01-01,2024-01-05,11343,user2383@example.com,South,United States,63959,Wholesale,Household,19,20.47,527.31,11.29,161.01,3,5.0,USD,Customer requested split delivery across two addresses.,2024-01
ORD-103198,2023-12-30,2024-01-02,10966,user1195@example.com,West,Canada,14028,Partner,Snacks,17,15.87,241.77,8.98,80.28,6,5.0,USD,Escalated to the regional service desk for a damaged pallet.,2023-12
ORD-100823,2023-03-15,2023-03-24,10271,user930@example.com,West,United States,31955,Online,Bakery,37,8.64,467.4,4.28,149.54,12,4.1,USD,,2023-03
ORD-102651,2024-06-25,2024-06-30,10040,user1648@example.com,South,United States,28343,Online,Snacks,4,18.67,90.21,10.85,29.27,4,4.1,USD,,2024-06
ORD-100635,2024-04-30,2024-05-05,10844,user257@example.com,West,Canada,59675,Retail,Produce,6,24.35,177.94,7.28,63.22,3,4.4,USD,Escalated to the regional service desk for a damaged pallet.,2024-04
ORD-100568,2024-06-30,2024-07-11,11055,user2411@example.com,East,United States,99653,Retail,Household,29,23.61,686.16,5.72,223.59,7,4.8,USD,"Standard order, no special handling requested by the buyer.",2024-06
ORD-102621,2024-06-14,2024-06-15,12440,user1256@example.com,South,Canada,60828,Online,Bakery,39,25.44,1252.77,16.12,369.63,8,4.4,USD,Escalated to the regional service desk for a damaged pallet.,2024-06
ORD-101847,2024-01-18,2024-01-22,11617,user1056@example.com,North,Canada,66596,Online,Bakery,1,16.98,21.56,18.01,10.81,6,3.9,USD,"Standard order, no special handling requested by the buyer.",2024-01
ORD-100636,2023-02-06,2023-02-09,11903,user2486@example.com,South,United States,95001,Retail,Dairy,24,29.95,825.67,8.55,268.54,13,3.8,USD,Customer requested split delivery across two addresses.,2023-02
ORD-100616,2023-10-01,2023-10-11,12285,user1324@example.com,North,Canada,33787,Online,Produce,16,32.0,453.12,15.57,138.03,9,,USD,Customer requested split delivery across two addresses.,2023-10
ORD-102350,2023-08-05,2023-08-08,11208,user976@example.com,South,Mexico,42635,Retail,Dairy,30,54.78,1413.49,4.94,460.91,8,3.6,USD,"Standard order, no special handling requested by the buyer.",2023-08
ORD-101406,2024-07-01,2024-07-07,10664,user1137@example.com,West,Canada,67796,Retail,Frozen,30,34.76,1040.56,8.09,325.41,2,4.6,USD,Escalated to the regional service desk for a damaged pallet.,2024-07
ORD-101766,2024-04-09,2024-04-14,12149,user2581@example.com,South,United States,75454,Online,Beverages,39,85.81,4925.04,0.0,1682.08,8,5.0,USD,Escalated to the regional service desk for a damaged pallet.,2024-04
ORD-101858,2023-06-02,2023-06-06,10957,user1366@example.com,West,Canada,71397,Wholesale,Produce,24,26.56,965.16,11.67,304.63,5,3.3,USD,,2023-06
ORD-103567,2023-02-14,2023-02-19,10184,user1032@example.com,South,Canada,75952,Online,Produce,17,28.67,675.69,5.43,225.51,12,3.3,USD,Escalated to the regional service desk for a damaged pallet.,2023-02
ORD-101078,2023-11-02,2023-11-09,10247,user1659@example.com,north ,United States,89825,Retail,Bakery,12,19.56,184.85,3.84,57.92,9,4.3,USD,"Standard order, no special handling requested by the buyer.",2023-11
ORD-101520,2024-01-21,2024-01-27,12401,user2870@example.com,East,United States,38909,Retail,Household,4,16.43,71.53,5.09,24.47,7,2.7,USD,"Standard order, no special handling requested by the buyer.",2024-01
ORD-101410,2024-08-31,2024-09-09,10045,user1675@example.com,South,Canada,93111,Online,Dairy,36,12.96,430.56,2.9,147.03,10,4.8,USD,Escalated to the regional service desk for a damaged pallet.,2024-08
ORD-101400,2023-03-24,2023-03-29,10208,user70@example.com,West,Canada,49494,Online,Dairy,34,29.86,1494.46,18.81,437.73,12,4.4,USD,,2023-03
ORD-101305,2023-10-05,2023-10-15,10099,user2349@example.com,East,Mexico,22816,Retail,Snacks,22,22.44,370.59,0.0,127.77,1,2.8,USD,Escalated to the regional service desk for a damaged pallet.,2023-10
ORD-101021,2023-10-21,2023-10-25,10925,user2062@example.com,north ,Canada,79020,Retail,Frozen,26,24.7,491.31,12.47,160.99,12,5.0,USD,"Standard order, no special handling requested by the buyer.",2023-10
ORD-101475,2023-10-07,2023-10-07,10022,user2415@example.com,South,United States,79362,Partner,Beverages,33,18.51,413.1,0.19,144.41,7,3.8,USD,"Standard order, no special handling requested by the buyer.",2023-10
ORD-102110,2024-11-17,2024-11-19,11154,user697@example.com,South,United States,54512,Online,Snacks,8,22.62,177.53,8.24,53.89,7,3.6,USD,Customer requested split delivery across two addresses.,2024-11
ORD-100035,2024-01-10,2024-01-13,11703,user2526@example.com,West,Mexico,58369,Online,Beverages,18,43.06,953.76,4.8,317.27,11,3.0,USD,"Standard order, no special handling requested by the buyer.",2024-01
ORD-102599,2023-11-26,2023-12-02,11270,user2681@example.com,South,Canada,85583,Online,Produce,26,46.39,1221.61,16.11,362.87,3,3.1,USD,Customer requested split delivery across two addresses.,2023-11
ORD-103453,2023-11-21,2023-11-22,11256,user2133@example.com,South,United States,80767,Retail,Dairy,33,29.93,830.79,9.91,263.82,8,4.1,USD,"Standard order, no special handling requested by the buyer.",2023-11
ORD-103542,2024-11-28,2024-12-04,10549,user1763@example.com,North,United States,63376,Retail,Beverages,11,12.13,115.97,8.32,38.07,13,4.9,USD,Escalated to the regional service desk for a damaged pallet.,2024-11
ORD-103779,2023-01-28,2023-01-28,10466,user222@example.com,South,United States,25621,Online,Dairy,24,21.61,682.92,12.95,208.96,1,4.6,USD,,2023-01
ORD-100124,2024-06-08,2024-06-08,11873,user1254@example.com,East,United States,42925,Online,Household,21,19.7,534.26,5.96,172.34,9,3.9,USD,"Standard order, no special handling requested by the buyer.",2024-06
ORD-102461,2024-03-10,2024-03-18,10142,user1115@example.com,North,United States,28454,Retail,Frozen,22,39.06,1059.94,6.98,,4,3.7,USD,,2024-03
ORD-102876,2024-10-24,2024-10-24,10310,user609@example.com,South,United States,84492,Partner,Frozen,39,29.69,803.96,11.63,249.12,5,3.0,USD,,2024-10
ORD-101362,2023-05-11,2023-05-18,11912,user1164@example.com,West,United States,25902,Online,Snacks,24,13.9,469.91,5.93,154.15,11,4.3,USD,"Standard order, no special handling requested by the buyer.",2023-05
ORD-102459,2023-05-21,2023-05-31,11612,user1545@example.com,South,United States,44398,Partner,Beverages,38,55.05,2191.08,7.1,707.84,6,4.5,USD,Customer requested split delivery across two addresses.,2023-05
ORD-103875,2023-03-27,2023-03-28,10461,user2902@example.com,North,United States,85302,Online,Dairy,27,19.36,770.38,8.32,244.95,13,4.0,USD,Escalated to the regional service desk for a damaged pallet.,2023-03
ORD-101313,2023-11-13,2023-11-23,10693,user2407@example.com,North,Canada,60352,Partner,Bakery,32,11.07,260.2,13.33,77.59,2,3.3,USD,"Standard order, no special handling requested by the buyer.",2023-11
ORD-102783,2023-01-16,2023-01-18,11704,user49@example.com,North,United States,56919,Partner,Produce,18,14.88,257.45,2.36,81.25,3,3.6,USD,Customer requested split delivery across two addresses.,2023-01
ORD-102492,2023-01-11,2023-01-19,12182,user2224@example.com,North,Mexico,27622,Retail,Beverages,29,7.01,212.86,12.28,70.67,10,3.4,USD,Customer requested split delivery across two addresses.,2023-01
ORD-102277,2023-04-24,2023-05-05,11025,user2654@example.com,East,Mexico,58118,Online,Frozen,18,11.2,292.86,11.1,91.55,9,4.3,USD,,2023-04
ORD-102243,2023-10-26,2023-10-26,10551,user2950@example.com,North,Canada,76296,Wholesale,Bakery,25,42.66,1113.3,2.12,375.47,3,3.7,USD,,2023-10
ORD-101241,2023-06-28,2023-06-29,10397,user959@example.com,West,Canada,57931,Wholesale,Bakery,31,11.91,505.94,4.03,163.76,5,4.8,USD,Customer requested split delivery across two addresses.,2023-06
ORD-100773,2023-04-03,2023-04-03,10454,user257@example.com,North,United States,20859,Online,Household,25,24.82,915.15,5.36,297.46,10,4.3,USD,Escalated to the regional service desk for a damaged pallet.,2023-04
ORD-102568,2023-04-27,2023-05-03,11362,user2175@example.com,North,United States,81347,Online,Dairy,3,20.47,88.83,8.47,39.13,9,3.4,USD,,2023-04
ORD-103063,2024-02-02,2024-02-10,10315,user196@example.com,South,United States,29335,Retail,Household,29,16.45,541.21,12.21,167.28,8,4.5,USD,Customer requested split delivery across two addresses.,2024-02
ORD-101744,2023-02-21,2023-02-23,10032,user2724@example.com,West,United States,77967,Wholesale,Dairy,11,13.75,244.02,7.82,75.05,2,4.1,USD,Customer requested split delivery across two addresses.,2023-02
ORD-100006,2024-06-11,2024-06-11,11310,user394@example.com,West,United States,23847,Online,Beverages,23,5.61,164.79,5.94,54.03,5,5.0,USD,,2024-06
ORD-103154,2024-08-25,2024-09-03,10235,user1806@example.com,North,United States,11486,Online,Bakery,29,18.87,513.92,4.87,170.36,12,4.6,USD,Customer requested split delivery across two addresses.,2024-08
ORD-103404,2024-08-22,2024-08-26,11338,user2184@example.com,South,United States,68558,Wholesale,Household,6,44.18,287.57,5.86,92.0,13,4.3,USD,"Standard order, no special handling requested by the buyer.",2024-08
ORD-100056,2024-04-16,2024-04-27,12322,user1734@example.com,East,United States,99527,Retail,Household,35,31.1,1350.68,6.15,443.63,8,4.6,USD,,2024-04
ORD-100013,2023-05-15,2023-05-22,11166,user18@example.com,West,Canada,42085,Retail,Household,5,44.26,261.66,3.55,82.42,1,4.8,USD,"Standard order, no special handling requested by the buyer.",2023-05
ORD-101304,2024-06-04,2024-06-05,10886,user1389@example.com,SOUTH,United States,94369,Online,Snacks,1,30.77,40.31,9.92,12.69,0,5.0,USD,Customer requested split delivery across two addresses.,2024-06
ORD-100215,2024-03-13,2024-03-20,10269,user2488@example.com,West,United States,13020,Partner,Beverages,17,30.67,580.82,13.88,179.81,7,4.7,USD,Customer requested split delivery across two addresses.,2024-03
ORD-102325,2024-01-24,2024-01-27,10752,user563@example.com,North,United States,56795,Partner,Frozen,3,25.96,77.13,8.15,26.6,6,4.1,USD,,2024-01
ORD-101635,2024-03-19,2024-03-24,12397,user2893@example.com,West,United States,71665,Online,Dairy,37,18.25,991.58,12.77,,10,4.9,USD,,2024-03
ORD-103217,2023-07-13,2023-07-22,10220,user1911@example.com,East,United States,77471,Online,Household,4,58.42,262.18,0.88,89.02,4,3.0,USD,Escalated to the regional service desk for a damaged pallet.,2023-07
ORD-102105,2024-04-26,2024-05-06,12162,user2080@example.com,South,Mexico,82556,Partner,Produce,28,12.18,376.25,13.85,118.25,2,3.8,USD,Customer requested split delivery across two addresses.,2024-04
ORD-102423,2023-04-05,2023-04-08,11992,user2469@example.com,East,Canada,96490,Online,Snacks,16,12.04,284.03,10.65,88.85,2,5.0,USD,Escalated to the regional service desk for a damaged pallet.,2023-04
ORD-100589,2024-03-14,2024-03-25,11406,user2369@example.com,East,Canada,87774,Online,Household,30,7.13,312.74,11.49,95.19,12,3.6,USD,Escalated to the regional service desk for a damaged pallet.,2024-03
ORD-102557,2023-10-10,2023-10-13,11506,user38@example.com,South,Canada,18450,Online,Household,18,25.53,408.41,11.75,125.92,12,4.3,USD,Escalated to the regional service desk for a damaged pallet.,2023-10
ORD-100966,2024-03-22,2024-03-24,11808,user286@example.com,North,Canada,13917,Online,Beverages,36,24.59,1302.43,3.14,435.39,1,4.2,USD,"Standard order, no special handling requested by the buyer.",2024-03
ORD-101185,2024-01-26,2024-01-26,10870,user2228@example.com,SOUTH,United States,91817,Wholesale,Household,27,32.72,1321.68,12.9,399.54,2,4.2,USD,"Standard order, no special handling requested by the buyer.",2024-01
ORD-101127,2024-01-25,2024-01-30,11594,user2749@example.com,East,United States,89257,Online,Bakery,39,30.55,1552.55,5.12,511.91,4,4.0,USD,"Standard order, no special handling requested by the buyer.",2024-01
ORD-103679,2024-10-04,2024-10-09,10310,user152@example.com,South,United States,38238,Retail,Beverages,32,33.13,795.83,7.72,249.81,3,3.9,USD,Customer requested split delivery across two addresses.,2024-10
ORD-101284,2023-01-27,2023-01-28,11559,user2845@example.com,North,United States,80192,Retail,Produce,20,36.54,812.69,10.81,250.8,13,4.4,USD,Customer requested split delivery across two addresses.,2023-01
ORD-102772,2024-05-29,2024-06-06,12496,user613@example.com,West,United States,35184,Retail,Bakery,9,44.66,455.27,8.95,146.87,2,3.4,USD,Escalated to the regional service desk for a damaged pallet.,2024-05
ORD-100358,2024-03-18,2024-03-26,10728,user445@example.com,North,Canada,76858,Partner,Bakery,10,21.33,238.72,15.68,71.58,6,3.8,USD,Customer requested split delivery across two addresses.,2024-03
ORD-102939,2023-09-05,2023-09-11,11715,user1598@example.com,North,United States,74117,Wholesale,Produce,39,17.63,718.59,2.0,241.58,4,4.5,USD,Customer requested split delivery across two addresses.,2023-09
ORD-102060,2024-06-14,2024-06-23,12476,user600@example.com,South,Canada,78411,Partner,Dairy,34,31.7,1037.98,0.58,349.99,10,4.5,USD,Customer requested split delivery across two addresses.,2024-06
ORD-100672,2024-09-17,2024-09-21,11418,user2650@example.com,East,Canada,39555,Online,Household,10,18.86,168.25,8.02,51.11,12,4.2,USD,,2024-09
ORD-100679,2024-09-01,2024-09-08,12154,user1187@example.com,South,Canada,15464,Retail,Frozen,26,7.81,158.39,13.57,54.13,5,4.0,USD,Escalated to the regional service desk for a damaged pallet.,2024-09
ORD-103906,2024-11-18,2024-11-18,10310,user487@example.com,West,United States,21717,Online,Snacks,-4,13.55,53.38,15.24,19.38,12,3.3,USD,Escalated to the regional service desk for a damaged pallet.,2024-11
ORD-102264,2023-10-12,2023-10-14,10037,user2403@example.com,North,United States,98910,Retail,Dairy,2,16.4,24.75,11.69,10.17,2,5.0,USD,Customer requested split delivery across two addresses.,2023-10
ORD-100292,2024-10-22,2024-10-30,10487,user2282@example.com,North,United States,39083,Partner,Bakery,30,33.14,687.29,5.69,219.85,8,3.3,USD,Customer requested split delivery across two addresses.,2024-10
ORD-100085,2023-11-23,2023-12-02,11855,user2683@example.com,East,United States,83250,Retail,Beverages,31,50.99,1340.24,14.33,403.47,2,5.0,USD,Customer requested split delivery across two addresses.,2023-11
ORD-103294,2024-04-24,2024-04-25,10623,user2777@example.com,South,United States,62846,Online,Household,26,17.62,664.59,17.12,194.48,13,3.3,USD,Escalated to the regional service desk for a damaged pallet.,2024-04
ORD-100958,2024-05-12,2024-05-14,12487,user1042@example.com,SOUTH,United States,74850,Wholesale,Snacks,30,23.42,1126.99,0.0,378.58,1,4.6,USD,Escalated to the regional service desk for a damaged pallet.,2024-05
ORD-100943,2023-02-14,2023-02-17,10759,user1838@example.com,West,United States,23440,Retail,Dairy,6,37.98,267.73,5.14,89.09,9,3.8,USD,Escalated to the regional service desk for a damaged pallet.,2023-02
ORD-100130,2024-10-03,2024-10-07,10812,user2705@example.com,South,United States,94140,Partner,Snacks,34,22.2,509.76,13.66,154.38,1,3.6,USD,,2024-10
ORD-100290,2024-03-14,2024-03-14,11100,user1330@example.com,North,Mexico,57222,Retail,Beverages,22,8.74,238.25,5.69,77.58,12,5.0,USD,,2024-03
ORD-100155,2023-10-24,2023-10-24,10454,user465@example.com,South,United States,84625,Online,Dairy,33,28.47,853.37,7.59,271.61,7,,USD,Customer requested split delivery across two addresses.,2023-10
ORD-101523,2023-07-17,2023-07-17,10563,user2987@example.com,North,Canada,87554,Online,Produce,9,12.75,126.48,0.59,44.1,7,4.8,USD,Escalated to the regional service desk for a damaged pallet.,2023-07
ORD-102947,2023-02-12,2023-02-14,11106,user817@example.com,East,Canada,33219,Online,Snacks,31,8.07,344.97,7.7,110.56,11,4.9,USD,"Standard order, no special handling requested by the buyer.",2023-02
ORD-100217,2024-05-19,2024-05-27,10178,user628@example.com,East,United States,55629,Online,Bakery,39,25.27,1357.15,11.44,417.73,9,4.6,USD,"Standard order, no special handling requested by the buyer.",2024-05
ORD-102898,2023-02-08,2023-02-10,10584,user1683@example.com,,United States,44307,Retail,Dairy,22,38.66,982.79,1.29,334.77,5,4.2,USD,Escalated to the regional service desk for a damaged pallet.,2023-02
ORD-102397,2023-06-13,2023-06-24,12217,user1210@example.com,South,United States,78899,Retail,Produce,10,11.95,128.85,17.81,33.26,2,4.4,USD,"Standard order, no special handling requested by the buyer.",2023-06
ORD-100405,2023-04-05,2023-04-16,11280,user1028@example.com,East,United States,61778,Online,Beverages,19,22.95,642.91,4.85,206.46,13,3.9,USD,Escalated to the regional service desk for a damaged pallet.,2023-04
ORD-100260,2023-03-02,2023-03-09,12485,user802@example.com,West,United States,27627,Retail,Beverages,2,36.92,89.85,2.47,32.12,10,5.0,USD,Customer requested split delivery across two addresses.,2023-03
ORD-103988,2024-02-03,2024-02-06,12244,user1152@example.com,North,United States,14027,Retail,Snacks,4,10.88,49.53,8.81,17.77,3,3.6,USD,Escalated to the regional service desk for a damaged pallet.,2024-02
ORD-103129,2024-11-30,2024-12-06,11742,user1552@example.com,North,United States,29667,Retail,Beverages,20,33.67,590.27,1.66,197.13,3,3.4,USD,Escalated to the regional service desk for a damaged pallet.,2024-11
ORD-103123,2024-05-23,2024-06-03,10865,user318@example.com,South,United States,70663,Retail,Bakery,1,14.86,17.15,8.92,3.01,3,3.3,USD,,2024-05
ORD-101154,2023-09-27,2023-10-04,10641,user2502@example.com,North,United States,91562,Wholesale,Snacks,34,21.63,745.13,15.11,232.27,8,3.7,USD,"Standard order, no special handling requested by the buyer.",2023-09
ORD-101118,2023-10-31,2023-10-31,11420,user627@example.com,North,United States,97919,Wholesale,Beverages,9,8.0,76.12,16.58,16.92,3,4.7,USD,,2023-10
ORD-100512,2023-03-08,2023-03-09,11384,user2427@example.com,East,United States,27045,Retail,Produce,9,27.3,301.85,0.0,103.32,1,4.7,USD,,2023-03
ORD-102913,2024-06-09,2024-06-12,11260,user549@example.com,North,United States,31864,Online,Produce,31,35.16,1402.46,0.0,480.5,4,5.0,USD,,2024-06
ORD-100577,2023-12-17,2023-12-18,10506,user2792@example.com,north ,United States,93671,Online,Bakery,11,26.47,323.08,5.01,109.71,5,4.3,USD,Escalated to the regional service desk for a damaged pallet.,2023-12
ORD-100476,2024-03-16,2024-03-27,11612,user2387@example.com,South,United States,96910,Wholesale,Household,17,13.86,394.88,13.06,121.9,5,4.8,USD,"Standard order, no special handling requested by the buyer.",2024-03
ORD-101538,2023-07-08,2023-07-10,11110,user771@example.com,South,Canada,14158,Retail,Frozen,36,46.91,1641.62,12.51,505.19,4,3.5,USD,,2023-07
ORD-101710,2024-02-07,2024-02-16,10866,user463@example.com,North,United States,32694,Online,Beverages,27,28.38,1041.73,0.82,345.76,8,3.6,USD,Customer requested split delivery across two addresses.,2024-02
ORD-100499,2023-11-29,2023-12-02,10840,user529@example.com,East,United States,68383,Wholesale,Bakery,6,23.06,162.34,3.77,49.38,4,4.9,USD,Escalated to the regional service desk for a damaged pallet.,2023-11
ORD-101174,2023-03-13,2023-03-18,12274,user91@example.com,South,Canada,11544,Partner,Bakery,3,13.83,46.17,7.29,16.03,12,3.8,USD,"Standard order, no special handling requested by the buyer.",2023-03
ORD-100498,2023-12-13,2023-12-24,12352,user658@example.com,South,Mexico,83183,Retail,Snacks,25,20.3,468.81,6.15,152.35,9,4.5,USD,Escalated to the regional service desk for a damaged pallet.,2023-12
ORD-101275,2024-09-16,2024-09-26,10258,user6@example.com,North,United States,37266,Retail,Frozen,19,12.54,180.36,11.15,53.11,1,4.7,USD,Customer requested split delivery across two addresses.,2024-09
ORD-100086,2024-08-12,2024-08-17,10300,user2412@example.com,North,United States,14046,Online,Snacks,19,42.48,793.34,4.38,260.14,6,5.0,USD,Escalated to the regional service desk for a damaged pallet.,2024-08
ORD-103817,2024-06-13,2024-06-21,12377,user47@example.com,West,Mexico,19470,Wholesale,Bakery,31,25.22,1133.75,10.33,352.45,9,3.8,USD,"Standard order, no special handling requested by the buyer.",2024-06
ORD-101283,2023-10-26,2023-11-06,11010,user1267@example.com,South,Canada,65432,Partner,Frozen,37,29.1,749.3,10.44,,3,3.4,USD,,2023-10
ORD-103233,2023-08-18,2023-08-26,10962,user84@example.com,South,United States,29698,Partner,Produce,25,21.66,398.46,11.11,131.27,10,4.9,USD,Escalated to the regional service desk for a damaged pallet.,2023-08
ORD-101221,2023-04-23,2023-04-23,11754,user431@example.com,West,United States,59961,Retail,Frozen,33,24.83,1010.05,4.78,327.67,2,4.0,USD,Escalated to the regional service desk for a damaged pallet.,2023-04
ORD-102177,2024-02-05,2024-02-15,11571,user2887@example.com,SOUTH,United States,31836,Online,Frozen,18,22.79,554.35,6.44,180.71,5,4.0,USD,Customer requested split delivery across two addresses.,2024-02
ORD-102988,2024-04-27,2024-04-29,11631,user700@example.com,North,United States,41547,Wholesale,Household,20,15.48,511.57,18.5,156.43,7,3.5,USD,Customer requested split delivery across two addresses.,2024-04
ORD-101454,2023-07-27,2023-07-30,11962,user2323@example.com,North,United States,56954,Online,Household,6,28.61,181.04,17.53,51.7,5,4.2,USD,Escalated to the regional service desk for a damaged pallet.,2023-07
ORD-101743,2023-11-12,2023-11-19,10709,user2088@example.com,West,United States,52630,Online,Bakery,13,29.71,370.64,11.37,110.0,3,4.5,USD,"Standard order, no special handling requested by the buyer.",2023-11
ORD-101785,2024-01-15,2024-01-20,11325,user1200@example.com,North,United States,95089,Wholesale,Household,14,22.73,457.02,14.99,135.37,4,,USD,Escalated to the regional service desk for a damaged pallet.,2024-01
ORD-101175,2023-01-30,2023-02-01,10626,user1891@example.com,North,Mexico,63871,Online,Bakery,39,20.57,1063.49,8.72,346.29,2,4.2,USD,"Standard order, no special handling requested by the buyer.",2023-01
ORD-100179,2024-02-11,2024-02-22,10423,user1356@example.com,East,Mexico,41272,Online,Beverages,29,23.59,940.78,6.16,311.25,12,4.2,USD,Customer requested split delivery across two addresses.,2024-02
ORD-103943,2024-04-15,2024-04-21,10519,user2625@example.com,East,United States,69709,Retail,Bakery,10,16.45,204.31,16.82,62.4,9,3.7,USD,,2024-04
ORD-100466,2023-05-06,2023-05-11,10010,user678@example.com,East,United States,13106,Retail,Snacks,37,26.66,1190.2,5.39,386.86,7,3.9,USD,,2023-05
ORD-102943,2024-02-22,2024-03-04,10663,user8@example.com,West,United States,99398,Retail,Household,18,41.28,889.97,8.2,287.41,6,3.9,USD,Escalated to the regional service desk for a damaged pallet.,2024-02
ORD-102784,2023-11-23,2023-11-24,11354,user1618@example.com,North,United States,32979,Online,Dairy,22,22.09,486.22,8.25,155.77,1,3.3,USD,,2023-11
ORD-101546,2024-07-12,2024-07-19,11830,user2231@example.com,East,United States,57167,Online,Produce,2,9.69,21.74,11.78,,13,3.2,USD,"Standard order, no special handling requested by the buyer.",2024-07
ORD-103665,2023-04-04,2023-04-05,10343,user218@example.com,East,United States,98494,Retail,Beverages,1,23.58,29.47,13.25,,6,3.5,USD,"Standard order, no special handling requested by the buyer.",2023-04
ORD-101218,2024-01-31,2024-02-04,11619,user1250@example.com,North,United States,39954,Wholesale,Bakery,29,20.1,886.99,4.26,292.98,3,3.0,USD,,2024-01
ORD-101502,2023-09-17,2023-09-27,12065,user853@example.com,East,United States,51762,Online,Dairy,27,26.49,638.86,6.18,207.55,9,4.5,USD,Customer requested split delivery across two addresses.,2023-09
ORD-101408,2024-07-24,2024-08-02,11762,user2168@example.com,North,United States,33238,Partner,Produce,15,20.99,255.48,12.05,75.3,2,3.9,USD,Customer requested split delivery across two addresses.,2024-07
ORD-100262,2024-03-07,2024-03-10,10976,user628@example.com,North,United States,52149,Online,Bakery,4,15.56,90.23,13.26,33.32,7,3.6,USD,"Standard order, no special handling requested by the buyer.",2024-03
ORD-100526,2023-09-06,2023-09-08,11021,user1778@example.com,North,United States,77979,Wholesale,Frozen,37,13.85,534.32,9.49,164.69,1,2.3,USD,,2023-09
ORD-100847,2023-12-04,2023-12-08,11591,user356@example.com,West,Canada,42069,Online,Produce,16,28.67,480.63,4.91,153.21,9,4.8,USD,,2023-12
ORD-101015,2023-01-23,2023-01-29,10099,user68@example.com,North,United States,89516,Online,Beverages,39,23.5,1185.74,8.65,373.96,6,3.8,USD,Escalated to the regional service desk for a damaged pallet.,2023-01
ORD-100316,2031-06-15,2024-03-11,11720,user1332@example.com,West,United States,62855,Partner,Snacks,4,8.91,39.17,8.1,12.65,1,3.7,USD,Customer requested split delivery across two addresses.,2031-06
ORD-103878,2024-01-14,2024-01-16,11305,user1198@example.com,East,United States,51573,Online,Dairy,39,9.06,441.82,7.06,141.96,7,4.6,USD,Escalated to the regional service desk for a damaged pallet.,2024-01
ORD-101035,2023-05-11,2023-05-15,12071,user599@example.com,East,United States,37293,Retail,Household,11,54.79,719.44,13.26,212.86,2,3.7,USD,"Standard order, no special handling requested by the buyer.",2023-05
ORD-100566,2023-12-13,2023-12-24,10759,user2966@example.com,South,Canada,15412,Online,Bakery,33,20.05,721.23,10.0,231.63,9,3.9,USD,Customer requested split delivery across two addresses.,2023-12
ORD-101891,2024-11-06,2024-11-07,11334,user734@example.com,East,United States,34987,Online,Beverages,10,27.71,261.47,3.22,88.32,8,2.9,USD,,2024-11
ORD-100604,2023-02-19,2023-02-21,12308,user995@example.com,East,Canada,66842,Online,Produce,29,47.45,1931.56,10.79,601.65,8,3.8,USD,Customer requested split delivery across two addresses.,2023-02
ORD-100620,2024-09-13,2024-09-20,11531,user1449@example.com,North,United States,70121,Retail,Frozen,8,21.03,127.92,3.78,45.72,0,3.1,USD,Escalated to the regional service desk for a damaged pallet.,2024-09
ORD-100291,2023-02-05,2023-02-13,11955,user1472@example.com,South,United States,37243,Online,Bakery,7,22.64,214.16,11.91,69.7,7,4.5,USD,Escalated to the regional service desk for a damaged pallet.,2023-02
ORD-101797,2023-09-15,2023-09-16,12364,user2085@example.com,South,United States,26202,Online,Household,28,17.39,436.17,7.64,139.53,10,3.8,USD,Customer requested split delivery across two addresses.,2023-09
ORD-102057,2024-01-04,2024-01-12,11149,user1163@example.com,South,United States,11785,Retail,Beverages,12,21.0,256.33,5.84,82.09,6,4.6,USD,,2024-01
ORD-103313,2023-05-04,2023-05-05,11614,user1467@example.com,South,United States,59013,Partner,Dairy,15,7.16,117.09,5.77,33.08,10,3.3,USD,Escalated to the regional service desk for a damaged pallet.,2023-05
ORD-100795,2023-03-21,2023-03-21,12242,user2737@example.com,East,Canada,77523,Online,Snacks,39,20.72,1187.46,6.94,381.66,1,4.7,USD,Escalated to the regional service desk for a damaged pallet.,2023-03
ORD-103956,2023-07-31,2023-08-11,10866,user1572@example.com,North,United States,53342,Retail,Frozen,32,30.74,864.1,4.74,282.12,2,4.5,USD,Escalated to the regional service desk for a damaged pallet.,2023-07
ORD-102553,2024-06-06,2024-06-12,10587,user729@example.com,West,United States,96715,Online,Produce,25,26.96,876.71,2.07,294.97,13,4.4,USD,Customer requested split delivery across two addresses.,2024-06
ORD-102674,2023-11-16,2023-11-27,12308,user1732@example.com,South,United States,40919,Partner,Snacks,18,30.33,405.43,8.49,125.28,13,4.3,USD,,2023-11
ORD-100411,2024-07-13,2024-07-14,11569,user2026@example.com,South,Canada,57184,Online,Produce,34,19.18,728.43,8.04,234.6,2,,USD,"Standard order, no special handling requested by the buyer.",2024-07
ORD-100288,2023-06-23,2023-06-30,10360,user636@example.com,West,United States,21584,Retail,Dairy,11,15.5,176.71,0.0,54.63,5,4.5,USD,Escalated to the regional service desk for a damaged pallet.,2023-06
ORD-103141,2024-06-02,2024-06-13,10297,user1475@example.com,East,United States,51687,Retail,Bakery,33,16.31,601.63,2.78,201.94,3,2.9,USD,Customer requested split delivery across two addresses.,2024-06
ORD-103683,2024-01-11,2024-01-19,10936,user412@example.com,South,United States,10125,Retail,Snacks,16,28.59,478.97,8.48,,0,4.0,USD,Escalated to the regional service desk for a damaged pallet.,2024-01
ORD-103220,2024-11-01,2024-11-10,10006,user410@example.com,South,United States,29583,Retail,Produce,27,33.01,701.92,6.47,227.34,13,4.8,USD,Escalated to the regional service desk for a damaged pallet.,2024-11
ORD-100800,2024-10-22,2024-11-01,10144,user231@example.com,South,Canada,46524,Retail,Bakery,23,38.47,679.64,11.96,205.36,6,4.0,USD,Escalated to the regional service desk for a damaged pallet.,2024-10
ORD-103902,2023-07-03,2023-07-03,12005,user1019@example.com,North,United States,78184,Partner,Beverages,7,26.76,167.5,6.59,54.81,10,,USD,,2023-07
ORD-103822,2023-11-10,2023-11-13,11353,user593@example.com,East,Canada,88147,Retail,Household,4,14.14,45.68,15.78,14.94,4,4.1,USD,"Standard order, no special handling requested by the buyer.",2023-11
ORD-102856,2023-02-16,2023-02-19,11252,user297@example.com,West,Canada,75622,Online,Bakery,33,18.86,867.27,1.7,287.43,7,3.8,USD,Customer requested split delivery across two addresses.,2023-02
ORD-101345,2023-12-01,2023-12-05,10537,user1949@example.com,West,United States,44153,Online,Dairy,16,31.25,517.17,15.77,153.1,1,3.5,USD,Customer requested split delivery across two addresses.,2023-12
ORD-101712,2023-10-14,2023-10-24,10930,user1798@example.com,North,United States,12400,Online,Produce,22,26.48,520.02,7.1,161.35,5,4.0,USD,,2023-10
ORD-100502,2024-07-12,2024-07-21,10808,user1544@example.com,South,United States,89739,Retail,Dairy,20,30.07,571.83,18.44,166.75,12,3.9,USD,,2024-07
ORD-102298,2024-07-16,2024-07-22,10771,user2662@example.com,North,United States,55830,Online,Household,7,22.64,174.68,10.42,,4,4.5,USD,Escalated to the regional service desk for a damaged pallet.,2024-07
ORD-101231,2024-11-20,2024-11-23,11999,user2047@example.com,West,Mexico,59988,Online,Dairy,9,45.57,407.07,8.49,127.79,2,4.8,USD,Customer requested split delivery across two addresses.,2024-11
ORD-101451,2024-01-26,2024-01-30,10749,user2861@example.com,South,United States,53796,Partner,Snacks,13,18.87,244.67,0.0,84.23,5,,USD,,2024-01
ORD-101910,2024-07-15,2024-07-19,10447,user2341@example.com,North,United States,92064,Online,Snacks,35,15.62,605.27,11.09,191.06,4,4.3,USD,"Standard order, no special handling requested by the buyer.",2024-07
ORD-102815,2024-09-10,2024-09-13,11202,user1294@example.com,West,Canada,77395,Partner,Beverages,37,34.24,871.46,13.72,269.95,3,4.5,USD,,2024-09
ORD-102188,2023-02-08,2023-02-17,10039,user752@example.com,East,United States,88960,Retail,Produce,20,22.78,526.45,4.11,176.13,13,3.6,USD,Escalated to the regional service desk for a damaged pallet.,2023-02
ORD-100621,2031-06-15,2023-03-14,11700,user2725@example.com,North,Mexico,90910,Partner,Produce,34,37.6,1415.47,5.28,467.95,1,4.8,USD,"Standard order, no special handling requested by the buyer.",2031-06
ORD-100034,2023-04-04,2023-04-15,10122,user772@example.com,north ,United States,10881,Online,Dairy,34,21.02,1053.92,8.07,333.73,4,4.4,USD,,2023-04
ORD-102843,2024-07-19,2024-07-22,12278,user1055@example.com,North,United States,59137,Online,Beverages,36,27.34,1070.49,3.61,356.5,12,5.0,USD,,2024-07
ORD-102817,2024-04-30,2024-05-11,10587,user2507@example.com,North,Canada,67193,Online,Beverages,3,29.96,129.17,12.68,35.1,2,4.3,USD,"Standard order, no special handling requested by the buyer.",2024-04
ORD-103399,2023-10-21,2023-10-25,10917,user536@example.com,North,Mexico,84147,Online,Dairy,21,57.15,1083.43,12.39,340.65,5,2.9,USD,Escalated to the regional service desk for a damaged pallet.,2023-10
ORD-101373,2024-07-06,2024-07-17,11113,user719@example.com,West,United States,47989,Online,Beverages,14,36.66,591.31,15.24,170.51,13,3.9,USD,"Standard order, no special handling requested by the buyer.",2024-07
ORD-103038,2023-11-23,2023-11-28,11010,user130@example.com,north ,Canada,16708,Retail,Bakery,26,22.35,492.7,6.72,166.58,4,4.3,USD,,2023-11
ORD-101086,2023-12-16,2023-12-19,11123,user614@example.com,South,United States,85560,Online,Dairy,21,16.58,384.62,16.81,110.77,2,3.9,USD,Escalated to the regional service desk for a damaged pallet.,2023-12
ORD-103921,2024-04-17,2024-04-26,11816,user450@example.com,West,United States,19374,Online,Dairy,24,12.96,455.0,14.66,137.76,3,4.1,USD,Escalated to the regional service desk for a damaged pallet.,2024-04
ORD-103354,2023-03-30,2023-03-31,11885,user2266@example.com,West,Canada,62364,Online,Snacks,25,15.71,579.22,0.0,197.48,7,4.9,USD,Escalated to the regional service desk for a damaged pallet.,2023-03
ORD-101701,2023-06-28,2023-06-30,11218,user58@example.com,North,United States,94173,Online,Frozen,36,9.85,424.73,10.48,141.61,12,2.6,USD,"Standard order, no special handling requested by the buyer.",2023-06
ORD-102819,2023-06-03,2023-06-10,12239,user788@example.com,North,United States,94224,Wholesale,Bakery,27,14.79,602.6,22.0,174.61,6,5.0,USD,Escalated to the regional service desk for a damaged pallet.,2023-06
ORD-101723,2023-10-13,2023-10-20,10867,user2162@example.com,West,Canada,62595,Wholesale,Beverages,38,51.01,1977.1,6.25,649.25,4,4.0,USD,,2023-10
ORD-103503,2023-09-15,2023-09-15,10491,user2716@example.com,SOUTH,Canada,86215,Partner,Frozen,35,17.4,416.08,5.91,133.32,9,2.7,USD,Escalated to the regional service desk for a damaged pallet.,2023-09
ORD-101080,2023-04-12,2023-04-12,10410,user2111@example.com,North,Canada,99730,Online,Beverages,7,14.57,149.92,8.2,40.95,8,,USD,Customer requested split delivery across two addresses.,2023-04
ORD-102719,2024-11-10,2024-11-10,10473,user2235@example.com,South,Mexico,75991,Wholesale,Frozen,8,26.04,227.92,17.59,64.0,11,5.0,USD,"Standard order, no special handling requested by the buyer.",2024-11
ORD-100207,2023-01-24,2023-01-31,10003,user2444@example.com,East,United States,54475,Wholesale,Bakery,38,19.47,1099.06,1.69,369.17,7,,USD,Escalated to the regional service desk for a damaged pallet.,2023-01
ORD-100696,2024-10-19,2024-10-20,12494,user1078@example.com,West,United States,52466,Retail,Household,21,25.37,406.82,6.11,129.51,8,4.7,USD,"Standard order, no special handling requested by the buyer.",2024-10
ORD-101526,2023-11-04,2023-11-04,11554,user1464@example.com,East,United States,79959,Online,Produce,4,13.6,50.85,7.87,18.49,10,4.7,USD,"Standard order, no special handling requested by the buyer.",2023-11
ORD-101420,2023-01-21,2023-01-31,10026,user903@example.com,South,United States,61295,Online,Dairy,35,17.83,801.49,14.84,237.11,4,5.0,USD,Customer requested split delivery across two addresses.,2023-01
ORD-102228,2023-12-17,2023-12-20,11883,user133@example.com,East,United States,88599,Online,Frozen,37,39.7,1629.88,6.14,527.33,10,,USD,"Standard order, no special handling requested by the buyer.",2023-12
ORD-100814,2023-09-03,2023-09-11,10475,user661@example.com,South,United States,94755,Partner,Produce,1,19.32,13.53,18.51,3.78,12,4.5,USD,Customer requested split delivery across two addresses.,2023-09
ORD-102136,2024-05-30,2024-06-08,10478,user937@example.com,North,United States,26198,Partner,Frozen,19,26.24,506.59,7.65,163.01,3,5.0,USD,"Standard order, no special handling requested by the buyer.",2024-05
ORD-103862,2024-09-13,2024-09-17,10438,user2648@example.com,West,Mexico,18845,Online,Bakery,12,22.35,240.62,2.0,76.61,10,4.4,USD,,2024-09
ORD-101501,2023-02-23,2023-03-03,11354,user324@example.com,West,Mexico,90364,Partner,Household,38,21.34,876.04,6.47,284.28,3,3.8,USD,,2023-02
ORD-100473,2023-01-17,2023-01-26,11226,user448@example.com,North,United States,81763,Online,Frozen,3,45.52,172.76,11.2,54.2,3,4.3,USD,"Standard order, no special handling requested by the buyer.",2023-01
ORD-101840,2023-07-13,2023-07-17,11765,user8@example.com,West,United States,45671,Retail,Bakery,27,32.65,838.21,10.09,263.38,11,4.5,USD,Customer requested split delivery across two addresses.,2023-07
ORD-100702,2024-07-13,2024-07-23,10990,user739@example.com,West,Canada,32955,Online,Household,23,24.02,617.1,2.99,206.87,2,4.3,USD,Customer requested split delivery across two addresses.,2024-07
ORD-103436,2023-11-07,2023-11-17,12402,user850@example.com,East,United States,28028,Retail,Snacks,22,20.66,363.46,16.26,105.4,3,5.0,USD,,2023-11
ORD-101864,2023-02-10,2023-02-20,10684,user29@example.com,North,United States,87154,Retail,Beverages,15,17.27,301.06,11.2,87.42,6,3.8,USD,Escalated to the regional service desk for a damaged pallet.,2023-02
ORD-102100,2024-01-31,2024-02-07,11698,user878@example.com,East,United States,46705,Online,Frozen,4,54.49,289.9,8.6,97.49,4,4.5,USD,,2024-01
ORD-103237,2023-11-13,2023-11-23,10720,user1889@example.com,North,United States,16557,Online,Household,11,32.18,340.9,2.29,109.54,10,4.4,USD,,2023-11
ORD-100505,2023-01-01,2023-01-10,10085,user1256@example.com,South,United States,78185,Retail,Frozen,20,11.67,234.4,7.16,79.94,8,4.0,USD,Escalated to the regional service desk for a damaged pallet.,2023-01
ORD-101060,2023-07-22,2023-07-24,11110,user477@example.com,North,United States,72654,Online,Household,13,13.42,188.08,9.1,56.29,4,5.0,USD,Escalated to the regional service desk for a damaged pallet.,2023-07
ORD-101673,2023-04-28,2023-05-04,11336,user1455@example.com,East,United States,99506,Wholesale,Beverages,32,24.75,1308.66,7.99,417.32,10,3.5,USD,Escalated to the regional service desk for a damaged pallet.,2023-04
ORD-100794,2023-07-02,2023-07-10,10799,user1729@example.com,North,Canada,89865,Retail,Snacks,5,53.88,268.82,6.73,86.44,13,5.0,USD,Customer requested split delivery across two addresses.,2023-07
ORD-102327,2023-09-11,2023-09-20,10685,user1276@example.com,East,Canada,13769,Partner,Dairy,35,19.64,472.85,0.0,165.45,6,3.8,USD,,2023-09
ORD-102516,2023-05-22,2023-06-01,10283,user1400@example.com,South,Canada,37280,Partner,Bakery,29,17.28,523.4,10.67,160.83,11,4.5,USD,,2023-05
ORD-102255,2023-05-28,2023-06-04,10682,user81@example.com,South,United States,82413,Retail,Snacks,37,40.07,1690.0,8.5,538.33,8,4.3,USD,"Standard order, no special handling requested by the buyer.",2023-05
ORD-102544,2024-04-04,2024-04-13,10606,user822@example.com,North,United States,10033,Retail,Produce,28,45.39,1587.99,17.88,477.03,5,5.0,USD,,2024-04
ORD-101775,2024-03-10,2024-03-14,12082,user589@example.com,North,United States,84498,Online,Dairy,37,24.17,1301.62,5.32,423.36,11,3.1,USD,Customer requested split delivery across two addresses.,2024-03
ORD-101279,2023-04-28,2023-05-07,10886,user1820@example.com,North,United States,50998,Online,Frozen,29,13.52,566.27,21.71,168.83,8,,USD,Escalated to the regional service desk for a damaged pallet.,2023-04
ORD-103274,2023-11-18,2023-11-21,11944,user959@example.com,West,United States,78486,Online,Bakery,7,48.08,330.18,18.51,,12,4.1,USD,Customer requested split delivery across two addresses.,2023-11
ORD-103347,2023-12-10,2023-12-21,11059,user2931@example.com,North,United States,83624,Online,Household,36,25.6,991.33,7.61,320.27,10,3.8,USD,,2023-12
ORD-101954,2024-10-10,2024-10-13,11376,user1747@example.com,North,Mexico,10049,Retail,Frozen,11,13.45,111.54,5.06,38.58,6,3.6,USD,Customer requested split delivery across two addresses.,2024-10
ORD-100382,2023-08-23,2023-08-25,11938,user583@example.com,North,United States,29356,Online,Frozen,2,56.77,107.66,10.67,36.16,13,5.0,USD,Customer requested split delivery across two addresses.,2023-08
ORD-103835,2024-06-25,2024-07-05,10334,user1458@example.com,South,United States,40797,Online,Dairy,32,26.29,1016.17,6.06,334.44,2,3.9,USD,"Standard order, no special handling requested by the buyer.",2024-06
ORD-102774,2024-11-22,2024-11-22,11888,user823@example.com,West,Canada,56626,Wholesale,Beverages,27,31.04,959.3,7.68,304.46,5,4.1,USD,"Standard order, no special handling requested by the buyer.",2024-11
ORD-103671,2023-02-13,2023-02-15,11435,user996@example.com,East,United States,57295,Online,Dairy,6,18.99,157.54,16.8,45.01,6,4.8,USD,,2023-02
ORD-100947,2024-06-14,2024-06-21,10874,user490@example.com,East,United States,77843,Partner,Produce,21,23.97,484.77,4.36,161.1,6,,USD,Customer requested split delivery across two addresses.,2024-06
ORD-103688,2023-07-15,2023-07-25,12154,user2571@example.com,North,United States,88821,Wholesale,Produce,8,13.1,133.33,12.72,37.72,11,4.1,USD,Escalated to the regional service desk for a damaged pallet.,2023-07
ORD-100874,2024-10-24,2024-11-01,10408,user1672@example.com,West,United States,58069,Wholesale,Produce,2,18.27,38.06,6.09,19.46,6,5.0,USD,,2024-10
ORD-103896,2024-05-08,2024-05-18,11438,user2214@example.com,South,United States,28767,Retail,Dairy,1,87.43,104.83,4.32,31.39,2,5.0,USD,Escalated to the regional service desk for a damaged pallet.,2024-05
ORD-101982,2023-05-23,2023-05-23,11328,user1970@example.com,East,United States,24760,Retail,Dairy,6,42.95,298.21,5.19,94.5,5,2.9,USD,"Standard order, no special handling requested by the buyer.",2023-05
ORD-100619,2024-08-22,2024-09-01,12151,user1832@example.com,North,Mexico,64088,Wholesale,Dairy,5,24.76,134.3,13.69,40.5,13,3.4,USD,Escalated to the regional service desk for a damaged pallet.,2024-08
ORD-102790,2023-11-26,2023-12-06,11789,user2029@example.com,West,Mexico,79970,Online,Household,19,28.05,539.78,4.79,180.46,11,3.9,USD,,2023-11
ORD-103552,2023-10-01,2023-10-12,10131,user83@example.com,West,United States,28032,Retail,Dairy,13,17.51,170.72,4.42,59.14,3,3.1,USD,"Standard order, no special handling requested by the buyer.",2023-10
ORD-100784,2023-05-29,2023-05-30,12166,user1906@example.com,SOUTH,United States,92740,Online,Dairy,30,20.81,837.09,7.05,269.83,13,4.5,USD,Escalated to the regional service desk for a damaged pallet.,2023-05
ORD-101929,2023-04-04,2023-04-11,10897,user2647@example.com,South,United States,55344,Retail,Snacks,29,12.56,455.2,10.1,138.48,3,4.7,USD,"Standard order, no special handling requested by the buyer.",2023-04
ORD-102021,2024-04-23,2024-04-23,12298,user1221@example.com,West,United States,11686,Online,Snacks,21,36.56,1115.3,4.41,367.48,1,3.2,USD,Escalated to the regional service desk for a damaged pallet.,2024-04
ORD-102015,2024-08-30,2024-09-09,11469,user1642@example.com,SOUTH,United States,41163,Retail,Dairy,7,15.51,85.14,15.36,27.02,11,3.5,USD,Escalated to the regional service desk for a damaged pallet.,2024-08
ORD-103583,2023-06-16,2023-06-16,12041,user1045@example.com,South,Canada,17282,Partner,Beverages,20,19.35,371.26,4.32,126.14,7,4.4,USD,,2023-06
ORD-103581,2023-03-05,2023-03-09,11612,user1253@example.com,North,United States,46000,Retail,Household,31,27.17,1030.09,0.0,350.17,2,3.5,USD,Escalated to the regional service desk for a damaged pallet.,2023-03
ORD-101791,2024-01-14,2024-01-21,10944,user2031@example.com,East,United States,99896,Retail,Dairy,19,24.63,495.89,2.63,167.83,12,4.1,USD,,2024-01
ORD-103474,2023-05-14,2023-05-14,11439,user2254@example.com,West,United States,81681,Online,Dairy,19,31.14,827.53,12.67,258.63,3,3.4,USD,"Standard order, no special handling requested by the buyer.",2023-05
ORD-102765,2023-12-11,2023-12-21,11590,user75@example.com,South,United States,64515,Partner,Snacks,14,24.96,287.96,9.67,91.33,2,3.7,USD,"Standard order, no special handling requested by the buyer.",2023-12
ORD-102908,2024-01-05,2024-01-15,11595,user2077@example.com,North,Canada,49244,Online,Snacks,20,35.99,867.62,11.58,268.54,8,3.9,USD,"Standard order, no special handling requested by the buyer.",2024-01
ORD-100313,2024-06-23,2024-07-03,11707,user2556@example.com,West,United States,86335,Online,Frozen,34,15.34,635.25,14.19,184.82,7,4.3,USD,Escalated to the regional service desk for a damaged pallet.,2024-06
ORD-101422,2023-02-16,2023-02-26,10160,user982@example.com,North,United States,28327,Retail,Produce,23,25.18,683.91,4.8,222.32,13,3.8,USD,,2023-02
ORD-103551,2023-02-27,2023-02-27,10253,user700@example.com,South,United States,28072,Online,Produce,6,30.94,265.09,9.18,90.34,0,3.8,USD,,2023-02
ORD-103358,2023-03-17,2023-03-23,10376,user499@example.com,North,Canada,13317,Retail,Dairy,32,24.76,983.61,10.67,299.53,6,4.8,USD,,2023-03
ORD-100345,2024-06-06,2024-06-07,10132,user2197@example.com,South,United States,72498,Retail,Produce,18,17.08,338.9,3.36,107.13,6,4.0,USD,,2024-06
ORD-103659,2024-09-04,2024-09-05,11566,user1063@example.com,North,United States,52450,Online,Frozen,23,22.85,480.1,5.26,156.54,3,2.9,USD,"Standard order, no special handling requested by the buyer.",2024-09
ORD-100792,2023-08-20,2023-08-21,12056,user141@example.com,South,United States,29091,Online,Produce,3,38.23,109.87,6.66,35.02,7,3.9,USD,Customer requested split delivery across two addresses.,2023-08
ORD-103468,2023-02-14,2023-02-14,10888,user1214@example.com,North,United States,41019,Retail,Snacks,14,41.92,689.5,5.65,222.05,11,3.4,USD,Customer requested split delivery across two addresses.,2023-02
ORD-103283,2023-06-28,2023-06-30,12375,user1501@example.com,East,Canada,94136,Partner,Dairy,12,17.31,189.76,11.9,57.11,11,4.6,USD,,2023-06
ORD-101921,2023-10-20,2023-10-22,11942,user2855@example.com,East,United States,58046,Online,Dairy,19,36.15,618.89,1.93,207.97,7,4.9,USD,"Standard order, no special handling requested by the buyer.",2023-10
ORD-101203,2023-03-31,2023-04-02,11352,user914@example.com,North,United States,22413,Partner,Frozen,38,30.4,1299.54,8.07,414.58,3,4.0,USD,"Standard order, no special handling requested by the buyer.",2023-03
ORD-100571,2024-05-13,2024-05-22,11084,user2092@example.com,North,United States,96479,Online,Produce,31,10.66,462.2,3.89,152.66,12,2.6,USD,Customer requested split delivery across two addresses.,2024-05
ORD-103852,2023-09-03,2023-09-06,11834,user898@example.com,East,United States,41673,Online,Snacks,20,12.54,230.24,14.2,75.01,4,3.3,USD,,2023-09
ORD-101074,2023-08-19,2023-08-27,10221,user603@example.com,North,Mexico,18398,Retail,Bakery,14,15.37,175.31,16.66,54.51,7,3.6,USD,Customer requested split delivery across two addresses.,2023-08
ORD-100654,2023-01-26,2023-01-31,10006,user2752@example.com,South,United States,72623,Retail,Frozen,23,40.09,1021.83,6.49,333.58,12,4.5,USD,Escalated to the regional service desk for a damaged pallet.,2023-01
ORD-101434,2023-03-07,2023-03-07,11398,user1805@example.com,South,United States,91909,Retail,Produce,39,19.26,921.46,9.45,285.95,12,4.5,USD,"Standard order, no special handling requested by the buyer.",2023-03
ORD-103633,2023-02-27,2023-03-03,10373,user2061@example.com,West,United States,10959,Online,Dairy,17,16.55,401.76,0.95,131.8,5,4.9,USD,,2023-02
ORD-100169,2023-03-18,2023-03-19,11389,user1324@example.com,South,United States,63524,Wholesale,Produce,5,32.71,274.34,0.09,92.58,2,4.0,USD,Customer requested split delivery across two addresses.,2023-03
ORD-100869,2023-10-08,2023-10-18,11240,user2012@example.com,North,Canada,26455,Partner,Produce,10,29.21,197.68,11.95,60.65,1,4.6,USD,"Standard order, no special handling requested by the buyer.",2023-10
ORD-101141,2024-04-20,2024-04-22,11354,user1077@example.com,East,United States,58741,Online,Beverages,33,54.89,2641.18,0.0,892.21,3,3.5,USD,Customer requested split delivery across two addresses.,2024-04
ORD-100352,2024-01-01,2024-01-07,11958,user1735@example.com,East,United States,30155,Wholesale,Snacks,1,12.19,16.53,3.92,7.09,10,4.2,USD,Customer requested split delivery across two addresses.,2024-01
ORD-102902,2024-09-03,2024-09-05,11672,user1071@example.com,South,Canada,11953,Retail,Household,11,31.65,270.18,11.51,91.84,6,4.8,USD,,2024-09
ORD-103169,2024-06-29,2024-07-05,11714,user1776@example.com,North,United States,14718,Partner,Household,27,14.39,351.93,9.02,111.74,6,3.8,USD,"Standard order, no special handling requested by the buyer.",2024-06
ORD-100156,2023-12-27,2024-01-04,11830,user1026@example.com,South,United States,19820,Online,Snacks,27,23.69,741.78,12.85,230.25,6,4.4,USD,,2023-12
ORD-101559,2023-05-25,2023-06-02,10185,user1290@example.com,West,United States,99592,Retail,Snacks,35,20.35,819.38,12.59,249.03,0,3.9,USD,"Standard order, no special handling requested by the buyer.",2023-05
ORD-100599,2023-02-07,2023-02-12,11349,user684@example.com,North,United States,73257,Retail,Bakery,28,17.65,569.38,6.83,180.84,2,4.9,USD,Customer requested split delivery across two addresses.,2023-02
ORD-103178,2024-09-17,2024-09-17,10014,user1317@example.com,West,Canada,90017,Retail,Beverages,21,24.84,394.36,6.67,126.38,5,5.0,USD,"Standard order, no special handling requested by the buyer.",2024-09
ORD-103640,2024-07-23,2024-07-30,12211,user1181@example.com,North,United States,62767,Online,Produce,3,15.97,51.2,8.93,14.9,4,4.6,USD,"Standard order, no special handling requested by the buyer.",2024-07
ORD-101684,2023-06-11,2023-06-19,12425,user74@example.com,West,United States,88372,Retail,Dairy,17,10.07,185.98,9.85,53.22,3,4.6,USD,,2023-06
ORD-103774,2024-06-25,2024-07-01,10377,user51@example.com,South,United States,82449,Retail,Beverages,22,16.06,361.67,10.73,111.39,10,3.0,USD,,2024-06
ORD-102786,2023-08-28,2023-08-30,11991,user2572@example.com,SOUTH,United States,50762,Online,Frozen,14,12.56,164.13,1.76,49.42,3,4.1,USD,,2023-08
ORD-101589,2023-01-07,2023-01-13,10021,user2092@example.com,East,United States,21866,Retail,Dairy,3,9.92,30.65,6.73,8.03,5,4.2,USD,Escalated to the regional service desk for a damaged pallet.,2023-01
ORD-100569,2024-02-18,2024-02-25,11902,user1151@example.com,SOUTH,Canada,49225,Partner,Household,13,21.21,294.5,4.56,97.45,7,4.6,USD,Customer requested split delivery across two addresses.,2024-02
ORD-102691,2023-11-04,2023-11-15,10433,user754@example.com,North,United States,41639,Partner,Dairy,5,13.87,49.45,3.95,17.25,3,4.4,USD,Escalated to the regional service desk for a damaged pallet.,2023-11
ORD-100020,2023-01-17,2023-01-26,10904,user1524@example.com,East,United States,78046,Retail,Frozen,22,6.27,147.89,4.45,50.99,8,4.0,USD,Customer requested split delivery across two addresses.,2023-01
ORD-100876,2023-04-18,2023-04-25,11952,user2178@example.com,West,United States,62929,Online,Snacks,29,16.27,690.2,8.19,223.51,13,3.1,USD,,2023-04
ORD-102192,2023-12-10,2023-12-20,12065,user327@example.com,South,United States,72980,Online,Beverages,24,21.27,549.11,0.37,184.96,4,3.2,USD,,2023-12
ORD-103383,2023-11-24,2023-12-02,11579,user203@example.com,North,United States,35609,Online,Household,14,48.95,688.42,1.38,227.19,8,4.9,USD,"Standard order, no special handling requested by the buyer.",2023-11
ORD-103087,2024-07-04,2024-07-05,10939,user1494@example.com,West,United States,96336,Wholesale,Household,2,19.01,50.55,13.2,14.31,10,4.0,USD,"Standard order, no special handling requested by the buyer.",2024-07
ORD-102474,2024-07-07,2024-07-10,12135,user1104@example.com,East,United States,57792,Partner,Bakery,6,24.28,127.45,13.82,32.49,10,5.0,USD,"Standard order, no special handling requested by the buyer.",2024-07
ORD-102551,2024-07-18,2024-07-24,10851,user2766@example.com,North,Mexico,84212,Retail,Dairy,31,28.9,829.44,16.49,257.83,5,4.1,USD,"Standard order, no special handling requested by the buyer.",2024-07
ORD-103643,2024-03-14,2024-03-18,12485,user761@example.com,East,United States,85118,Online,Household,13,9.97,189.5,12.24,59.17,11,3.8,USD,Customer requested split delivery across two addresses.,2024-03
ORD-102347,2024-08-07,2024-08-09,12160,user1032@example.com,West,United States,26123,Online,Dairy,34,18.36,625.81,0.0,209.73,7,3.8,USD,"Standard order, no special handling requested by the buyer.",2024-08
ORD-101880,2023-02-07,2023-02-13,10365,user2233@example.com,South,United States,38907,Online,Produce,24,19.19,626.13,11.47,193.34,11,2.8,USD,Escalated to the regional service desk for a damaged pallet.,2023-02
ORD-101142,2024-08-28,2024-09-02,11642,user721@example.com,East,United States,53231,Partner,Dairy,10,16.01,113.64,7.17,33.58,7,4.9,USD,,2024-08
ORD-103648,2023-08-05,2023-08-10,11137,user820@example.com,South,United States,64890,Online,Household,28,35.67,1013.66,2.78,331.33,6,3.3,USD,"Standard order, no special handling requested by the buyer.",2023-08
ORD-103056,2023-10-11,2023-10-13,12375,user1860@example.com,East,United States,45963,Partner,Produce,31,9.21,193.72,0.0,59.73,1,4.3,USD,Customer requested split delivery across two addresses.,2023-10
ORD-103451,2024-07-23,2024-07-27,12478,user2506@example.com,North,United States,21398,Online,Dairy,37,30.45,1203.91,6.92,383.53,12,3.6,USD,"Standard order, no special handling requested by the buyer.",2024-07
ORD-103485,2023-11-14,2023-11-22,11685,user2061@example.com,South,United States,52591,Partner,Snacks,3,20.17,44.61,3.99,13.53,4,3.9,USD,Customer requested split delivery across two addresses.,2023-11
ORD-101280,2024-06-14,2024-06-17,11250,user2745@example.com,East,United States,24291,Online,Household,36,19.88,903.67,3.32,295.14,10,4.4,USD,Escalated to the regional service desk for a damaged pallet.,2024-06
ORD-103360,2024-07-27,2024-08-01,10224,user2754@example.com,West,Canada,16121,Partner,Snacks,17,21.14,287.82,8.87,89.34,13,4.5,USD,"Standard order, no special handling requested by the buyer.",2024-07
ORD-101965,2023-02-08,2023-02-11,11094,user2055@example.com,East,United States,79654,Wholesale,Household,24,23.49,879.43,13.99,265.49,4,3.3,USD,Escalated to the regional service desk for a damaged pallet.,2023-02
ORD-101748,2023-03-24,2023-03-26,11680,user2030@example.com,West,United States,82404,Wholesale,Snacks,39,12.87,845.3,0.58,284.7,7,4.5,USD,Escalated to the regional service desk for a damaged pallet.,2023-03
ORD-102605,2023-04-24,2023-05-04,12217,user2160@example.com,West,Canada,85554,Online,Frozen,25,43.89,1593.94,2.82,529.26,7,4.2,USD,"Standard order, no special handling requested by the buyer.",2023-04
ORD-100811,2024-01-24,2024-01-24,11971,user831@example.com,North,United States,33666,Online,Household,30,17.42,678.56,4.99,218.23,2,3.1,USD,Escalated to the regional service desk for a damaged pallet.,2024-01
ORD-101819,2024-10-26,2024-10-28,10011,user1402@example.com,East,United States,56974,Online,Dairy,13,15.0,178.35,12.62,59.37,4,2.8,USD,Customer requested split delivery across two addresses.,2024-10
ORD-102889,2024-01-10,2024-01-17,12140,user2551@example.com,SOUTH,Canada,77132,Retail,Produce,6,10.93,68.39,9.49,21.74,2,3.6,USD,,2024-01
ORD-100430,2024-09-09,2024-09-09,10250,user740@example.com,East,Mexico,52121,Retail,Dairy,25,17.25,330.24,14.97,95.65,5,5.0,USD,"Standard order, no special handling requested by the buyer.",2024-09
ORD-103308,2024-11-21,2024-12-02,11705,user2134@example.com,East,Canada,89149,Partner,Snacks,33,16.87,423.12,4.75,129.81,12,4.3,USD,Escalated to the regional service desk for a damaged pallet.,2024-11
ORD-103781,2023-05-16,2023-05-17,10706,user337@example.com,North,United States,13725,Online,Bakery,30,8.24,344.03,3.62,119.8,3,3.9,USD,,2023-05
ORD-101145,2023-07-23,2023-07-30,10351,user1895@example.com,North,Canada,18324,Retail,Produce,20,7.13,129.7,12.07,42.18,11,3.3,USD,"Standard order, no special handling requested by the buyer.",2023-07
ORD-102565,2023-12-29,2024-01-03,12157,user630@example.com,South,United States,78431,Partner,Dairy,2,22.46,40.08,6.95,10.37,5,4.5,USD,,2023-12
ORD-102044,2023-04-27,2023-05-03,11032,user2054@example.com,north ,United States,90170,Retail,Produce,15,32.03,588.95,3.92,198.36,8,3.9,USD,"Standard order, no special handling requested by the buyer.",2023-04
ORD-102169,2023-01-30,2023-02-10,12033,user527@example.com,West,United States,75016,Partner,Household,1,31.05,31.39,20.02,12.57,6,5.0,USD,,2023-01
ORD-103298,2024-04-04,2024-04-13,10243,user1753@example.com,East,United States,33390,Online,Bakery,2,87.73,258.7,8.93,85.71,1,4.9,USD,"Standard order, no special handling requested by the buyer.",2024-04
ORD-102556,2024-04-08,2024-04-12,10870,user2472@example.com,East,Canada,85716,Online,Bakery,8,15.8,186.11,11.24,55.32,3,2.8,USD,"Standard order, no special handling requested by the buyer.",2024-04
ORD-103125,2024-03-11,2024-03-17,12218,user114@example.com,South,United States,11454,Online,Produce,22,40.33,1292.97,4.05,423.19,7,3.4,USD,,2024-03
ORD-103686,2023-03-31,2023-04-09,11693,user395@example.com,South,United States,62851,Retail,Bakery,29,10.0,362.48,4.1,121.66,4,5.0,USD,,2023-03
ORD-102620,2023-10-07,2023-10-09,12120,user1288@example.com,East,United States,66202,Online,Bakery,35,59.62,1850.29,0.38,627.09,6,3.0,USD,Escalated to the regional service desk for a damaged pallet.,2023-10
ORD-102633,2023-04-20,2023-04-27,12093,user480@example.com,East,United States,99064,Retail,Snacks,32,18.75,742.25,5.76,247.76,2,2.8,USD,Customer requested split delivery across two addresses.,2023-04
ORD-102098,2024-05-13,2024-05-24,10988,user1673@example.com,West,Canada,41085,Partner,Beverages,25,8.24,219.76,17.7,66.48,11,4.4,USD,,2024-05
ORD-100158,2023-09-07,2023-09-11,12102,user1570@example.com,West,United States,67613,Online,Bakery,13,19.04,225.07,1.42,83.76,9,4.3,USD,Customer requested split delivery across two addresses.,2023-09
ORD-100561,2024-08-29,2024-08-30,12218,user555@example.com,North,United States,90705,Online,Bakery,15,12.82,178.45,6.45,50.06,10,4.4,USD,Customer requested split delivery across two addresses.,2024-08
ORD-100890,2024-09-02,2024-09-08,12030,user2018@example.com,South,United States,34410,Wholesale,Beverages,26,29.44,803.93,9.54,256.13,7,4.1,USD,Escalated to the regional service desk for a damaged pallet.,2024-09
ORD-100932,2024-06-30,2024-07-04,11795,user2069@example.com,South,United States,38416,Online,Produce,8,30.53,288.82,13.38,,3,4.8,USD,Escalated to the regional service desk for a damaged pallet.,2024-06
ORD-103971,2024-07-17,2024-07-28,10660,user2333@example.com,East,United States,34781,Online,Dairy,11,27.72,334.6,8.67,107.13,4,4.6,USD,,2024-07
ORD-101070,2024-03-19,2024-03-27,10266,user1527@example.com,North,United States,43037,Online,Beverages,23,21.56,20389.039999999997,13.42,227.0,9,3.6,USD,Escalated to the regional service desk for a damaged pallet.,2024-03
ORD-102625,2023-06-05,2023-06-16,12126,user264@example.com,SOUTH,Canada,33522,Retail,Beverages,7,15.56,120.92,1.96,36.69,12,2.7,USD,Customer requested split delivery across two addresses.,2023-06
ORD-100724,2023-10-26,2023-10-30,10539,user1517@example.com,South,United States,93096,Retail,Frozen,21,11.32,183.82,1.64,61.6,3,4.0,USD,Escalated to the regional service desk for a damaged pallet.,2023-10
ORD-100573,2023-10-29,2023-11-04,12269,user2501@example.com,South,United States,61093,Online,Produce,29,35.5,946.32,12.17,300.5,13,3.3,USD,Escalated to the regional service desk for a damaged pallet.,2023-10
ORD-101316,2023-05-22,2023-05-27,11468,user1868@example.com,North,United States,14280,Online,Household,29,51.23,2034.49,17.85,,12,3.6,USD,,2023-05
ORD-103000,2023-10-14,2023-10-14,10533,user554@example.com,north ,Mexico,50364,Retail,Dairy,28,40.07,848.73,8.15,269.21,10,3.6,USD,,2023-10
ORD-103702,2023-07-26,2023-07-28,10225,user1144@example.com,South,United States,49435,Retail,Household,21,27.16,511.99,5.29,171.11,13,3.9,USD,Escalated to the regional service desk for a damaged pallet.,2023-07
ORD-103305,2024-07-07,2024-07-17,12157,user2915@example.com,North,United States,67227,Retail,Produce,14,17.4,236.8,13.8,67.52,2,4.8,USD,Customer requested split delivery across two addresses.,2024-07
ORD-100348,2023-01-15,2023-01-20,10523,user2914@example.com,North,United States,68358,Online,Bakery,23,50.46,1456.91,1.78,487.15,5,5.0,USD,"Standard order, no special handling requested by the buyer.",2023-01
ORD-101414,2024-03-18,2024-03-24,10420,user1462@example.com,north ,United States,63590,Wholesale,Household,5,28.82,241.91,9.82,78.21,1,3.4,USD,,2024-03
ORD-100067,2024-01-23,2024-01-30,11982,user2460@example.com,,Mexico,83955,Retail,Beverages,10,14.59,159.97,8.15,56.75,5,3.9,USD,,2024-01
ORD-103813,2024-09-04,2024-09-11,11433,user2059@example.com,North,Canada,74251,Wholesale,Snacks,25,30.46,795.86,2.01,263.67,3,5.0,USD,Customer requested split delivery across two addresses.,2024-09
ORD-102161,2023-12-25,2023-12-26,11772,user2144@example.com,North,United States,24319,Online,Produce,17,15.02,293.54,9.14,93.84,6,4.4,USD,Customer requested split delivery across two addresses.,2023-12
ORD-102964,2024-02-26,2024-03-01,10186,user1344@example.com,West,United States,77298,Online,Dairy,5,33.16,236.3,8.88,73.32,2,4.1,USD,Customer requested split delivery across two addresses.,2024-02
ORD-100031,2023-05-22,2023-05-31,10115,user1628@example.com,South,Canada,80851,Partner,Bakery,20,54.79,1144.52,8.46,359.09,4,4.5,USD,Escalated to the regional service desk for a damaged pallet.,2023-05
ORD-101050,2024-08-25,2024-08-27,12286,user1253@example.com,North,Mexico,18408,Online,Frozen,20,70.45,1323.22,1.46,439.24,9,4.7,USD,Customer requested split delivery across two addresses.,2024-08
ORD-102617,2024-04-29,2024-05-02,10958,user334@example.com,North,Canada,87976,Online,Dairy,1,44.69,64.34,9.76,20.87,11,3.3,USD,Escalated to the regional service desk for a damaged pallet.,2024-04
ORD-102806,2023-05-17,2023-05-20,11378,user2073@example.com,North,Mexico,23755,Partner,Bakery,6,32.79,208.3,0.49,75.68,3,3.6,USD,Escalated to the regional service desk for a damaged pallet.,2023-05
ORD-103739,2023-06-25,2023-07-06,12106,user2810@example.com,North,Canada,35548,Wholesale,Beverages,3,39.81,165.73,4.22,59.7,12,4.7,USD,Escalated to the regional service desk for a damaged pallet.,2023-06
ORD-100567,2023-07-13,2023-07-21,10094,user2024@example.com,West,United States,86374,Partner,Dairy,37,16.96,537.0,11.07,166.89,12,3.8,USD,,2023-07
ORD-103689,2023-12-11,2023-12-17,11190,user1581@example.com,West,Mexico,21723,Online,Frozen,33,30.65,1092.8,1.43,364.2,7,3.6,USD,Escalated to the regional service desk for a damaged pallet.,2023-12
ORD-102052,2023-06-28,2023-06-30,11996,user710@example.com,West,United States,87209,Retail,Beverages,31,9.23,290.44,0.0,92.09,9,2.4,USD,Escalated to the regional service desk for a damaged pallet.,2023-06
ORD-100908,2023-06-27,2023-06-30,10855,user1766@example.com,East,United States,83710,Online,Snacks,11,9.98,132.05,7.32,45.32,10,2.6,USD,Customer requested split delivery across two addresses.,2023-06
ORD-100609,2024-01-02,2024-01-10,12292,user2178@example.com,East,United States,54990,Wholesale,Beverages,29,75.13,2966.65,0.05,1005.28,4,4.2,USD,Escalated to the regional service desk for a damaged pallet.,2024-01
ORD-101257,2024-11-30,2024-12-01,11359,user2045@example.com,South,United States,10566,Retail,Frozen,15,21.26,279.53,22.63,84.44,12,4.3,USD,,2024-11
ORD-102548,2023-03-07,2023-03-14,10326,user2781@example.com,SOUTH,United States,27387,Online,Frozen,9,30.53,397.75,1.44,133.82,3,5.0,USD,"Standard order, no special handling requested by the buyer.",2023-03
ORD-103879,2024-04-21,2024-04-27,11655,user2948@example.com,North,United States,51938,Online,Household,36,14.68,769.67,9.29,238.85,2,4.0,USD,,2024-04
ORD-103262,2024-06-19,2024-06-30,11746,user1115@example.com,East,United States,71788,Online,Snacks,38,15.89,747.54,1.47,249.99,1,4.0,USD,Escalated to the regional service desk for a damaged pallet.,2024-06
ORD-100536,2024-06-22,2024-06-27,11391,user483@example.com,North,Canada,24574,Online,Bakery,2,4.77,11.67,10.61,0.85,1,5.0,USD,"Standard order, no special handling requested by the buyer.",2024-06
ORD-102379,2024-09-20,2024-09-25,11448,user2880@example.com,East,United States,97259,Retail,Snacks,3,26.45,59.79,5.68,18.65,1,4.3,USD,Customer requested split delivery across two addresses.,2024-09
ORD-103847,2023-02-18,2023-02-21,10146,user787@example.com,North,United States,31895,Retail,Frozen,21,25.64,638.99,8.33,200.86,7,4.7,USD,Escalated to the regional service desk for a damaged pallet.,2023-02
ORD-100780,2024-08-01,2024-08-11,12186,user1327@example.com,North,United States,30288,Retail,Bakery,28,38.3,934.04,0.0,318.08,1,4.3,USD,Customer requested split delivery across two addresses.,2024-08
ORD-103578,2024-03-11,2024-03-19,10716,user1409@example.com,West,United States,81776,Online,Beverages,25,20.01,728.99,11.46,224.27,9,4.4,USD,Customer requested split delivery across two addresses.,2024-03
ORD-103369,2023-09-28,2023-10-06,11131,user534@example.com,East,United States,50252,Partner,Dairy,23,26.64,413.74,5.72,137.07,7,4.1,USD,,2023-09
ORD-101642,2023-03-31,2023-04-10,11048,user373@example.com,north ,United States,34445,Partner,Dairy,38,19.31,825.46,6.84,270.54,7,,USD,Customer requested split delivery across two addresses.,2023-03
ORD-101407,2023-07-15,2023-07-23,10426,user387@example.com,South,Canada,86957,Online,Bakery,18,16.32,326.68,0.0,107.38,2,4.9,USD,,2023-07
ORD-100107,2023-09-26,2023-09-28,12442,user2194@example.com,West,United States,28273,Wholesale,Produce,3,15.99,48.62,4.27,17.48,11,2.6,USD,"Standard order, no special handling requested by the buyer.",2023-09
ORD-102586,2024-03-11,2024-03-16,10030,user1697@example.com,West,United States,49541,Online,Produce,31,13.92,628.84,14.92,191.01,10,5.0,USD,,2024-03
ORD-100116,2023-03-23,2023-04-03,10696,user2200@example.com,North,United States,25844,Retail,Frozen,10,31.0,386.52,13.87,116.99,2,4.2,USD,Escalated to the regional service desk for a damaged pallet.,2023-03
ORD-101937,2024-04-03,2024-04-13,11170,user1213@example.com,South,United States,92617,Online,Snacks,1,22.48,33.15,12.15,12.15,11,2.8,USD,"Standard order, no special handling requested by the buyer.",2024-04
ORD-102101,2023-08-06,2023-08-16,11835,user2006@example.com,West,Canada,15750,Online,Beverages,13,10.78,141.64,2.89,47.95,10,3.6,USD,,2023-08
ORD-101756,2023-07-02,2023-07-11,11969,user984@example.com,East,United States,97412,Retail,Snacks,12,42.06,503.63,7.63,155.77,3,5.0,USD,"Standard order, no special handling requested by the buyer.",2023-07
ORD-103736,2024-10-13,2024-10-24,12438,user2784@example.com,South,United States,99603,Online,Frozen,33,11.96,352.31,0.0,123.79,3,2.7,USD,Escalated to the regional service desk for a damaged pallet.,2024-10
ORD-100547,2023-08-05,2023-08-15,10136,user124@example.com,East,Canada,13255,Online,Frozen,17,40.33,695.84,12.61,217.8,2,4.4,USD,Escalated to the regional service desk for a damaged pallet.,2023-08
ORD-101276,2024-04-24,2024-05-02,11732,user2693@example.com,West,United States,57600,Online,Bakery,28,10.8,438.69,6.86,141.4,9,4.6,USD,,2024-04
ORD-103331,2023-08-11,2023-08-13,11269,user2661@example.com,East,United States,85900,Online,Dairy,33,29.5,964.34,0.0,335.93,6,4.4,USD,Customer requested split delivery across two addresses.,2023-08
ORD-102805,2023-03-03,2023-03-09,12462,user848@example.com,North,United States,82741,Partner,Bakery,7,40.34,309.79,0.0,104.69,8,3.6,USD,"Standard order, no special handling requested by the buyer.",2023-03
ORD-100595,2023-01-30,2023-02-06,10517,user855@example.com,North,United States,95817,Retail,Household,1,18.95,21.29,9.39,9.08,5,4.3,USD,"Standard order, no special handling requested by the buyer.",2023-01
ORD-103814,2023-03-17,2023-03-22,10842,user1692@example.com,East,United States,54314,Partner,Bakery,8,20.47,182.97,8.33,59.93,2,4.1,USD,Customer requested split delivery across two addresses.,2023-03
ORD-101674,2023-09-17,2023-09-23,12252,user965@example.com,North,United States,21146,Online,Snacks,18,27.54,442.79,15.93,,4,3.5,USD,Escalated to the regional service desk for a damaged pallet.,2023-09
ORD-103304,2024-06-13,2024-06-15,10647,user2758@example.com,West,United States,83774,Wholesale,Beverages,25,46.58,1688.69,6.42,544.67,2,4.7,USD,Escalated to the regional service desk for a damaged pallet.,2024-06
ORD-103191,2023-04-26,2023-05-02,10793,user2886@example.com,South,United States,79206,Retail,Snacks,31,11.9,452.88,16.06,134.62,6,4.2,USD,Customer requested split delivery across two addresses.,2023-04
ORD-102071,2023-08-21,2023-08-25,11922,user206@example.com,South,United States,12071,Online,Dairy,22,23.18,486.83,10.02,,13,4.8,USD,Escalated to the regional service desk for a damaged pallet.,2023-08
ORD-101718,2023-08-12,2023-08-21,11707,user514@example.com,West,Canada,51616,Online,Produce,8,24.85,196.16,6.21,57.74,10,4.0,USD,Customer requested split delivery across two addresses.,2023-08
ORD-102562,2023-04-04,2023-04-15,10340,user1222@example.com,North,United States,45867,Retail,Dairy,18,24.92,560.57,3.9,175.65,11,4.1,USD,Escalated to the regional service desk for a damaged pallet.,2023-04
ORD-102579,2023-07-10,2023-07-13,12393,user1889@example.com,North,United States,80432,Retail,Produce,9,38.02,329.71,9.34,91.35,2,4.5,USD,Customer requested split delivery across two addresses.,2023-07
ORD-102445,2023-09-05,2023-09-07,10173,user2079@example.com,,United States,25001,Retail,Household,4,18.26,56.54,0.0,12.23,11,3.5,USD,,2023-09
ORD-103200,2024-04-15,2024-04-15,11549,user2130@example.com,North,United States,39159,Retail,Dairy,19,43.61,1029.1,0.13,354.52,10,2.3,USD,Escalated to the regional service desk for a damaged pallet.,2024-04
ORD-103256,2024-01-10,2024-01-15,12139,user1338@example.com,South,United States,73468,Online,Bakery,8,21.18,208.5,11.29,59.32,8,4.6,USD,,2024-01
ORD-103663,2024-01-20,2024-01-20,11265,user2733@example.com,South,United States,81771,Online,Bakery,19,34.29,833.65,8.36,259.61,7,3.6,USD,Escalated to the regional service desk for a damaged pallet.,2024-01
ORD-100106,2023-12-11,2023-12-22,11175,user1865@example.com,East,United States,21156,Retail,Frozen,26,40.06,953.67,14.57,285.74,3,4.9,USD,Escalated to the regional service desk for a damaged pallet.,2023-12
ORD-102022,2024-07-18,2024-07-18,11974,user2363@example.com,South,United States,89746,Online,Beverages,2,21.9,47.85,12.04,19.98,9,4.1,USD,,2024-07
ORD-103553,2024-01-11,2024-01-17,11181,user1680@example.com,North,United States,50601,Partner,Produce,6,38.33,216.72,1.68,68.01,10,4.8,USD,,2024-01
ORD-102992,2024-03-08,2024-03-18,10190,user1421@example.com,North,Mexico,79424,Online,Snacks,9,21.82,285.08,8.46,89.33,2,4.3,USD,"Standard order, no special handling requested by the buyer.",2024-03
ORD-101064,2024-10-04,2024-10-08,11365,user1855@example.com,West,Mexico,57706,Partner,Produce,33,39.04,870.39,12.21,272.11,7,3.7,USD,,2024-10
ORD-102475,2023-04-10,2023-04-15,12346,user1984@example.com,North,United States,67167,Retail,Snacks,39,33.36,1622.62,0.6,551.05,6,3.5,USD,,2023-04
ORD-101708,2024-11-26,2024-12-05,10491,user2312@example.com,South,United States,70905,Online,Household,5,28.24,143.6,11.0,40.68,10,3.3,USD,Customer requested split delivery across two addresses.,2024-11
ORD-100339,2023-11-10,2023-11-11,11177,user950@example.com,North,United States,47526,Online,Bakery,3,18.46,52.78,7.54,15.83,10,4.0,USD,"Standard order, no special handling requested by the buyer.",2023-11
ORD-102046,2031-06-15,2024-10-27,12328,user2178@example.com,South,United States,17827,Online,Dairy,1,17.88,16.35,12.31,9.37,4,4.5,USD,Customer requested split delivery across two addresses.,2031-06
ORD-100999,2024-03-13,2024-03-23,12014,user1652@example.com,South,Mexico,59185,Retail,Produce,33,19.65,802.63,9.19,249.47,7,3.1,USD,"Standard order, no special handling requested by the buyer.",2024-03
ORD-102750,2023-07-28,2023-08-01,10777,user2449@example.com,South,United States,69527,Online,Bakery,38,12.97,517.53,2.64,170.02,1,4.0,USD,Escalated to the regional service desk for a damaged pallet.,2023-07
ORD-102948,2023-02-13,2023-02-24,11505,user1145@example.com,North,United States,46415,Retail,Produce,38,30.01,1336.26,0.0,458.17,6,3.5,USD,"Standard order, no special handling requested by the buyer.",2023-02
ORD-102383,2023-11-01,2023-11-06,10807,user2248@example.com,East,United States,14204,Retail,Dairy,20,9.74,152.98,11.01,42.77,11,4.4,USD,"Standard order, no special handling requested by the buyer.",2023-11
ORD-103929,2023-11-14,2023-11-21,10753,user417@example.com,West,United States,31422,Retail,Produce,15,67.18,23111.2,4.97,264.62,5,3.2,USD,Customer requested split delivery across two addresses.,2023-11
ORD-101927,2024-04-26,2024-04-29,11337,user965@example.com,West,United States,40946,Online,Household,17,24.52,602.95,6.82,190.97,2,4.1,USD,,2024-04
ORD-101979,2023-12-08,2023-12-12,12238,user614@example.com,north ,United States,88461,Retail,Snacks,26,29.11,683.89,12.58,209.84,3,4.2,USD,"Standard order, no special handling requested by the buyer.",2023-12
ORD-103976,2023-09-27,2023-09-30,11749,user783@example.com,East,United States,72822,Online,Beverages,35,22.08,684.4,8.29,216.87,4,2.2,USD,"Standard order, no special handling requested by the buyer.",2023-09
ORD-101165,2024-04-11,2024-04-12,12065,user275@example.com,North,United States,36165,Partner,Bakery,9,28.27,285.26,10.17,85.06,11,3.4,USD,Customer requested split delivery across two addresses.,2024-04
ORD-102658,2023-05-11,2023-05-13,12353,user1233@example.com,South,United States,29786,Partner,Produce,38,20.01,816.91,12.19,252.01,5,3.3,USD,Customer requested split delivery across two addresses.,2023-05
ORD-102898,2023-02-08,2023-02-10,10584,user1683@example.com,,United States,44307,Retail,Dairy,22,38.66,982.79,1.29,334.77,5,4.2,USD,Escalated to the regional service desk for a damaged pallet.,2023-02
ORD-101092,2024-08-19,2024-08-26,10096,user363@example.com,North,United States,79626,Online,Beverages,15,34.49,495.6,11.53,,12,2.6,USD,"Standard order, no special handling requested by the buyer.",2024-08
ORD-101678,2024-07-20,2024-07-23,11886,user2606@example.com,South,United States,89003,Online,Frozen,29,37.27,1170.35,7.54,381.95,10,4.4,USD,,2024-07
ORD-101217,2024-09-10,2024-09-11,11885,user1873@example.com,North,Canada,26110,Retail,Household,2,27.42,41.91,11.2,11.94,6,3.6,USD,Escalated to the regional service desk for a damaged pallet.,2024-09
ORD-101922,2024-08-08,2024-08-19,10862,user161@example.com,South,United States,21627,Partner,Frozen,37,20.44,575.95,1.64,198.92,8,4.1,USD,Escalated to the regional service desk for a damaged pallet.,2024-08
ORD-100854,2023-12-01,2023-12-10,10467,user1413@example.com,South,Canada,57080,Online,Beverages,2,32.77,67.79,4.84,24.21,12,3.9,USD,Escalated to the regional service desk for a damaged pallet.,2023-12
ORD-100236,2024-04-20,2024-04-27,10062,user1827@example.com,SOUTH,United States,43227,Online,Household,21,15.64,478.9,3.41,164.02,10,3.1,USD,Customer requested split delivery across two addresses.,2024-04
ORD-100368,2024-03-03,2024-03-03,10898,user132@example.com,North,United States,85522,Online,Frozen,27,18.27,710.73,1.57,245.08,8,3.9,USD,Escalated to the regional service desk for a damaged pallet.,2024-03
ORD-102527,2023-10-23,2023-10-26,10373,user388@example.com,North,Canada,10460,Retail,Bakery,32,19.15,470.7,19.22,136.5,13,3.7,USD,Customer requested split delivery across two addresses.,2023-10
ORD-100633,2023-05-20,2023-05-23,10040,user909@example.com,West,Canada,78559,Online,Snacks,29,14.18,566.28,9.47,174.13,5,3.9,USD,,2023-05
ORD-103209,2024-10-26,2024-11-05,11019,user1103@example.com,West,United States,34496,Partner,Bakery,19,40.07,531.09,3.45,172.78,3,3.0,USD,"Standard order, no special handling requested by the buyer.",2024-10
ORD-100104,2024-03-31,2024-04-02,11792,user847@example.com,East,United States,85388,Retail,Frozen,31,23.51,911.01,1.83,307.63,12,4.8,USD,Escalated to the regional service desk for a damaged pallet.,2024-03
ORD-100970,2023-05-06,2023-05-15,10229,user1660@example.com,East,United States,58074,Wholesale,Snacks,23,16.51,618.54,3.08,207.12,4,4.7,USD,Customer requested split delivery across two addresses.,2023-05
ORD-100756,2024-06-21,2024-06-29,10382,user2739@example.com,South,Canada,93122,Partner,Beverages,27,14.55,367.96,2.42,121.72,2,3.6,USD,"Standard order, no special handling requested by the buyer.",2024-06
ORD-101476,2023-07-05,2023-07-09,10513,user1400@example.com,North,Canada,47689,Online,Bakery,20,35.01,813.8,10.45,256.52,4,4.1,USD,,2023-07
ORD-103422,2024-02-12,2024-02-12,12330,user1718@example.com,South,United States,96607,Online,Beverages,36,20.63,1024.13,1.56,347.21,4,4.3,USD,Escalated to the regional service desk for a damaged pallet.,2024-02
ORD-103638,2024-09-06,2024-09-12,11397,user2083@example.com,South,Canada,88713,Online,Dairy,38,17.27,596.75,5.94,187.29,5,3.9,USD,Customer requested split delivery across two addresses.,2024-09
ORD-100906,2023-09-15,2023-09-21,10856,user1880@example.com,North,United States,87176,Partner,Bakery,33,23.73,535.02,9.88,169.5,4,4.0,USD,Customer requested split delivery across two addresses.,2023-09
ORD-101760,2023-08-23,2023-08-29,12251,user1617@example.com,South,United States,66026,Partner,Beverages,6,19.61,85.1,11.43,20.91,5,3.0,USD,"Standard order, no special handling requested by the buyer.",2023-08
ORD-100907,2023-06-08,2023-06-15,11988,user468@example.com,South,Canada,71393,Online,Beverages,20,38.64,1001.63,10.29,318.77,11,3.2,USD,,2023-06
ORD-100057,2023-04-21,2023-04-21,11213,user967@example.com,SOUTH,United States,93754,Online,Beverages,36,21.57,1132.26,0.76,379.27,10,4.5,USD,,2023-04
ORD-103413,2024-06-28,2024-07-06,12320,user2205@example.com,East,United States,76764,Online,Snacks,6,44.89,321.24,7.4,96.89,4,2.3,USD,,2024-06
ORD-100488,2024-08-05,2024-08-06,12351,user1244@example.com,North,United States,45731,Online,Frozen,5,41.33,208.87,13.04,67.12,7,4.8,USD,"Standard order, no special handling requested by the buyer.",2024-08
ORD-102303,2023-04-01,2023-04-12,10136,user2363@example.com,North,United States,93020,Retail,Household,25,41.09,1284.06,9.7,405.78,11,3.6,USD,,2023-04
ORD-101147,2023-03-11,2023-03-21,12297,user2555@example.com,SOUTH,United States,45605,Online,Dairy,16,47.52,1106.63,3.45,365.97,13,4.2,USD,"Standard order, no special handling requested by the buyer.",2023-03
ORD-100882,2023-03-12,2023-03-21,11510,user625@example.com,East,United States,49253,Online,Frozen,21,27.85,852.28,8.72,273.98,4,3.9,USD,Customer requested split delivery across two addresses.,2023-03
ORD-100701,2024-09-07,2024-09-12,11805,user1934@example.com,South,United States,42899,Retail,Produce,20,19.61,301.57,15.81,98.14,7,4.4,USD,Escalated to the regional service desk for a damaged pallet.,2024-09
ORD-103840,2024-01-22,2024-01-28,10295,user768@example.com,South,Canada,26509,Online,Household,24,25.81,798.5,8.23,255.68,1,3.8,USD,"Standard order, no special handling requested by the buyer.",2024-01
ORD-101492,2023-11-09,2023-11-20,12249,user1274@example.com,North,United States,90691,Online,Bakery,3,26.07,74.28,8.96,17.57,4,3.4,USD,"Standard order, no special handling requested by the buyer.",2023-11
ORD-103615,2023-09-30,2023-10-06,12051,user2960@example.com,North,United States,82326,Online,Produce,1,17.86,15.81,4.9,12.05,4,4.9,USD,Escalated to the regional service desk for a damaged pallet.,2023-09
ORD-101911,2024-11-20,2024-11-24,11757,user653@example.com,East,Mexico, 90210 ,Partner,Dairy,3,13.17,29.91,13.88,10.65,7,3.0,USD,"Standard order, no special handling requested by the buyer.",2024-11
ORD-103122,2023-05-09,2023-05-20,12232,user556@example.com,West,United States,84681,Online,Dairy,22,14.02,436.4,9.82,133.24,5,5.0,USD,Customer requested split delivery across two addresses.,2023-05
ORD-101608,2024-01-18,2024-01-26,12167,user2917@example.com,North,United States,55389,Online,Frozen,6,23.69,180.51,11.6,54.47,6,5.0,USD,"Standard order, no special handling requested by the buyer.",2024-01
ORD-100194,2023-08-05,2023-08-07,11009,user1793@example.com,North,Canada,42808,Online,Dairy,10,31.81,322.85,18.14,,4,4.5,USD,"Standard order, no special handling requested by the buyer.",2023-08
ORD-100893,2023-04-05,2023-04-07,10951,user322@example.com,West,United States,32948,Retail,Household,31,20.66,800.24,12.79,251.68,11,3.4,USD,"Standard order, no special handling requested by the buyer.",2023-04
ORD-102707,2024-05-13,2024-05-19,10367,user1070@example.com,East,United States,51290,Partner,Beverages,19,27.35,554.35,15.38,157.82,8,,USD,,2024-05
ORD-102211,2024-05-25,2024-05-31,12217,user1267@example.com,North,United States,98810,Online,Household,23,32.66,1016.64,8.73,327.8,3,4.7,USD,,2024-05
ORD-103754,2023-08-31,2023-09-04,11654,user1600@example.com,North,Mexico,19278,Online,Household,30,19.54,542.45,4.59,177.51,6,4.1,USD,Escalated to the regional service desk for a damaged pallet.,2023-08
ORD-100225,2024-09-09,2024-09-12,10683,user1623@example.com,South,United States,66002,Online,Beverages,2,32.8,59.28,10.7,11.12,7,3.7,USD,"Standard order, no special handling requested by the buyer.",2024-09
ORD-102640,2023-01-21,2023-01-21,11932,user2691@example.com,South,United States,30189,Retail,Produce,1,43.52,47.37,19.06,10.73,7,3.0,USD,"Standard order, no special handling requested by the buyer.",2023-01
ORD-100802,2024-11-20,2024-11-25,11844,user1623@example.com,North,United States,24653,Partner,Frozen,36,22.29,607.47,7.96,193.68,5,4.4,USD,"Standard order, no special handling requested by the buyer.",2024-11
ORD-101651,2024-07-19,2024-07-19,12487,user1734@example.com,South,United States,93577,Online,Household,3,21.78,71.07,0.0,22.91,7,5.0,USD,Customer requested split delivery across two addresses.,2024-07
ORD-101810,2024-07-13,2024-07-14,11188,user1056@example.com,South,Canada,24324,Online,Beverages,19,17.26,366.31,8.52,126.96,2,4.0,USD,"Standard order, no special handling requested by the buyer.",2024-07
ORD-100061,2023-04-30,2023-05-10,10425,user635@example.com,South,Canada,54839,Retail,Produce,15,22.05,403.52,11.64,117.54,5,3.8,USD,Escalated to the regional service desk for a damaged pallet.,2023-04
ORD-103527,2024-01-17,2024-01-22,10184,user26@example.com,North,United States,20500,Retail,Beverages,37,12.01,476.42,16.4,142.05,13,5.0,USD,"Standard order, no special handling requested by the buyer.",2024-01
ORD-101447,2024-11-08,2024-11-19,10541,user2425@example.com,north ,Canada,75255,Online,Beverages,10,34.03,323.22,15.98,98.1,5,3.9,USD,Customer requested split delivery across two addresses.,2024-11
ORD-103720,2023-08-30,2023-09-04,11016,user507@example.com,South,United States,49320,Wholesale,Snacks,23,54.1,1321.03,4.69,436.46,10,3.6,USD,Customer requested split delivery across two addresses.,2023-08
ORD-101193,2023-08-13,2023-08-20,10137,user2957@example.com,north ,United States,48076,Online,Household,21,22.21,458.44,15.81,143.23,6,3.5,USD,"Standard order, no special handling requested by the buyer.",2023-08
ORD-103703,2024-09-09,2024-09-15,10214,user1137@example.com,SOUTH,United States,87216,Partner,Frozen,25,26.23,451.94,12.13,142.95,13,5.0,USD,Escalated to the regional service desk for a damaged pallet.,2024-09
ORD-103025,2023-04-13,2023-04-14,11607,user1428@example.com,East,United States,83363,Wholesale,Dairy,4,29.03,195.15,11.1,55.0,6,4.7,USD,"Standard order, no special handling requested by the buyer.",2023-04
ORD-103646,2023-08-23,2023-08-29,10500,user2362@example.com,West,United States,34915,Online,Dairy,15,19.27,274.09,11.54,89.86,2,2.9,USD,Escalated to the regional service desk for a damaged pallet.,2023-08
ORD-101335,2023-07-27,2023-07-30,10844,user1265@example.com,North,Mexico,58203,Partner,Household,15,17.86,215.49,7.74,68.71,9,3.6,USD,"Standard order, no special handling requested by the buyer.",2023-07
ORD-100492,2024-09-14,2024-09-23,12020,user275@example.com,North,United States,25603,Retail,Produce,25,50.0,948.92,7.67,307.64,10,3.3,USD,"Standard order, no special handling requested by the buyer.",2024-09
ORD-103187,2024-07-12,2024-07-14,10868,user2517@example.com,South,United States,22099,Online,Produce,3,56.55,190.34,14.11,59.21,8,3.7,USD,Customer requested split delivery across two addresses.,2024-07
ORD-103958,2023-02-24,2023-03-01,12320,user477@example.com,North,Canada,97296,Retail,Produce,17,19.67,402.23,9.52,118.15,1,4.2,USD,"Standard order, no special handling requested by the buyer.",2023-02
ORD-101449,2024-03-18,2024-03-21,11701,user261@example.com,SOUTH,United States,62154,Wholesale,Bakery,8,18.28,245.5,18.13,81.53,3,4.1,USD,Escalated to the regional service desk for a damaged pallet.,2024-03
ORD-101126,2023-05-04,2023-05-13,11552,user885@example.com,South,United States,57169,Wholesale,Dairy,36,49.92,2938.78,7.52,936.79,2,3.4,USD,Escalated to the regional service desk for a damaged pallet.,2023-05
ORD-100712,2023-12-14,2023-12-17,10376,user2952@example.com,West,United States,41482,Online,Frozen,17,37.53,698.56,8.01,219.2,12,4.8,USD,Customer requested split delivery across two addresses.,2023-12
ORD-103067,2023-05-06,2023-05-07,11073,user2705@example.com,North,Mexico,79152,Online,Bakery,3,50.07,213.87,12.38,71.8,12,3.0,USD,,2023-05
ORD-101951,2024-01-07,2024-01-10,11560,user2744@example.com,,United States,34119,Wholesale,Produce,17,55.29,1307.04,10.37,411.67,8,4.3,USD,Customer requested split delivery across two addresses.,2024-01
ORD-103242,2024-03-17,2024-03-18,11095,user111@example.com,North,United States,83693,Online,Household,27,21.88,866.15,3.87,288.65,5,4.3,USD,"Standard order, no special handling requested by the buyer.",2024-03
ORD-101702,2023-04-15,2023-04-16,10869,user1700@example.com,north ,United States,10218,Online,Beverages,29,22.33,949.84,15.83,282.87,3,4.7,USD,,2023-04
ORD-103097,2023-04-09,2023-04-14,12190,user2542@example.com,East,Mexico,76539,Partner,Produce,15,25.82,434.94,8.13,136.27,3,3.9,USD,,2023-04
ORD-101607,2023-04-08,2023-04-18,10923,user2494@example.com,East,United States,63427,Online,Produce,38,7.68,429.88,12.15,128.99,8,4.3,USD,"Standard order, no special handling requested by the buyer.",2023-04
ORD-101348,2023-07-09,2023-07-14,11025,user759@example.com,West,United States,73367,Online,Bakery,4,21.1,96.39,7.53,23.63,10,4.8,USD,Customer requested split delivery across two addresses.,2023-07
ORD-101367,2024-05-20,2024-05-30,12010,user1855@example.com,West,Canada,15512,Online,Beverages,5,14.41,98.94,15.73,33.64,9,3.5,USD,Escalated to the regional service desk for a damaged pallet.,2024-05
ORD-100709,2024-04-09,2024-04-15,12158,user1874@example.com,East,United States,67468,Online,Household,3,30.64,135.27,9.99,46.73,9,3.7,USD,,2024-04
ORD-102612,2023-12-23,2023-12-28,10858,user2222@example.com,South,Canada,37592,Partner,Snacks,33,36.45,1045.41,10.23,,3,3.9,USD,Customer requested split delivery across two addresses.,2023-12
ORD-102505,2024-06-09,2024-06-20,11212,user1060@example.com,North,United States,86414,Online,Produce,1,48.43,62.32,9.25,18.11,2,3.7,USD,Escalated to the regional service desk for a damaged pallet.,2024-06
ORD-101041,2023-07-29,2023-08-04,11715,user2531@example.com,West,United States,16882,Online,Frozen,23,54.14,1301.89,4.08,434.98,12,3.6,USD,Customer requested split delivery across two addresses.,2023-07
ORD-101322,2024-03-18,2024-03-20,12378,user1889@example.com,West,Canada,20943,Online,Snacks,6,44.35,390.46,9.06,,10,4.7,USD,,2024-03
ORD-100480,2024-02-27,2024-03-06,11800,user2319@example.com,East,United States,49303,Wholesale,Bakery,25,26.22,1070.9,4.64,352.21,2,4.3,USD,,2024-02
ORD-103076,2024-01-07,2024-01-18,10003,user970@example.com,East,United States,40519,Retail,Dairy,19,26.67,521.96,8.51,162.3,12,4.5,USD,Customer requested split delivery across two addresses.,2024-01
ORD-102114,2024-06-09,2024-06-13,12082,user2538@example.com,South,United States,51232,Online,Beverages,14,20.98,377.93,7.34,124.42,12,3.6,USD,,2024-06
ORD-102074,2024-10-18,2024-10-24,10156,user1385@example.com,West,United States,60383,Retail,Household,9,42.27,289.98,6.94,92.59,1,5.0,USD,Customer requested split delivery across two addresses.,2024-10
ORD-103110,2023-07-12,2023-07-18,11793,user852@example.com,North,United States,26631,Online,Bakery,5,21.95,123.68,8.06,40.4,4,4.6,USD,"Standard order, no special handling requested by the buyer.",2023-07
ORD-102833,2024-10-19,2024-10-25,12263,user2341@example.com,North,United States,44595,Online,Snacks,32,35.22,1015.52,4.71,337.41,2,4.6,USD,Escalated to the regional service desk for a damaged pallet.,2024-10
ORD-103972,2024-11-07,2024-11-16,12231,user2586@example.com,West,Mexico,68529,Partner,Frozen,35,10.26,259.28,12.71,74.4,5,4.6,USD,,2024-11
ORD-103592,2023-03-03,2023-03-14,10142,user2184@example.com,East,Mexico,81676,Online,Dairy,11,18.48,292.4,8.01,84.37,2,3.3,USD,Escalated to the regional service desk for a damaged pallet.,2023-03
ORD-100456,2024-11-19,2024-11-20,10179,user1849@example.com,SOUTH,United States,36446,Online,Produce,36,40.97,1458.19,1.04,495.02,7,4.5,USD,Customer requested split delivery across two addresses.,2024-11
ORD-102515,2023-08-24,2023-09-04,10085,user673@example.com,East,United States,66295,Wholesale,Snacks,7,19.59,148.28,5.04,52.6,13,5.0,USD,,2023-08
ORD-101018,2023-07-11,2023-07-18,10423,user2714@example.com,North,United States,85172,Wholesale,Bakery,34,10.91,480.39,4.07,164.48,2,3.7,USD,,2023-07
ORD-100861,2023-10-30,2023-11-02,10921,user891@example.com,North,United States,21256,Retail,Beverages,35,25.22,689.41,5.08,226.38,10,4.6,USD,Customer requested split delivery across two addresses.,2023-10
ORD-102067,2023-05-23,2023-05-31,11596,user1625@example.com,South,United States,13092,Online,Snacks,15,17.72,362.95,10.1,120.91,1,,USD,,2023-05
ORD-102254,2024-07-19,2024-07-22,11568,user1412@example.com,North,Canada,18216,Retail,Household,16,19.18,282.86,9.76,92.7,11,4.4,USD,,2024-07
ORD-100759,2024-09-28,2024-09-28,10032,user2416@example.com,South,United States,80227,Online,Produce,18,26.33,419.5,12.54,124.02,8,3.7,USD,Customer requested split delivery across two addresses.,2024-09
ORD-101236,2024-10-06,2024-10-15,11708,user1904@example.com,South,United States,33770,Retail,Dairy,19,44.77,639.2,11.76,196.77,1,4.7,USD,Escalated to the regional service desk for a damaged pallet.,2024-10
ORD-103280,2024-11-16,2024-11-18,11275,user2856@example.com,West,United States,96782,Online,Bakery,6,14.95,87.67,1.44,37.35,13,3.8,USD,,2024-11
ORD-102119,2023-05-04,2023-05-10,10034,user2676@example.com,North,United States,25371,Online,Produce,39,22.63,1261.5,8.92,399.61,1,2.6,USD,Escalated to the regional service desk for a damaged pallet.,2023-05
ORD-102310,2023-03-25,2023-03-30,11366,user2928@example.com,South,United States,19460,Online,Snacks,7,17.56,181.02,14.51,55.28,12,4.2,USD,Escalated to the regional service desk for a damaged pallet.,2023-03
ORD-100798,2023-09-04,2023-09-08,10107,user1068@example.com,North,United States,10533,Retail,Dairy,39,23.75,718.81,8.09,234.34,2,4.9,USD,Escalated to the regional service desk for a damaged pallet.,2023-09
ORD-102835,2023-10-13,2023-10-23,10463,user2497@example.com,South,United States,15376,Partner,Dairy,28,43.96,836.98,7.69,274.38,3,4.7,USD,,2023-10
ORD-100685,2023-04-13,2023-04-17,10984,user1080@example.com,South,United States,97595,Wholesale,Beverages,30,21.02,1059.8,6.57,346.2,5,4.0,USD,"Standard order, no special handling requested by the buyer.",2023-04
ORD-102416,2024-06-20,2024-06-29,12348,user1248@example.com,North,United States,36225,Online,Bakery,22,28.14,763.34,9.33,240.69,8,4.2,USD,Escalated to the regional service desk for a damaged pallet.,2024-06
ORD-101339,2024-07-15,2024-07-15,11779,user408@example.com,West,United States,70632,Online,Dairy,33,12.17,444.63,17.81,130.62,3,5.0,USD,Escalated to the regional service desk for a damaged pallet.,2024-07
ORD-101488,2024-08-31,2024-08-31,11115,user1486@example.com,East,Canada,17441,Wholesale,Produce,34,15.32,549.94,12.6,170.51,11,4.2,USD,Escalated to the regional service desk for a damaged pallet.,2024-08
ORD-102080,2023-03-04,2023-03-12,11245,user794@example.com,North,United States,49378,Partner,Beverages,11,39.14,473.13,4.45,151.93,6,2.6,USD,"Standard order, no special handling requested by the buyer.",2023-03
ORD-102357,2023-01-27,2023-01-31,11894,user1759@example.com,West,Canada,48637,Wholesale,Dairy,24,38.06,1371.33,11.26,427.6,1,4.4,USD,Customer requested split delivery across two addresses.,2023-01
ORD-101914,2023-08-16,2023-08-27,11887,user2795@example.com,South,United States,95086,Online,Snacks,30,11.99,349.58,9.55,110.0,2,4.8,USD,Escalated to the regional service desk for a damaged pallet.,2023-08
ORD-102980,2023-02-05,2023-02-14,12103,user538@example.com,South,United States,49868,Partner,Household,39,15.47,621.84,9.37,201.16,8,,USD,Escalated to the regional service desk for a damaged pallet.,2023-02
ORD-100145,2023-10-14,2023-10-15,11937,user398@example.com,West,United States,44042,Online,Household,5,5.37,23.97,5.07,13.02,4,5.0,USD,,2023-10
ORD-103737,2023-05-09,2023-05-13,11092,user675@example.com,West,United States,94816,Retail,Beverages,33,28.24,1117.41,6.88,359.44,7,4.6,USD,"Standard order, no special handling requested by the buyer.",2023-05
ORD-102850,2024-08-11,2024-08-20,10048,user1795@example.com,North,United States,88716,Wholesale,Produce,3,9.35,31.67,13.71,2.24,12,4.8,USD,"Standard order, no special handling requested by the buyer.",2024-08
ORD-101416,2024-06-13,2024-06-15,11006,user1714@example.com,South,Mexico,33082,Online,Frozen,6,18.48,140.54,13.78,39.33,10,3.8,USD,,2024-06
ORD-102275,2023-05-25,2023-05-25,10894,user273@example.com,West,United States,62625,Online,Beverages,2,13.24,1006.6000000000001,0.0,10.34,2,3.8,USD,"Standard order, no special handling requested by the buyer.",2023-05
ORD-100120,2024-04-08,2024-04-08,10634,user1187@example.com,South,United States,36965,Partner,Snacks,35,29.03,1141.02,10.59,353.84,13,3.4,USD,,2024-04
ORD-101713,2023-10-25,2023-10-25,12163,user2214@example.com,North,United States,34846,Retail,Beverages,8,18.96,117.02,5.95,45.54,12,4.1,USD,,2023-10
ORD-102614,2023-05-18,2023-05-20,10857,user1971@example.com,South,Canada,84555,Retail,Dairy,4,14.5,68.05,9.03,11.74,12,5.0,USD,"Standard order, no special handling requested by the buyer.",2023-05
ORD-103434,2024-10-16,2024-10-22,12445,user1258@example.com,South,United States,91910,Retail,Produce,16,13.87,168.6,6.65,56.43,11,4.5,USD,Customer requested split delivery across two addresses.,2024-10
ORD-103508,2023-06-24,2023-06-28,12178,user2506@example.com,North,Mexico,48859,Partner,Household,5,26.26,121.97,0.56,27.67,8,4.9,USD,,2023-06
ORD-100538,2024-01-28,2024-01-31,11223,user1572@example.com,North,United States,68759,Online,Dairy,26,43.07,1474.52,6.0,482.9,5,3.4,USD,"Standard order, no special handling requested by the buyer.",2024-01
ORD-100516,2023-07-23,2023-08-01,12427,user2169@example.com,West,United States,27456,Retail,Dairy,20,32.47,590.68,6.44,193.9,1,3.7,USD,,2023-07
ORD-101033,2024-11-28,2024-12-04,11727,user2216@example.com,north ,Mexico,21205,Online,Dairy,37,29.82,1131.58,1.23,387.07,8,5.0,USD,,2024-11
ORD-102879,2024-06-19,2024-06-25,11330,user554@example.com,North,United States,10245,Retail,Household,14,25.41,373.23,7.26,129.54,8,4.6,USD,Escalated to the regional service desk for a damaged pallet.,2024-06
ORD-100942,2023-08-29,2023-09-07,11605,user1217@example.com,South,Canada,97502,Online,Frozen,25,23.59,548.85,8.87,174.78,13,4.1,USD,Escalated to the regional service desk for a damaged pallet.,2023-08
ORD-102873,2024-01-30,2024-02-01,10205,user623@example.com,North,United States,87490,Online,Beverages,13,18.58,320.2,13.43,101.19,7,4.5,USD,"Standard order, no special handling requested by the buyer.",2024-01
ORD-102250,2023-04-22,2023-04-27,11131,user1128@example.com,South,United States,41021,Online,Frozen,38,27.9,1544.05,5.07,,6,4.8,USD,Customer requested split delivery across two addresses.,2023-04
ORD-101312,2023-02-25,2023-03-07,11065,user1388@example.com,South,United States,50786,Online,Frozen,16,37.56,854.77,6.73,274.77,6,5.0,USD,,2023-02
ORD-103372,2023-05-19,2023-05-24,10704,user2213@example.com,West,United States,76436,Partner,Frozen,14,34.6,510.16,6.91,165.73,7,3.1,USD,Escalated to the regional service desk for a damaged pallet.,2023-05
ORD-100095,2024-06-06,2024-06-09,11934,user1748@example.com,North,United States,96587,Online,Dairy,37,22.12,1064.59,12.43,331.89,11,4.1,USD,Escalated to the regional service desk for a damaged pallet.,2024-06
ORD-101680,2024-10-23,2024-10-31,11763,user2088@example.com,West,Canada,18974,Online,Household,36,32.03,1047.36,8.86,331.44,8,3.8,USD,Escalated to the regional service desk for a damaged pallet.,2024-10
ORD-101405,2024-02-28,2024-03-03,11727,user849@example.com,East,United States,62931,Online,Bakery,4,50.43,288.6,11.1,93.88,7,3.9,USD,Escalated to the regional service desk for a damaged pallet.,2024-02
ORD-100867,2024-04-16,2024-04-25,10098,user226@example.com,South,Canada,10474,Wholesale,Household,25,11.22,469.89,7.81,149.64,3,4.3,USD,"Standard order, no special handling requested by the buyer.",2024-04
ORD-102358,2023-03-27,2023-04-04,10988,user461@example.com,north ,United States,81596,Online,Bakery,21,22.7,702.56,8.48,225.27,10,4.1,USD,"Standard order, no special handling requested by the buyer.",2023-03
ORD-103352,2024-03-22,2024-03-26,11846,user469@example.com,West,United States,50988,Online,Produce,8,46.95,552.61,0.0,194.98,3,2.7,USD,,2024-03
ORD-103430,2024-01-29,2024-02-02,11203,user2332@example.com,West,United States,32582,Online,Dairy,31,27.37,1121.02,2.6,371.87,13,3.1,USD,Escalated to the regional service desk for a damaged pallet.,2024-01
ORD-102946,2023-04-04,2023-04-12,12415,user1275@example.com,East,United States,93885,Online,Dairy,10,44.68,658.88,2.97,218.12,4,4.1,USD,"Standard order, no special handling requested by the buyer.",2023-04
ORD-101009,2024-02-28,2024-03-03,11490,user2624@example.com,North,United States,89232,Online,Bakery,32,32.5,1487.92,3.58,486.77,2,3.9,USD,Customer requested split delivery across two addresses.,2024-02
ORD-102619,2024-11-09,2024-11-11,12331,user1160@example.com,North,United States,63078,Retail,Produce,22,28.12,499.64,14.62,,12,4.4,USD,Customer requested split delivery across two addresses.,2024-11
ORD-101063,2023-04-12,2023-04-15,11771,user1456@example.com,North,Mexico,88148,Online,Snacks,17,19.42,485.29,3.29,158.1,8,3.7,USD,Customer requested split delivery across two addresses.,2023-04
ORD-100730,2023-12-04,2023-12-15,10876,user1313@example.com,East,United States,79732,Online,Dairy,1,39.79,41.69,13.81,10.93,2,5.0,USD,Customer requested split delivery across two addresses.,2023-12
ORD-103502,2023-04-07,2023-04-10,11031,user905@example.com,South,United States,93553,Online,Dairy,13,20.31,389.06,14.35,123.96,8,3.1,USD,Escalated to the regional service desk for a damaged pallet.,2023-04
ORD-100289,2023-06-09,2023-06-12,11703,user2299@example.com,East,Canada,83782,Partner,Household,2,15.48,30.5,10.63,12.22,9,3.9,USD,Customer requested split delivery across two addresses.,2023-06
ORD-101146,2023-04-29,2023-04-29,10659,user1624@example.com,North,United States,77892,Online,Frozen,34,40.36,1978.74,8.98,619.36,4,4.5,USD,"Standard order, no special handling requested by the buyer.",2023-04
ORD-100528,2024-09-19,2024-09-27,10890,user536@example.com,South,United States,66772,Partner,Beverages,22,23.38,349.17,8.69,112.6,5,3.4,USD,Customer requested split delivery across two addresses.,2024-09
ORD-102291,2023-10-04,2023-10-13,11844,user1430@example.com,West,United States,41274,Online,Frozen,31,41.59,1141.62,11.29,362.83,10,3.9,USD,Escalated to the regional service desk for a damaged pallet.,2023-10
ORD-100593,2024-10-24,2024-10-30,12062,user1803@example.com,West,Canada,41263,Online,Bakery,20,19.54,355.76,13.65,107.47,12,3.5,USD,Escalated to the regional service desk for a damaged pallet.,2024-10
ORD-103020,2024-06-14,2024-06-19,10583,user1638@example.com,East,Canada,81962,Partner,Bakery,16,24.08,371.04,6.81,120.39,13,5.0,USD,,2024-06
ORD-100410,2023-02-14,2023-02-19,11214,user2140@example.com,West,United States,35781,Partner,Dairy,16,16.15,273.23,12.47,83.68,6,3.8,USD,"Standard order, no special handling requested by the buyer.",2023-02
ORD-101468,2023-03-09,2023-03-14,12269,user1616@example.com,West,Canada,76367,Wholesale,Snacks,27,13.18,591.02,10.85,187.99,13,4.2,USD,"Standard order, no special handling requested by the buyer.",2023-03
ORD-103876,2023-04-18,2023-04-24,11211,user2970@example.com,North,United States,11183,Online,Frozen,19,40.38,1122.31,3.02,374.34,1,4.7,USD,Customer requested split delivery across two addresses.,2023-04
ORD-103075,2023-04-10,2023-04-15,10314,user490@example.com,East,United States,77968,Retail,Beverages,12,12.23,183.03,9.17,53.54,7,3.8,USD,"Standard order, no special handling requested by the buyer.",2023-04
ORD-103267,2024-11-19,2024-11-30,11520,user2382@example.com,North,United States,56492,Wholesale,Produce,6,13.18,89.45,11.91,25.01,5,3.0,USD,Customer requested split delivery across two addresses.,2024-11
ORD-100971,2024-06-22,2024-06-28,10705,user902@example.com,north ,United States,21283,Online,Bakery,2,18.35,44.88,10.4,1.58,6,3.3,USD,Customer requested split delivery across two addresses.,2024-06
ORD-102410,2024-03-14,2024-03-19,10628,user2328@example.com,North,United States,48768,Online,Dairy,25,25.16,919.65,3.53,303.85,12,4.2,USD,"Standard order, no special handling requested by the buyer.",2024-03
ORD-100625,2023-01-19,2023-01-24,10403,user876@example.com,South,United States,48084,Online,Dairy,14,8.71,155.45,8.5,48.82,5,4.8,USD,Escalated to the regional service desk for a damaged pallet.,2023-01
ORD-100446,2024-08-19,2024-08-20,12418,user2287@example.com,South,United States,24143,Online,Produce,15,25.8,370.73,1.7,133.33,11,3.6,USD,Escalated to the regional service desk for a damaged pallet.,2024-08
ORD-100307,2023-12-19,2023-12-28,11172,user2882@example.com,South,United States,38976,Online,Frozen,23,9.24,237.91,3.23,80.83,5,3.8,USD,Customer requested split delivery across two addresses.,2023-12
ORD-100351,2023-12-17,2023-12-28,10963,user1888@example.com,West,United States,11072,Online,Produce,17,49.39,931.65,9.94,290.62,12,5.0,USD,Customer requested split delivery across two addresses.,2023-12
ORD-100704,2024-04-09,2024-04-19,11953,user1158@example.com,East,United States,19588,Online,Household,16,39.83,937.86,1.65,314.92,11,,USD,Customer requested split delivery across two addresses.,2024-04
ORD-101912,2023-09-19,2023-09-30,11505,user138@example.com,,United States,27809,Online,Beverages,17,19.36,293.25,18.5,86.24,5,3.8,USD,,2023-09
ORD-101411,2024-03-02,2024-03-05,12252,user978@example.com,North,United States,50787,Online,Produce,35,49.65,2499.56,13.72,763.7,10,3.1,USD,,2024-03
ORD-101465,2023-03-27,2023-04-05,11060,user80@example.com,East,Canada,39881,Partner,Produce,31,13.2,459.97,5.14,149.04,2,3.6,USD,Customer requested split delivery across two addresses.,2023-03
ORD-103380,2024-08-27,2024-09-04,12036,user643@example.com,North,United States,11976,Online,Beverages,26,14.09,341.94,7.23,107.0,4,4.1,USD,,2024-08
ORD-103846,2024-11-20,2024-11-22,10981,user903@example.com,East,Canada,53165,Retail,Produce,3,33.75,85.17,7.59,23.52,11,4.4,USD,"Standard order, no special handling requested by the buyer.",2024-11
ORD-100752,2023-12-01,2023-12-11,11789,user1253@example.com,North,Mexico,27506,Retail,Dairy,27,26.58,629.07,0.34,218.59,2,4.8,USD,Escalated to the regional service desk for a damaged pallet.,2023-12
ORD-101338,2024-09-13,2024-09-22,10817,user2460@example.com,South,United States,17265,Partner,Dairy,30,10.42,213.91,9.0,72.43,9,3.4,USD,Customer requested split delivery across two addresses.,2024-09
ORD-100711,2024-05-07,2024-05-07,11920,user1017@example.com,South,United States,82749,Partner,Beverages,30,18.1,587.23,0.3,189.21,7,4.0,USD,Customer requested split delivery across two addresses.,2024-05
ORD-100831,2024-05-29,2024-06-07,10392,user1576@example.com,North,Canada,64744,Online,Beverages,9,23.61,284.01,5.52,92.82,7,3.8,USD,"Standard order, no special handling requested by the buyer.",2024-05
ORD-100148,2023-03-11,2023-03-11,11835,user1745@example.com,North,Mexico,29246,Online,Frozen,34,34.17,1690.95,0.0,568.21,13,4.5,USD,Customer requested split delivery across two addresses.,2023-03
ORD-103828,2024-06-18,2024-06-22,10800,user1065@example.com,North,United States,57613,Partner,Household,29,20.55,564.99,9.03,180.97,11,4.5,USD,,2024-06
ORD-103412,2023-04-22,2023-05-01,12260,user1812@example.com,West,Canada,50508,Online,Dairy,2,31.28,91.11,7.86,27.73,8,4.2,USD,Escalated to the regional service desk for a damaged pallet.,2023-04
ORD-103926,2024-05-06,2024-05-12,11637,user2827@example.com,South,United States,95894,Online,Frozen,21,20.87,622.73,14.15,190.56,6,,USD,,2024-05
ORD-103141,2024-06-02,2024-06-13,10297,user1475@example.com,East,United States,51687,Retail,Bakery,33,16.31,601.63,2.78,201.94,3,2.9,USD,Customer requested split delivery across two addresses.,2024-06
ORD-102887,2023-09-29,2023-10-10,12018,user2427@example.com,South,United States,96018,Retail,Dairy,6,23.89,107.52,6.54,33.93,9,4.2,USD,,2023-09
ORD-103081,2023-01-15,2023-01-22,11169,user707@example.com,East,United States,88715,Partner,Bakery,14,37.49,502.53,14.23,151.37,13,3.2,USD,Escalated to the regional service desk for a damaged pallet.,2023-01
ORD-100360,2024-10-26,2024-10-28,10008,user1439@example.com,West,United States,31098,Partner,Snacks,25,21.26,370.77,7.3,118.96,4,2.7,USD,"Standard order, no special handling requested by the buyer.",2024-10
ORD-102429,2024-09-04,2024-09-11,10922,user1014@example.com,South,United States,98630,Online,Frozen,23,15.85,333.02,13.07,94.73,4,4.4,USD,Customer requested split delivery across two addresses.,2024-09
ORD-102498,2024-08-28,2024-09-07,12325,user603@example.com,North,United States,12269,Partner,Frozen,6,44.65,190.16,6.17,61.73,11,4.4,USD,Customer requested split delivery across two addresses.,2024-08
ORD-103989,2024-09-23,2024-09-27,10354,user2869@example.com,,United States,33740,Online,Snacks,16,17.62,250.06,9.99,79.91,6,5.0,USD,Escalated to the regional service desk for a damaged pallet.,2024-09
ORD-100143,2023-10-21,2023-10-22,11540,user2365@example.com,East,United States,97704,Partner,Frozen,24,31.68,523.5,0.18,179.74,1,3.9,USD,"Standard order, no special handling requested by the buyer.",2023-10
ORD-100546,2024-04-29,2024-05-09,10110,user686@example.com,East,United States,79066,Online,Produce,8,8.15,93.86,0.0,,9,2.4,USD,Escalated to the regional service desk for a damaged pallet.,2024-04
ORD-102702,2024-04-11,2024-04-19,11320,user2679@example.com,East,United States,33887,Retail,Household,24,25.52,762.99,7.86,244.38,1,4.3,USD,"Standard order, no special handling requested by the buyer.",2024-04
ORD-101170,2024-03-05,2024-03-08,11166,user2955@example.com,north ,United States,85030,Wholesale,Frozen,17,6.75,189.75,9.03,63.45,4,3.4,USD,,2024-03
ORD-103382,2023-07-24,2023-07-28,12477,user2882@example.com,East,United States,67512,Partner,Beverages,33,30.68,825.15,5.34,269.9,10,3.2,USD,Customer requested split delivery across two addresses.,2023-07
ORD-102239,2024-01-27,2024-02-02,10243,user1423@example.com,north ,Mexico,41109,Online,Household,24,46.95,1478.62,2.35,497.52,9,4.7,USD,Escalated to the regional service desk for a damaged pallet.,2024-01
ORD-102225,2024-01-11,2024-01-16,11461,user556@example.com,North,Mexico,71017,Retail,Produce,15,20.48,321.66,2.81,108.23,6,5.0,USD,,2024-01
ORD-100591,2024-06-24,2024-06-25,10820,user2028@example.com,North,United States,60190,Retail,Frozen,1,29.07,29.88,1.59,8.98,1,3.9,USD,,2024-06
ORD-102608,2024-09-06,2024-09-06,10533,user1837@example.com,North,United States,48643,Retail,Beverages,25,38.14,734.77,12.65,230.06,5,5.0,USD,Customer requested split delivery across two addresses.,2024-09
ORD-100154,2023-06-28,2023-07-01,11319,user2015@example.com,East,United States,21527,Online,Produce,3,21.69,77.94,1.88,30.09,10,4.3,USD,Customer requested split delivery across two addresses.,2023-06
ORD-101306,2024-01-17,2024-01-24,11688,user485@example.com,East,United States,76249,Retail,Beverages,35,40.19,1508.1,18.35,449.17,8,4.7,USD,"Standard order, no special handling requested by the buyer.",2024-01
ORD-100371,2024-04-23,2024-05-03,10339,user2465@example.com,North,Mexico,22260,Online,Household,22,56.04,1790.96,6.09,584.22,7,3.8,USD,"Standard order, no special handling requested by the buyer.",2024-04
ORD-102656,2024-11-24,2024-11-30,10566,user10@example.com,East,United States,58475,Online,Frozen,13,19.63,257.4,3.69,87.62,12,4.2,USD,"Standard order, no special handling requested by the buyer.",2024-11
ORD-103090,2023-10-31,2023-11-05,10283,user2144@example.com,South,United States,25638,Online,Snacks,18,53.83,895.4,9.69,292.11,5,3.5,USD,Customer requested split delivery across two addresses.,2023-10
ORD-101023,2023-08-19,2023-08-27,11470,user2894@example.com,North,Canada,62794,Retail,Household,38,14.55,450.44,20.76,133.24,7,4.0,USD,"Standard order, no special handling requested by the buyer.",2023-08
ORD-103666,2024-01-29,2024-02-05,12465,user1747@example.com,South,United States,33320,Online,Dairy,22,19.65,571.17,12.84,175.91,9,3.1,USD,Customer requested split delivery across two addresses.,2024-01
ORD-101883,2023-07-08,2023-07-13,11919,user1947@example.com,East,United States,57177,Retail,Dairy,35,19.85,675.36,8.61,215.64,4,4.4,USD,Escalated to the regional service desk for a damaged pallet.,2023-07
ORD-102176,2023-07-04,2023-07-12,10884,user1092@example.com,East,United States,46475,Online,Snacks,11,19.3,247.82,4.83,86.0,3,3.3,USD,Customer requested split delivery across two addresses.,2023-07
ORD-100739,2023-05-26,2023-06-01,11974,user646@example.com,West,United States,65454,Retail,Beverages,18,12.83,264.88,5.04,87.41,11,3.7,USD,Escalated to the regional service desk for a damaged pallet.,2023-05
ORD-102573,2023-02-10,2023-02-20,10451,user1566@example.com,East,Mexico,44277,Retail,Beverages,27,22.08,692.83,7.18,218.55,6,4.4,USD,,2023-02
ORD-101960,2023-11-09,2023-11-15,12036,user155@example.com,South,United States,16989,Online,Produce,9,30.35,259.44,1.59,82.18,2,4.0,USD,"Standard order, no special handling requested by the buyer.",2023-11
ORD-102147,2023-08-13,2023-08-18,12088,user688@example.com,South,United States,69007,Retail,Household,5,32.17,133.99,10.75,40.93,13,4.0,USD,,2023-08
ORD-102402,2024-11-15,2024-11-18,11112,user369@example.com,East,United States,75092,Online,Snacks,27,13.27,348.85,9.91,111.44,2,3.7,USD,Escalated to the regional service desk for a damaged pallet.,2024-11
ORD-101355,2024-08-09,2024-08-15,10767,user1400@example.com,South,Mexico,51390,Partner,Bakery,33,9.34,233.79,5.54,77.95,1,2.9,USD,Escalated to the regional service desk for a damaged pallet.,2024-08
ORD-101704,2023-10-15,2023-10-26,10131,user543@example.com,North,United States,79206,Partner,Household,35,6.06,144.6,10.13,46.33,13,5.0,USD,Customer requested split delivery across two addresses.,2023-10
ORD-102871,2023-07-11,2023-07-11,11761,user1357@example.com,North,Mexico,54062,Retail,Produce,17,13.13,214.12,8.18,64.22,4,4.4,USD,Customer requested split delivery across two addresses.,2023-07
ORD-102134,2024-04-26,2024-05-04,11966,user1498@example.com,West,United States,81140,Online,Household,2,32.33,93.53,11.23,24.63,5,3.5,USD,Customer requested split delivery across two addresses.,2024-04
ORD-101417,2023-09-20,2023-09-25,11717,user2370@example.com,South,United States,49188,Retail,Bakery,27,37.77,769.2,8.26,242.13,8,3.4,USD,Customer requested split delivery across two addresses.,2023-09
ORD-103978,2023-07-26,2023-08-05,11612,user1996@example.com,West,Canada,36619,Online,Snacks,18,66.84,1274.39,12.27,395.27,13,4.1,USD,Escalated to the regional service desk for a damaged pallet.,2023-07
ORD-103685,2024-07-31,2024-08-10,11320,user1379@example.com,South,United States,81698,Partner,Dairy,9,23.23,164.58,8.0,47.35,4,4.8,USD,,2024-07
ORD-103401,2023-05-29,2023-06-07,10819,user1061@example.com,East,Mexico,45795,Retail,Produce,10,10.4,118.18,11.85,31.78,6,3.5,USD,,2023-05
ORD-102111,2024-09-11,2024-09-15,10438,user396@example.com,North,United States,13722,Wholesale,Bakery,35,21.02,757.72,5.16,246.11,4,4.2,USD,,2024-09
ORD-103289,2024-05-29,2024-06-03,11385,user1560@example.com,North,United States,79358,Online,Frozen,15,28.1,563.36,8.26,180.74,2,3.0,USD,,2024-05
ORD-103213,2024-04-10,2024-04-21,12380,user2789@example.com,West,United States,97002,Retail,Beverages,39,27.59,1341.23,7.21,433.53,11,2.7,USD,Escalated to the regional service desk for a damaged pallet.,2024-04
ORD-101128,2024-05-05,2024-05-13,11327,user387@example.com,East,Canada,19989,Wholesale,Frozen,29,27.5,1299.04,18.97,385.81,10,4.3,USD,,2024-05
ORD-101435,2024-06-20,2024-06-29,11705,user2299@example.com,north ,United States,60410,Partner,Bakery,12,13.14,148.29,5.0,51.08,4,4.4,USD,Customer requested split delivery across two addresses.,2024-06
ORD-103189,2024-02-08,2024-02-15,10600,user2603@example.com,North,United States,86135,Retail,Dairy,19,12.26,269.16,5.72,85.24,4,3.7,USD,Customer requested split delivery across two addresses.,2024-02
ORD-101593,2024-02-24,2024-02-25,10812,user327@example.com,West,Mexico,40521,Online,Household,4,19.67,111.68,7.61,38.39,3,5.0,USD,"Standard order, no special handling requested by the buyer.",2024-02
ORD-101947,2024-05-06,2024-05-07,10009,user1977@example.com,East,United States,64006,Wholesale,Beverages,36,10.98,642.56,8.25,204.65,2,3.9,USD,Escalated to the regional service desk for a damaged pallet.,2024-05
ORD-103066,2023-03-09,2023-03-18,10529,user133@example.com,West,United States,12674,Retail,Frozen,16,17.28,340.14,8.24,106.81,3,3.6,USD,Customer requested split delivery across two addresses.,2023-03
ORD-102467,2023-07-14,2023-07-14,11398,user2652@example.com,South,United States,84649,Online,Snacks,33,40.19,1481.46,10.09,466.63,6,3.7,USD,,2023-07
ORD-103888,2023-07-24,2023-07-27,11496,user667@example.com,North,United States,13814,Partner,Beverages,32,18.1,472.06,5.06,152.79,4,3.7,USD,"Standard order, no special handling requested by the buyer.",2023-07
ORD-101469,2024-06-05,2024-06-10,12105,user1335@example.com,South,United States,38601,Partner,Household,7,20.8,144.96,13.9,54.17,8,3.2,USD,,2024-06
ORD-102925,2023-09-07,2023-09-11,10330,user2825@example.com,north ,United States,82044,Retail,Household,34,27.02,707.94,11.61,216.55,5,5.0,USD,"Standard order, no special handling requested by the buyer.",2023-09
ORD-103215,2023-09-28,2023-09-28,10056,user2477@example.com,,United States,76979,Partner,Bakery,33,16.28,362.77,3.61,116.29,7,4.2,USD,,2023-09
ORD-100563,2024-10-17,2024-10-26,11936,user2586@example.com,North,Canada,64813,Partner,Dairy,17,30.47,354.74,10.88,105.9,12,4.8,USD,Customer requested split delivery across two addresses.,2024-10
ORD-100109,2023-07-03,2023-07-14,11875,user2625@example.com,North,United States,37453,Online,Bakery,4,27.97,131.17,13.22,40.78,11,4.2,USD,Customer requested split delivery across two addresses.,2023-07
ORD-103273,2024-08-05,2024-08-06,11176,user1646@example.com,North,United States,72201,Retail,Frozen,16,20.97,287.39,8.18,92.68,5,4.3,USD,Escalated to the regional service desk for a damaged pallet.,2024-08
ORD-102630,2024-02-11,2024-02-12,10354,user604@example.com,South,United States,45486,Retail,Bakery,26,22.85,692.37,19.05,203.36,4,5.0,USD,,2024-02
ORD-101567,2023-07-31,2023-08-07,11494,user1146@example.com,West,United States,52955,Online,Dairy,12,43.91,546.18,10.94,175.85,11,4.3,USD,Escalated to the regional service desk for a damaged pallet.,2023-07
ORD-102509,2023-02-02,2023-02-07,10939,user1875@example.com,North,United States,86605,Online,Bakery,17,27.9,634.95,12.2,190.16,1,4.5,USD,Escalated to the regional service desk for a damaged pallet.,2023-02
ORD-102036,2024-01-03,2024-01-08,10299,user697@example.com,East,United States,85230,Online,Household,13,20.78,322.88,0.0,110.93,9,4.5,USD,Customer requested split delivery across two addresses.,2024-01
ORD-101580,2024-02-10,2024-02-18,11748,user2233@example.com,South,United States,62711,Online,Bakery,34,20.76,967.95,2.43,325.04,5,4.2,USD,Escalated to the regional service desk for a damaged pallet.,2024-02
ORD-101940,2023-08-12,2023-08-16,10271,user2532@example.com,South,United States,76654,Retail,Produce,30,13.98,350.71,3.51,,8,4.7,USD,,2023-08
ORD-100202,2024-07-07,2024-07-08,11586,user508@example.com,West,United States,45169,Retail,Household,16,10.96,170.46,16.04,50.61,13,3.6,USD,Customer requested split delivery across two addresses.,2024-07
ORD-103381,2023-06-11,2023-06-14,12372,user2826@example.com,SOUTH,Canada,90224,Online,Household,29,3.58,133.09,13.35,40.0,12,3.5,USD,"Standard order, no special handling requested by the buyer.",2023-06
ORD-100424,2023-05-06,2023-05-16,11303,user781@example.com,West,Mexico,10255,Wholesale,Frozen,22,42.36,1518.0,4.88,497.81,9,3.7,USD,,2023-05
ORD-103405,2024-09-08,2024-09-19,11190,user2902@example.com,South,Mexico,24352,Online,Frozen,35,29.32,929.16,7.67,303.63,13,3.9,USD,Escalated to the regional service desk for a damaged pallet.,2024-09
ORD-100192,2023-01-12,2023-01-19,11994,user1671@example.com,West,United States,43698,Retail,Dairy,8,43.58,366.52,12.42,,13,3.9,USD,Escalated to the regional service desk for a damaged pallet.,2023-01
ORD-101197,2024-05-12,2024-05-21,10538,user374@example.com,North,Canada,21544,Retail,Household,29,34.28,1181.18,6.45,386.23,6,2.9,USD,Customer requested split delivery across two addresses.,2024-05
ORD-103970,2023-08-27,2023-08-28,11745,user2071@example.com,East,United States,64208,Online,Bakery,22,22.38,460.96,10.67,141.97,3,3.6,USD,"Standard order, no special handling requested by the buyer.",2023-08
ORD-100519,2023-02-22,2023-03-05,11764,user2718@example.com,South,Canada,60857,Retail,Snacks,1,14.12,16.91,9.48,3.95,5,5.0,USD,Customer requested split delivery across two addresses.,2023-02
ORD-103142,2024-08-05,2024-08-12,10342,user693@example.com,West,United States,30164,Retail,Bakery,23,12.84,252.96,0.0,81.51,4,3.7,USD,Customer requested split delivery across two addresses.,2024-08
ORD-101846,2024-08-30,2024-09-01,11629,user629@example.com,East,Mexico,51904,Retail,Dairy,13,22.02,224.49,5.39,69.81,6,4.7,USD,Customer requested split delivery across two addresses.,2024-08
ORD-102966,2024-08-09,2024-08-15,12081,user1962@example.com,East,United States,55480,Online,Snacks,10,40.12,399.0,0.0,132.9,8,5.0,USD,,2024-08
ORD-102432,2024-02-16,2024-02-25,10394,user2608@example.com,North,United States,91179,Wholesale,Dairy,4,60.81,387.78,9.98,124.03,2,4.0,USD,"Standard order, no special handling requested by the buyer.",2024-02
ORD-100558,2023-09-22,2023-09-27,11558,user2520@example.com,north ,Canada,27876,Partner,Snacks,17,22.62,260.54,7.47,85.19,12,3.3,USD,"Standard order, no special handling requested by the buyer.",2023-09
ORD-100708,2023-03-29,2023-04-03,11035,user2083@example.com,East,Canada,50021,Retail,Frozen,25,16.95,529.52,6.8,166.63,4,3.7,USD,"Standard order, no special handling requested by the buyer.",2023-03
ORD-103496,2024-10-13,2024-10-23,12134,user394@example.com,North,United States,36261,Online,Frozen,7,22.13,138.28,4.16,54.18,2,4.4,USD,,2024-10
ORD-100037,2023-05-31,2023-06-04,10636,user1729@example.com,,United States,48806,Online,Snacks,17,18.44,417.63,8.65,125.21,8,3.2,USD,,2023-05
ORD-100425,2024-08-08,2024-08-16,11761,user1273@example.com,East,Mexico,15415,Retail,Produce,12,8.73,88.65,6.47,33.8,6,3.5,USD,Escalated to the regional service desk for a damaged pallet.,2024-08
ORD-102483,2024-05-21,2024-05-31,11836,user872@example.com,North,Canada,73210,Retail,Frozen,5,10.77,62.49,2.59,26.33,3,4.0,USD,Escalated to the regional service desk for a damaged pallet.,2024-05
ORD-102213,2024-04-15,2024-04-22,11714,user1998@example.com,SOUTH,Canada,50865,Retail,Snacks,27,28.43,953.36,7.4,297.93,8,4.5,USD,"Standard order, no special handling requested by the buyer.",2024-04
ORD-103867,2023-09-12,2023-09-14,10024,user2090@example.com,East,United States,27550,Partner,Frozen,25,26.31,451.62,7.77,,6,5.0,USD,,2023-09
ORD-102289,2023-11-29,2023-12-04,11351,user2415@example.com,West,United States,68536,Online,Dairy,4,30.84,126.52,8.33,39.78,13,4.3,USD,"Standard order, no special handling requested by the buyer.",2023-11
ORD-100108,2023-06-07,2023-06-14,10886,user1271@example.com,West,United States,53272,Online,Frozen,26,8.96,303.03,6.51,91.66,5,4.2,USD,Customer requested split delivery across two addresses.,2023-06
ORD-100497,2023-02-23,2023-03-02,12163,user362@example.com,North,United States,71179,Online,Snacks,33,41.01,1916.86,10.82,598.47,13,3.7,USD,Escalated to the regional service desk for a damaged pallet.,2023-02
ORD-103221,2024-05-21,2024-05-25,11078,user71@example.com,North,United States,65169,Wholesale,Bakery,12,26.24,493.32,13.6,156.21,3,4.9,USD,"Standard order, no special handling requested by the buyer.",2024-05
ORD-103027,2023-03-03,2023-03-11,11063,user340@example.com,South,United States,14424,Retail,Household,2,53.36,130.09,2.54,45.79,4,4.5,USD,,2023-03
ORD-102210,2024-08-04,2024-08-09,10834,user1116@example.com,South,United States,90283,Online,Produce,7,82.62,586.97,9.38,185.55,13,5.0,USD,Escalated to the regional service desk for a damaged pallet.,2024-08
ORD-102660,2023-05-14,2023-05-21,11244,user1127@example.com,SOUTH,Canada,33393,Retail,Snacks,12,28.12,399.97,11.86,122.47,11,4.6,USD,Customer requested split delivery across two addresses.,2023-05
ORD-101812,2024-05-30,2024-05-31,11794,user144@example.com,West,Mexico,60730,Wholesale,Frozen,14,15.87,338.64,4.38,108.58,5,4.1,USD,Escalated to the regional service desk for a damaged pallet.,2024-05
ORD-101603,2024-05-27,2024-06-05,10004,user1858@example.com,SOUTH,Mexico,45615,Online,Dairy,31,22.64,944.03,7.5,306.8,4,4.8,USD,Escalated to the regional service desk for a damaged pallet.,2024-05
ORD-101049,2023-02-10,2023-02-11,12490,user2995@example.com,East,United States,90851,Online,Household,11,28.34,427.5,0.0,153.79,6,4.2,USD,"Standard order, no special handling requested by the buyer.",2023-02
ORD-101981,2024-02-25,2024-02-27,10420,user3@example.com,North,United States,18536,Online,Household,8,32.13,365.6,17.38,108.69,8,5.0,USD,"Standard order, no special handling requested by the buyer.",2024-02
ORD-103953,2023-01-24,2023-02-04,11097,user1352@example.com,East,United States,80870,Partner,Household,17,9.12,153.54,11.77,51.79,1,4.5,USD,Customer requested split delivery across two addresses.,2023-01
ORD-101604,2024-01-30,2024-02-04,10589,user2887@example.com,South,United States,66926,Online,Household,20,20.1,532.92,2.05,185.11,11,5.0,USD,Customer requested split delivery across two addresses.,2024-01
ORD-100245,2023-05-14,2023-05-19,11184,user2965@example.com,North,United States,93794,Wholesale,Bakery,32,19.06,975.97,7.61,309.86,1,4.8,USD,Escalated to the regional service desk for a damaged pallet.,2023-05
ORD-100733,2024-02-23,2024-02-26,10464,user702@example.com,South,United States,85822,Wholesale,Beverages,35,12.27,695.91,9.2,228.16,5,4.0,USD,Customer requested split delivery across two addresses.,2024-02
ORD-100763,2023-05-11,2023-05-18,12366,user2089@example.com,North,United States,67095,Online,Dairy,21,4.43,131.04,9.64,39.33,5,4.5,USD,Customer requested split delivery across two addresses.,2023-05
ORD-100280,2023-03-03,2023-03-07,10534,user2928@example.com,North,United States,49300,Retail,Frozen,4,31.36,152.91,9.62,46.72,9,3.8,USD,Customer requested split delivery across two addresses.,2023-03
ORD-103357,2031-06-15,2023-08-06,11268,user313@example.com,East,United States,41659,Retail,Household,24,43.17,898.61,0.0,304.11,7,4.1,USD,,2031-06
ORD-100253,2024-09-07,2024-09-09,12127,user204@example.com,North,United States,79417,Wholesale,Bakery,12,10.23,127.43,14.15,34.86,2,5.0,USD,Escalated to the regional service desk for a damaged pallet.,2024-09
ORD-100549,2023-02-25,2023-03-02,11846,user316@example.com,North,Canada,60673,Retail,Snacks,19,43.78,1002.65,1.66,330.39,10,4.6,USD,,2023-02
ORD-103596,2023-10-20,2023-10-22,11199,user1097@example.com,North,United States,92855,Retail,Household,30,21.25,486.8,4.65,163.64,1,4.2,USD,,2023-10
ORD-101461,2023-11-27,2023-12-04,10621,user688@example.com,West,United States,30071,Online,Bakery,20,12.13,246.73,12.71,79.32,11,4.3,USD,,2023-11
ORD-101758,2024-07-30,2024-07-30,10781,user912@example.com,East,United States,33873,Wholesale,Dairy,16,30.92,586.68,7.43,187.92,12,4.1,USD,,2024-07
ORD-103418,2023-12-23,2023-12-24,11295,user758@example.com,North,Canada,51266,Online,Household,25,23.89,680.57,15.72,204.68,2,4.7,USD,Escalated to the regional service desk for a damaged pallet.,2023-12
ORD-101641,2023-12-27,2024-01-06,12386,user855@example.com,North,Canada,52480,Online,Household,12,27.76,386.32,14.14,118.97,13,4.5,USD,"Standard order, no special handling requested by the buyer.",2023-12
ORD-102734,2024-11-08,2024-11-18,12095,user419@example.com,North,United States,86536,Wholesale,Snacks,32,22.55,784.13,12.48,251.17,13,4.4,USD,"Standard order, no special handling requested by the buyer.",2024-11
ORD-100393,2023-03-21,2023-03-25,11720,user911@example.com,West,United States,29910,Retail,Frozen,34,23.1,978.08,5.22,317.33,10,3.8,USD,,2023-03
ORD-103793,2023-01-05,2023-01-08,12356,user1101@example.com,East,Canada,29439,Retail,Beverages,7,25.6,183.05,7.81,58.64,6,3.4,USD,,2023-01
ORD-100386,2024-11-04,2024-11-09,11994,user108@example.com,South,United States,76690,Online,Snacks,22,32.4,668.37,15.86,201.12,8,5.0,USD,Customer requested split delivery across two addresses.,2024-11
ORD-100771,2023-06-09,2023-06-20,11689,user620@example.com,South,Canada,54295,Online,Produce,17,20.27,445.01,0.0,148.97,13,4.0,USD,Customer requested split delivery across two addresses.,2023-06
ORD-100828,2024-10-21,2024-10-28,12433,user2939@example.com,East,Mexico,37455,Online,Dairy,7,20.1,127.27,9.69,,6,4.2,USD,Escalated to the regional service desk for a damaged pallet.,2024-10
ORD-100181,2024-04-05,2024-04-08,12496,user1654@example.com,South,United States,71020,Online,Snacks,30,22.06,975.5,9.45,305.43,9,4.5,USD,"Standard order, no special handling requested by the buyer.",2024-04
ORD-102793,2024-02-10,2024-02-18,10574,user1867@example.com,West,United States,36890,Online,Beverages,15,23.45,482.37,1.74,159.86,2,5.0,USD,"Standard order, no special handling requested by the buyer.",2024-02
ORD-103949,2023-09-21,2023-09-21,11334,user1240@example.com,North,United States,67114,Online,Produce,3,21.67,57.8,6.58,19.57,9,5.0,USD,Escalated to the regional service desk for a damaged pallet.,2023-09
ORD-103483,2024-11-13,2024-11-20,12434,user2026@example.com,South,United States,19750,Retail,Bakery,11,11.66,105.06,0.69,31.12,7,4.2,USD,Escalated to the regional service desk for a damaged pallet.,2024-11
ORD-102824,2024-10-01,2024-10-05,11231,user736@example.com,North,United States,39095,Online,Household,12,18.81,199.78,14.21,56.54,2,4.4,USD,Customer requested split delivery across two addresses.,2024-10
ORD-101439,2024-08-07,2024-08-13,10028,user1285@example.com,North,Mexico,81363,Online,Produce,16,31.34,502.7,7.6,156.43,12,2.9,USD,Customer requested split delivery across two addresses.,2024-08
ORD-100419,2024-06-26,2024-07-01,10985,user1066@example.com,North,United States,79141,Online,Bakery,28,47.26,1591.68,12.62,488.0,5,4.3,USD,"Standard order, no special handling requested by the buyer.",2024-06
ORD-103272,2023-05-01,2023-05-11,10012,user250@example.com,South,Canada,19512,Retail,Bakery,7,35.27,300.69,17.16,93.07,3,3.4,USD,Customer requested split delivery across two addresses.,2023-05
ORD-101770,2024-11-16,2024-11-18,11570,user2260@example.com,North,United States,89227,Retail,Bakery,18,23.83,355.26,0.0,,9,5.0,USD,Escalated to the regional service desk for a damaged pallet.,2024-11
ORD-102632,2023-10-04,2023-10-04,10182,user2986@example.com,North,Canada,22481,Partner,Household,11,24.26,180.22,7.54,60.67,0,4.8,USD,"Standard order, no special handling requested by the buyer.",2023-10
ORD-101002,2023-07-05,2023-07-05,10173,user158@example.com,North,United States,26845,Online,Dairy,25,32.72,950.71,13.23,291.92,10,4.2,USD,"Standard order, no special handling requested by the buyer.",2023-07
ORD-103255,2024-06-29,2024-07-10,12462,user164@example.com,West,United States,44219,Online,Bakery,6,16.04,114.3,11.73,39.67,13,5.0,USD,Escalated to the regional service desk for a damaged pallet.,2024-06
ORD-101916,2023-02-18,2023-02-22,11930,user1065@example.com,East,United States,61928,Retail,Household,13,19.82,305.78,7.28,,9,4.1,USD,,2023-02
ORD-101318,2023-01-30,2023-02-04,10905,user1483@example.com,South,United States,49223,Wholesale,Bakery,30,14.85,675.67,8.13,211.0,12,4.6,USD,Customer requested split delivery across two addresses.,2023-01
ORD-101547,2024-03-28,2024-03-30,12128,user1563@example.com,South,United States,17677,Online,Beverages,28,28.05,1158.1,18.11,338.71,6,4.0,USD,"Standard order, no special handling requested by the buyer.",2024-03
ORD-100572,2023-12-10,2023-12-18,10227,user22@example.com,North,United States,54869,Retail,Bakery,26,18.44,437.05,7.8,140.05,13,3.9,USD,,2023-12
ORD-101786,2024-03-23,2024-03-27,10870,user2056@example.com,East,United States,46854,Online,Household,6,39.06,344.98,14.48,100.74,10,3.2,USD,Escalated to the regional service desk for a damaged pallet.,2024-03
ORD-100740,2023-07-04,2023-07-13,10368,user757@example.com,South,United States,31671,Retail,Frozen,30,17.28,512.82,9.19,160.08,4,3.4,USD,Escalated to the regional service desk for a damaged pallet.,2023-07
ORD-100277,2024-03-29,2024-04-05,11524,user2895@example.com,East,United States, 90210 ,Online,Dairy,9,11.84,157.15,3.9,51.03,11,4.5,USD,Escalated to the regional service desk for a damaged pallet.,2024-03
ORD-102813,2023-06-24,2023-06-28,11215,user1628@example.com,North,United States,54907,Online,Beverages,32,22.65,882.79,8.26,277.57,7,3.5,USD,"Standard order, no special handling requested by the buyer.",2023-06
ORD-102598,2023-06-15,2023-06-26,12146,user1719@example.com,South,Canada,76945,Retail,Dairy,12,23.12,296.88,6.53,,12,3.8,USD,"Standard order, no special handling requested by the buyer.",2023-06
ORD-101686,2024-01-11,2024-01-20,11779,user1779@example.com,South,United States,67068,Partner,Frozen,15,29.4,415.58,5.88,136.6,6,3.3,USD,Customer requested split delivery across two addresses.,2024-01
ORD-101531,2024-03-01,2024-03-05,12230,user2353@example.com,East,United States,17658,Retail,Household,3,11.16,40.74,11.29,15.73,6,3.2,USD,Escalated to the regional service desk for a damaged pallet.,2024-03
ORD-103623,2023-06-25,2023-06-26,10141,user719@example.com,East,United States,54974,Online,Snacks,5,12.5,75.81,11.25,25.45,13,5.0,USD,,2023-06
ORD-102339,2024-05-20,2024-05-20,12033,user1964@example.com,South,United States,26108,Online,Produce,19,17.19,448.52,6.87,142.84,6,4.6,USD,"Standard order, no special handling requested by the buyer.",2024-05
ORD-102785,2023-01-25,2023-01-26,10440,user1493@example.com,East,United States,50766,Retail,Bakery,22,27.91,678.06,13.18,212.68,11,3.5,USD,,2023-01
ORD-103800,2024-07-06,2024-07-08,11827,user868@example.com,South,United States,27516,Online,Frozen,13,11.38,170.44,5.58,60.09,8,3.7,USD,Escalated to the regional service desk for a damaged pallet.,2024-07
ORD-101888,2024-06-01,2024-06-03,12251,user2229@example.com,South,Canada,16163,Retail,Produce,19,39.73,846.64,5.42,272.11,9,4.9,USD,Customer requested split delivery across two addresses.,2024-06
ORD-100377,2023-08-05,2023-08-12,10456,user1017@example.com,East,Canada,29921,Online,Household,6,20.26,123.37,9.3,31.71,9,4.8,USD,,2023-08
ORD-101183,2024-05-27,2024-06-02,12466,user405@example.com,East,Canada, 90210 ,Retail,Frozen,11,8.51,106.71,6.67,33.53,4,4.0,USD,Customer requested split delivery across two addresses.,2024-05
ORD-102885,2023-07-01,2023-07-04,11983,user2907@example.com,North,Canada,33641,Partner,Beverages,18,17.61,285.9,9.49,90.39,1,4.7,USD,Escalated to the regional service desk for a damaged pallet.,2023-07
ORD-100666,2024-01-25,2024-02-05,11069,user61@example.com,South,United States,51511,Retail,Dairy,29,49.56,1587.14,6.63,512.79,4,2.5,USD,,2024-01
ORD-101576,2024-01-02,2024-01-06,10129,user613@example.com,North,United States,49811,Retail,Snacks,11,20.35,225.78,5.23,81.06,12,4.1,USD,,2024-01
ORD-102629,2023-07-17,2023-07-17,11057,user1896@example.com,East,Mexico,49799,Online,Snacks,5,35.84,197.52,4.31,64.87,10,3.9,USD,Escalated to the regional service desk for a damaged pallet.,2023-07
ORD-101884,2024-06-04,2024-06-04,11239,user1517@example.com,North,United States,61913,Online,Bakery,33,14.28,617.3,4.89,202.53,11,4.8,USD,Customer requested split delivery across two addresses.,2024-06
ORD-101621,2024-11-25,2024-11-27,11130,user1081@example.com,North,United States,53830,Online,Beverages,10,34.78,352.26,0.0,120.07,13,4.1,USD,Escalated to the regional service desk for a damaged pallet.,2024-11
ORD-100658,2024-07-21,2024-07-23,10236,user1957@example.com,North,United States,13299,Retail,Frozen,12,28.95,317.38,9.4,96.77,12,4.3,USD,Escalated to the regional service desk for a damaged pallet.,2024-07
ORD-101890,2024-02-19,2024-03-01,10171,user2754@example.com,North,United States,18986,Wholesale,Bakery,20,14.71,472.46,11.1,149.39,6,3.9,USD,Customer requested split delivery across two addresses.,2024-02
ORD-100079,2024-05-19,2024-05-23,11855,user1940@example.com,West,United States,54757,Partner,Beverages,36,14.34,542.21,12.9,166.4,12,3.3,USD,Escalated to the regional service desk for a damaged pallet.,2024-05
ORD-102959,2023-12-19,2023-12-30,12124,user806@example.com,East,United States,81200,Online,Beverages,13,14.93,217.28,10.52,66.97,3,3.5,USD,"Standard order, no special handling requested by the buyer.",2023-12
ORD-103522,2024-05-18,2024-05-29,10048,user1645@example.com,South,United States,85574,Wholesale,Snacks,21,20.93,694.35,16.17,205.23,4,4.4,USD,Customer requested split delivery across two addresses.,2024-05
ORD-102726,2023-08-18,2023-08-19,11291,user368@example.com,South,United States,36314,Wholesale,Produce,37,17.56,717.14,9.93,218.83,11,5.0,USD,"Standard order, no special handling requested by the buyer.",2023-08
ORD-102346,2024-07-28,2024-08-07,12023,user410@example.com,East,United States,59146,Online,Snacks,21,28.21,619.37,13.76,192.51,4,4.3,USD,Customer requested split delivery across two addresses.,2024-07
ORD-100915,2023-12-08,2023-12-14,11794,user2674@example.com,North,Canada,33468,Partner,Beverages,22,28.28,505.96,5.93,167.94,7,4.1,USD,Customer requested split delivery across two addresses.,2023-12
ORD-101967,2024-09-27,2024-10-06,10925,user3@example.com,South,Canada,15199,Retail,Bakery,29,42.06,915.15,9.66,291.62,12,3.5,USD,,2024-09
ORD-103446,2024-04-16,2024-04-22,10449,user2023@example.com,South,United States,98348,Retail,Frozen,11,26.07,355.84,12.04,111.19,4,5.0,USD,,2024-04
ORD-101398,2023-02-12,2023-02-17,10069,user837@example.com,North,United States,49839,Online,Snacks,18,16.34,405.58,10.81,125.55,10,3.4,USD,"Standard order, no special handling requested by the buyer.",2023-02
ORD-102270,2024-08-30,2024-09-04,11489,user1332@example.com,West,United States,92389,Online,Household,36,14.29,476.05,17.11,135.55,7,4.2,USD,Escalated to the regional service desk for a damaged pallet.,2024-08
ORD-101901,2023-10-28,2023-11-05,12203,user2555@example.com,North,United States,47609,Online,Household,31,24.5,696.36,17.46,,5,4.3,USD,Customer requested split delivery across two addresses.,2023-10
ORD-103013,2023-12-23,2023-12-25,11445,user2823@example.com,West,United States,64454,Retail,Produce,14,20.38,275.53,14.93,76.5,13,3.8,USD,"Standard order, no special handling requested by the buyer.",2023-12
ORD-103753,2024-11-21,2024-12-01,10373,user2171@example.com,SOUTH,Canada,89128,Partner,Snacks,19,9.68,139.79,7.26,,9,3.7,USD,"Standard order, no special handling requested by the buyer.",2024-11
ORD-101168,2024-02-04,2024-02-09,11741,user307@example.com,West,United States,31284,Online,Snacks,38,17.66,904.06,19.41,260.02,12,3.8,USD,"Standard order, no special handling requested by the buyer.",2024-02
ORD-102543,2024-06-12,2024-06-20,11468,user422@example.com,South,United States,43643,Online,Beverages,12,14.84,226.58,0.0,77.48,0,5.0,USD,Customer requested split delivery across two addresses.,2024-06
ORD-101179,2024-11-11,2024-11-16,10461,user290@example.com,North,United States,58649,Online,Frozen,4,23.73,91.09,6.01,29.44,3,3.8,USD,,2024-11
ORD-101993,2023-01-27,2023-01-30,10988,user1808@example.com,East,United States,64777,Partner,Dairy,38,24.39,927.61,9.41,290.53,11,4.4,USD,Customer requested split delivery across two addresses.,2023-01
ORD-101745,2024-10-14,2024-10-24,11437,user237@example.com,East,United States,57264,Online,Beverages,13,41.43,481.41,2.85,162.4,7,5.0,USD,Customer requested split delivery across two addresses.,2024-10
ORD-103678,2024-08-27,2024-08-31,11717,user2864@example.com,South,United States,91683,Online,Produce,21,30.58,599.41,3.5,194.56,2,3.8,USD,"Standard order, no special handling requested by the buyer.",2024-08
ORD-103878,2024-01-14,2024-01-16,11305,user1198@example.com,East,United States,51573,Online,Dairy,39,9.06,441.82,7.06,141.96,7,4.6,USD,Escalated to the regional service desk for a damaged pallet.,2024-01
ORD-102705,2024-01-21,2024-01-29,11747,user834@example.com,South,United States,20786,Online,Household,7,23.73,213.34,6.64,68.0,9,3.4,USD,Customer requested split delivery across two addresses.,2024-01
ORD-101552,2023-12-25,2023-12-26,11892,user1154@example.com,South,United States,27492,Online,Household,13,33.09,494.52,9.42,156.75,8,4.7,USD,,2023-12
ORD-102967,2024-04-12,2024-04-23,10046,user1472@example.com,South,United States,29101,Online,Snacks,7,61.5,632.4,10.36,197.61,5,4.8,USD,Customer requested split delivery across two addresses.,2024-04
ORD-102343,2024-11-22,2024-11-24,12218,user2966@example.com,West,Mexico,75160,Online,Bakery,12,21.46,257.65,0.0,87.56,11,4.8,USD,"Standard order, no special handling requested by the buyer.",2024-11
ORD-100322,2023-01-23,2023-01-31,11426,user1250@example.com,East,Canada,92691,Online,Bakery,38,19.71,969.01,10.68,306.03,0,4.0,USD,Customer requested split delivery across two addresses.,2023-01
ORD-100783,2024-10-30,2024-10-30,12174,user1626@example.com,West,United States,47165,Online,Snacks,33,18.99,579.11,11.62,180.95,11,4.7,USD,Escalated to the regional service desk for a damaged pallet.,2024-10
ORD-101953,2024-02-02,2024-02-09,11814,user2669@example.com,North,United States,59384,Retail,Snacks,2,29.84,67.71,12.45,21.36,4,3.6,USD,Escalated to the regional service desk for a damaged pallet.,2024-02
ORD-100743,2023-12-13,2023-12-24,12175,user2146@example.com,South,United States,49326,Retail,Bakery,28,29.61,765.88,10.92,237.09,11,4.4,USD,,2023-12
ORD-100327,2023-03-24,2023-04-04,11388,user2561@example.com,North,United States,83756,Online,Bakery,6,36.55,322.82,2.73,,3,5.0,USD,Escalated to the regional service desk for a damaged pallet.,2023-03
ORD-100766,2024-06-17,2024-06-25,11004,user2166@example.com,South,United States,78511,Online,Dairy,15,9.33,174.65,6.09,52.86,5,4.5,USD,"Standard order, no special handling requested by the buyer.",2024-06
ORD-103591,2023-12-14,2023-12-19,10356,user2024@example.com,South,United States,71865,Retail,Dairy,2,8.23,15.27,13.8,-3.2,11,3.3,USD,"Standard order, no special handling requested by the buyer.",2023-12
ORD-100045,2024-06-30,2024-07-10,12449,user902@example.com,North,United States,25230,Online,Produce,35,26.47,1095.56,7.81,346.65,11,4.0,USD,Escalated to the regional service desk for a damaged pallet.,2024-06
ORD-103241,2023-05-12,2023-05-12,11595,user599@example.com,South,United States,59790,Online,Household,35,18.5,909.96,3.62,303.96,9,4.2,USD,,2023-05
ORD-103145,2023-11-23,2023-11-23,10305,user1844@example.com,North,United States,82192,Wholesale,Household,29,26.07,865.38,5.71,285.39,2,3.0,USD,"Standard order, no special handling requested by the buyer.",2023-11
ORD-102292,2023-09-10,2023-09-16,11961,user1070@example.com,South,United States,78592,Partner,Bakery,6,24.17,99.95,7.97,31.44,5,3.2,USD,"Standard order, no special handling requested by the buyer.",2023-09
ORD-103664,2024-11-17,2024-11-19,10238,user1521@example.com,West,United States,22826,Online,Beverages,17,26.1,435.29,2.17,144.14,1,,USD,Customer requested split delivery across two addresses.,2024-11
ORD-103620,2024-03-04,2024-03-04,11445,user502@example.com,South,Canada,82883,Retail,Produce,6,37.09,272.17,9.75,89.75,7,5.0,USD,Customer requested split delivery across two addresses.,2024-03
ORD-100788,2023-03-07,2023-03-16,12390,user2435@example.com,North,United States,91082,Wholesale,Frozen,26,34.17,1471.33,0.82,489.47,1,,USD,Customer requested split delivery across two addresses.,2023-03
ORD-102203,2024-11-19,2024-11-20,11655,user993@example.com,South,Canada,64114,Partner,Produce,26,13.09,256.64,7.72,85.89,8,3.3,USD,,2024-11
ORD-103824,2023-02-05,2023-02-11,10472,user2691@example.com,north ,Mexico,89504,Online,Snacks,32,44.31,1916.09,6.15,613.0,2,3.6,USD,,2023-02
ORD-101429,2023-12-17,2023-12-21,11258,user1990@example.com,North,Canada,31384,Online,Snacks,36,31.81,1270.66,3.4,422.26,12,,USD,"Standard order, no special handling requested by the buyer.",2023-12
ORD-101990,2023-10-08,2023-10-11,10516,user2673@example.com,North,Canada,19555,Partner,Beverages,38,24.7,635.2,14.1,190.73,9,4.0,USD,Escalated to the regional service desk for a damaged pallet.,2023-10
ORD-101243,2024-04-04,2024-04-15,12287,user1628@example.com,North,United States,13327,Partner,Frozen,1,30.98,34.84,3.92,7.66,11,4.1,USD,,2024-04
ORD-103827,2023-08-09,2023-08-19,10305,user848@example.com,South,United States,90055,Retail,Produce,10,27.66,234.05,4.01,81.77,3,4.8,USD,"Standard order, no special handling requested by the buyer.",2023-08
ORD-100121,2023-08-09,2023-08-14,12486,user358@example.com,South,Canada,54426,Retail,Dairy,11,25.23,234.84,4.12,81.13,8,4.0,USD,Escalated to the regional service desk for a damaged pallet.,2023-08
ORD-102659,2024-08-24,2024-08-31,12049,user704@example.com,North,United States,71215,Retail,Household,19,41.06,622.85,9.22,197.73,11,3.1,USD,Customer requested split delivery across two addresses.,2024-08
ORD-103681,2023-03-19,2023-03-29,10243,user1279@example.com,West,United States,70892,Online,Frozen,32,27.17,1275.78,0.21,430.97,1,4.5,USD,"Standard order, no special handling requested by the buyer.",2023-03
ORD-100723,2024-07-21,2024-07-28,10487,user1126@example.com,South,United States,81236,Partner,Snacks,23,27.89,527.44,11.21,166.39,6,4.5,USD,,2024-07
ORD-101898,2023-06-01,2023-06-11,10679,user537@example.com,East,United States,17373,Wholesale,Snacks,9,13.6,185.95,3.0,69.75,6,4.4,USD,,2023-06
ORD-101288,2023-03-13,2023-03-23,11234,user1963@example.com,West,United States,88749,Partner,Household,31,41.9,1445.36,13.24,442.77,10,4.9,USD,"Standard order, no special handling requested by the buyer.",2023-03
ORD-101251,2023-04-15,2023-04-15,11680,user2451@example.com,North,Mexico,40368,Online,Frozen,28,22.52,924.89,9.15,290.14,3,4.4,USD,"Standard order, no special handling requested by the buyer.",2023-04
ORD-101871,2023-05-30,2023-06-06,10581,user2947@example.com,North,United States,33195,Retail,Dairy,37,33.83,1417.79,10.34,446.33,11,4.7,USD,Customer requested split delivery across two addresses.,2023-05
ORD-100851,2024-03-31,2024-04-10,10780,user1419@example.com,SOUTH,United States,83463,Retail,Bakery,25,40.28,1258.75,3.77,414.06,8,3.1,USD,"Standard order, no special handling requested by the buyer.",2024-03
ORD-101640,2023-11-08,2023-11-13,10863,user49@example.com,South,Canada,49546,Online,Bakery,24,15.66,355.8,2.04,114.28,11,2.7,USD,Customer requested split delivery across two addresses.,2023-11
ORD-103512,2023-08-08,2023-08-19,10497,user1832@example.com,North,Mexico,17850,Retail,Bakery,39,50.23,1664.33,7.0,535.63,1,3.2,USD,Customer requested split delivery across two addresses.,2023-08
ORD-103231,2024-07-17,2024-07-17,11825,user1876@example.com,North,United States,90709,Retail,Dairy,2,11.14,20.72,9.59,0.2,10,4.3,USD,Escalated to the regional service desk for a damaged pallet.,2024-07
ORD-101321,2024-01-05,2024-01-07,11452,user2665@example.com,SOUTH,Mexico,22048,Online,Dairy,23,12.43,344.6,8.15,,11,4.3,USD,Customer requested split delivery across two addresses.,2024-01
ORD-103099,2023-05-03,2023-05-04,12232,user170@example.com,SOUTH,United States,30992,Online,Produce,37,23.47,1243.56,11.73,384.21,7,3.6,USD,Customer requested split delivery across two addresses.,2023-05
ORD-102692,2024-02-27,2024-03-01,11523,user2222@example.com,West,United States,93609,Retail,Bakery,22,48.71,1296.83,16.86,391.23,5,4.1,USD,Customer requested split delivery across two addresses.,2024-02
ORD-100772,2023-11-13,2023-11-13,11542,user2569@example.com,West,Canada,94148,Partner,Dairy,29,16.85,358.93,11.26,111.55,5,4.3,USD,"Standard order, no special handling requested by the buyer.",2023-11
ORD-100626,2024-05-26,2024-05-26,10909,user2667@example.com,West,Canada,48571,Partner,Bakery,7,51.15,368.47,20.61,102.17,7,,USD,Customer requested split delivery across two addresses.,2024-05
ORD-101896,2023-05-21,2023-05-30,11812,user573@example.com,North,United States,66426,Retail,Produce,26,23.08,698.37,9.22,221.94,9,5.0,USD,,2023-05
ORD-100699,2023-07-26,2023-07-30,11542,user1014@example.com,East,United States,96725,Online,Beverages,23,35.38,861.95,1.37,289.82,13,4.6,USD,Customer requested split delivery across two addresses.,2023-07
ORD-102912,2024-11-28,2024-12-08,12444,user985@example.com,South,United States,76518,Retail,Dairy,36,59.14,1850.45,15.82,552.78,1,4.5,USD,"Standard order, no special handling requested by the buyer.",2024-11
ORD-101430,2023-12-12,2023-12-16,12209,user244@example.com,South,United States,25622,Online,Produce,19,30.59,630.74,6.13,202.46,5,3.9,USD,Escalated to the regional service desk for a damaged pallet.,2023-12
ORD-101514,2024-06-25,2024-06-29,11390,user1898@example.com,West,United States,72194,Online,Dairy,34,18.8,772.08,5.1,257.45,3,3.0,USD,"Standard order, no special handling requested by the buyer.",2024-06
ORD-100016,2024-11-30,2024-12-09,10418,user1830@example.com,SOUTH,United States,94413,Online,Dairy,17,22.76,400.21,3.17,131.66,5,2.6,USD,,2024-11
ORD-103974,2023-04-24,2023-04-26,11753,user1314@example.com,South,Canada,69093,Retail,Frozen,3,30.86,113.97,0.92,34.9,13,3.6,USD,Customer requested split delivery across two addresses.,2023-04
ORD-100894,2023-08-28,2023-08-30,10636,user1301@example.com,South,Canada,22903,Retail,Snacks,6,29.25,138.82,4.2,45.56,0,3.3,USD,"Standard order, no special handling requested by the buyer.",2023-08
ORD-102883,2023-09-23,2023-09-29,10269,user2627@example.com,South,United States,21358,Wholesale,Frozen,11,27.05,302.16,16.4,90.7,8,3.6,USD,"Standard order, no special handling requested by the buyer.",2023-09
ORD-100147,2023-05-14,2023-05-15,10084,user562@example.com,South,United States,96026,Online,Beverages,7,22.52,220.48,7.75,69.84,0,,USD,Escalated to the regional service desk for a damaged pallet.,2023-05
ORD-103529,2024-07-24,2024-07-27,10935,user2109@example.com,West,United States,99005,Partner,Dairy,39,39.02,1234.84,5.45,407.3,6,3.7,USD,"Standard order, no special handling requested by the buyer.",2024-07
ORD-103521,2024-02-13,2024-02-15,12183,user2498@example.com,north ,United States,10556,Online,Household,21,29.38,853.09,11.68,,6,3.8,USD,Escalated to the regional service desk for a damaged pallet.,2024-02
ORD-100422,2024-04-16,2024-04-18,10319,user2821@example.com,South,United States,12978,Retail,Snacks,37,20.89,959.1,12.55,303.79,8,3.6,USD,Customer requested split delivery across two addresses.,2024-04
ORD-102968,2024-05-10,2024-05-16,10932,user1100@example.com,East,United States,85779,Partner,Produce,16,27.46,472.03,12.13,145.53,5,3.3,USD,Customer requested split delivery across two addresses.,2024-05
ORD-103715,2024-03-23,2024-03-29,10874,user1393@example.com,East,United States,29907,Retail,Beverages,3,32.74,122.53,6.35,40.3,9,4.3,USD,Customer requested split delivery across two addresses.,2024-03
ORD-103465,2023-06-11,2023-06-16,11965,user38@example.com,West,Canada,18992,Retail,Household,13,12.63,178.38,17.17,47.33,6,4.3,USD,,2023-06
ORD-101925,2024-10-12,2024-10-14,11184,user2370@example.com,North,United States,51040,Retail,Household,33,34.31,855.44,7.57,,6,3.5,USD,Customer requested split delivery across two addresses.,2024-10
ORD-101133,2023-03-30,2023-04-09,10661,user1438@example.com,East,United States,26630,Retail,Bakery,2,23.96,59.89,1.48,17.25,11,3.8,USD,Escalated to the regional service desk for a damaged pallet.,2023-03
ORD-100315,2023-04-02,2023-04-09,10390,user2220@example.com,North,United States,78825,Retail,Beverages,36,31.07,1398.13,13.35,428.47,9,4.3,USD,,2023-04
ORD-103766,2023-10-05,2023-10-12,12418,user887@example.com,East,United States,56440,Online,Household,13,14.56,167.66,10.13,46.28,4,3.4,USD,Escalated to the regional service desk for a damaged pallet.,2023-10
ORD-100437,2023-02-11,2023-02-17,11536,user1256@example.com,North,United States,43944,Retail,Dairy,25,24.14,703.32,4.35,236.0,7,3.5,USD,Escalated to the regional service desk for a damaged pallet.,2023-02
ORD-102874,2024-06-13,2024-06-16,11359,user1800@example.com,West,United States,41348,Online,Frozen,9,13.77,157.09,10.29,52.13,2,2.8,USD,Escalated to the regional service desk for a damaged pallet.,2024-06
ORD-102413,2023-08-01,2023-08-06,11916,user1126@example.com,North,United States,15988,Wholesale,Produce,29,16.61,568.79,11.16,176.1,10,4.8,USD,"Standard order, no special handling requested by the buyer.",2023-08
ORD-102424,2024-11-22,2024-11-24,12226,user1070@example.com,East,United States,68622,Retail,Snacks,23,36.26,707.12,24.22,,3,3.8,USD,,2024-11
ORD-102332,2024-02-14,2024-02-24,10212,user112@example.com,North,United States,74721,Retail,Bakery,34,33.29,1329.78,20.36,388.09,12,3.6,USD,Escalated to the regional service desk for a damaged pallet.,2024-02
ORD-100142,2023-04-19,2023-04-23,10280,user1194@example.com,East,Canada,25070,Partner,Dairy,13,47.37,686.37,14.03,207.17,12,4.3,USD,Escalated to the regional service desk for a damaged pallet.,2023-04
ORD-100663,2024-03-28,2024-04-04,12178,user2975@example.com,North,United States,95661,Online,Bakery,16,11.33,267.3,7.24,82.87,4,4.6,USD,Customer requested split delivery across two addresses.,2024-03
ORD-102420,2024-07-16,2024-07-27,11774,user2685@example.com,South,Canada,13159,Online,Dairy,31,11.91,406.95,2.52,137.37,1,3.5,USD,,2024-07
ORD-100110,2023-07-23,2023-08-02,10293,user2201@example.com,North,United States,14876,Online,Bakery,27,71.87,2082.72,11.86,651.49,13,2.5,USD,"Standard order, no special handling requested by the buyer.",2023-07
ORD-103613,2023-01-06,2023-01-09,11194,user143@example.com,East,Mexico,55940,Partner,Frozen,36,31.33,1041.26,10.5,333.29,4,3.9,USD,,2023-01
ORD-100705,2023-01-08,2023-01-08,10321,user1917@example.com,North,Canada,19256,Partner,Household,25,45.66,1062.61,6.52,343.1,3,2.8,USD,Customer requested split delivery across two addresses.,2023-01
ORD-101583,2023-08-03,2023-08-06,11372,user1802@example.com,South,United States,23227,Online,Produce,10,50.9,520.93,9.63,165.93,8,5.0,USD,Customer requested split delivery across two addresses.,2023-08
ORD-102107,2024-05-03,2024-05-04,10241,user1019@example.com,SOUTH,United States,71012,Partner,Beverages,7,24.23,184.91,14.53,52.5,4,3.7,USD,,2024-05
ORD-103311,2023-06-02,2023-06-07,10278,user2142@example.com,SOUTH,United States,29138,Wholesale,Produce,24,36.47,1325.28,11.21,411.06,12,4.2,USD,"Standard order, no special handling requested by the buyer.",2023-06
ORD-100714,2024-01-07,2024-01-11,11049,user2840@example.com,North,United States,62794,Online,Frozen,31,20.55,774.31,15.48,233.77,6,3.9,USD,Customer requested split delivery across two addresses.,2024-01
ORD-101230,2023-01-07,2023-01-07,12294,user1612@example.com,North,United States,27960,Online,Bakery,10,4.92,59.8,4.23,10.47,13,3.1,USD,Escalated to the regional service desk for a damaged pallet.,2023-01
ORD-102616,2023-10-08,2023-10-11,12224,user672@example.com,South,Mexico,75771,Retail,Bakery,30,21.69,489.29,7.22,153.54,1,4.1,USD,"Standard order, no special handling requested by the buyer.",2023-10
ORD-103667,2023-10-16,2023-10-20,10400,user1997@example.com,North,United States,14755,Retail,Dairy,31,27.42,644.8,13.19,203.94,10,3.8,USD,Customer requested split delivery across two addresses.,2023-10
ORD-100426,2024-03-18,2024-03-24,11030,user1733@example.com,South,United States,43426,Online,Bakery,8,21.57,253.21,10.56,84.1,4,4.3,USD,Customer requested split delivery across two addresses.,2024-03
ORD-103245,2023-09-29,2023-10-05,12290,user919@example.com,East,Canada,60327,Online,Dairy,8,20.34,144.03,12.24,38.13,6,3.5,USD,,2023-09
ORD-103749,2024-07-16,2024-07-16,10345,user736@example.com,West,Canada,59698,Online,Beverages,6,25.5,168.64,7.12,53.57,13,5.0,USD,Escalated to the regional service desk for a damaged pallet.,2024-07
ORD-101473,2024-06-08,2024-06-11,11741,user1103@example.com,West,Canada,72491,Online,Bakery,12,18.47,286.23,13.02,90.15,9,3.4,USD,Customer requested split delivery across two addresses.,2024-06
ORD-101399,2023-01-07,2023-01-08,10521,user512@example.com,East,Canada,61013,Online,Produce,14,20.05,341.18,14.52,108.69,6,3.5,USD,,2023-01
ORD-101079,2023-12-20,2023-12-27,11331,user501@example.com,South,United States,73038,Retail,Beverages,2,26.61,50.72,9.94,8.45,11,5.0,USD,"Standard order, no special handling requested by the buyer.",2023-12
ORD-102172,2024-07-24,2024-07-25,10898,user1209@example.com,north ,United States,51889,Online,Household,32,52.02,1771.0,7.49,565.72,10,4.2,USD,"Standard order, no special handling requested by the buyer.",2024-07
ORD-102872,2024-11-30,2024-12-10,11251,user1738@example.com,South,United States,23947,Retail,Produce,8,28.3,198.45,16.04,69.53,3,5.0,USD,,2024-11
ORD-103939,2023-07-14,2023-07-20,12410,user2839@example.com,North,United States,20309,Retail,Household,35,15.31,507.25,3.32,169.37,1,4.8,USD,,2023-07
ORD-102088,2024-07-28,2024-08-04,11870,user1859@example.com,north ,United States,69000,Partner,Frozen,8,14.78,94.29,10.96,26.35,10,3.5,USD,Customer requested split delivery across two addresses.,2024-07
ORD-101499,2024-10-12,2024-10-15,11447,user2242@example.com,North,United States,73058,Partner,Dairy,38,34.37,888.1,5.52,295.1,6,3.7,USD,Customer requested split delivery across two addresses.,2024-10
ORD-102129,2023-01-01,2023-01-09,10622,user2487@example.com,,United States,79092,Retail,Frozen,21,15.28,322.26,9.55,,10,4.1,USD,"Standard order, no special handling requested by the buyer.",2023-01
ORD-101970,2023-06-29,2023-07-08,11555,user2327@example.com,East,United States,51328,Retail,Dairy,22,6.62,147.21,7.2,45.13,4,4.2,USD,,2023-06
ORD-102367,2024-05-30,2024-06-08,11654,user1584@example.com,South,Canada,15907,Online,Bakery,12,31.28,500.07,6.59,159.55,12,4.7,USD,,2024-05
ORD-102043,2024-06-22,2024-06-25,11211,user2900@example.com,North,Mexico,28038,Retail,Frozen,6,16.11,100.18,2.2,26.28,1,4.5,USD,"Standard order, no special handling requested by the buyer.",2024-06
ORD-100212,2024-09-26,2024-10-03,11087,user2776@example.com,South,United States,13733,Online,Beverages,22,26.95,525.08,6.62,168.22,8,5.0,USD,Escalated to the regional service desk for a damaged pallet.,2024-09
ORD-100071,2023-05-26,2023-06-06,10080,user1192@example.com,East,Mexico,99326,Retail,Bakery,15,8.07,138.84,1.89,45.69,5,4.1,USD,Customer requested split delivery across two addresses.,2023-05
ORD-101177,2023-08-07,2023-08-13,10938,user571@example.com,South,United States,44642,Online,Produce,31,7.9,246.52,9.68,85.69,8,4.8,USD,"Standard order, no special handling requested by the buyer.",2023-08
ORD-101044,2024-10-30,2024-11-07,10189,user1885@example.com,South,United States,32881,Partner,Produce,14,20.57,202.97,7.38,63.26,12,4.4,USD,"Standard order, no special handling requested by the buyer.",2024-10
ORD-102511,2023-08-26,2023-09-02,12000,user1878@example.com,South,United States, 90210 ,Retail,Beverages,2,34.55,54.99,12.4,14.69,8,4.2,USD,Escalated to the regional service desk for a damaged pallet.,2023-08
ORD-101707,2024-10-10,2024-10-16,11042,user993@example.com,North,Canada,26608,Wholesale,Snacks,38,27.08,1047.3,11.71,323.13,10,4.2,USD,Escalated to the regional service desk for a damaged pallet.,2024-10
ORD-103829,2024-05-10,2024-05-19,11156,user760@example.com,East,United States,15684,Wholesale,Snacks,8,49.4,636.87,13.59,191.14,4,3.8,USD,Customer requested split delivery across two addresses.,2024-05
ORD-100744,2023-10-10,2023-10-13,11995,user1831@example.com,South,Canada,70709,Retail,Dairy,7,13.7,72.23,5.88,26.83,13,4.1,USD,,2023-10
ORD-103128,2023-12-20,2023-12-26,12379,user711@example.com,East,United States,15333,Online,Dairy,25,31.65,889.74,7.92,287.25,6,4.8,USD,"Standard order, no special handling requested by the buyer.",2023-12
ORD-102457,2023-10-09,2023-10-09,10976,user1896@example.com,South,Canada,25257,Online,Snacks,12,19.4,206.72,6.41,65.02,5,5.0,USD,Customer requested split delivery across two addresses.,2023-10
ORD-102858,2023-03-26,2023-03-27,11575,user1560@example.com,West,United States,91939,Online,Dairy,34,38.26,1916.52,0.93,644.06,11,3.5,USD,Escalated to the regional service desk for a damaged pallet.,2023-03
ORD-102531,2024-07-04,2024-07-06,10308,user735@example.com,East,Canada,13446,Retail,Household,12,84.6,999.92,6.51,323.93,8,3.9,USD,"Standard order, no special handling requested by the buyer.",2024-07
ORD-102869,2024-09-08,2024-09-13,10765,user2738@example.com,East,United States,90850,Wholesale,Bakery,18,23.48,437.8,10.42,141.16,9,4.5,USD,Customer requested split delivery across two addresses.,2024-09
ORD-103148,2024-01-27,2024-01-30,12062,user1463@example.com,North,United States,79084,Partner,Beverages,11,20.4,224.59,11.37,66.09,8,3.0,USD,"Standard order, no special handling requested by the buyer.",2024-01
ORD-103606,2024-11-18,2024-11-25,10754,user1721@example.com,South,United States,41790,Retail,Snacks,33,11.17,307.64,14.54,94.7,3,3.9,USD,"Standard order, no special handling requested by the buyer.",2024-11
ORD-102840,2023-11-01,2023-11-10,12449,user2690@example.com,South,United States,57940,Partner,Produce,5,33.16,117.18,10.89,39.92,3,3.8,USD,"Standard order, no special handling requested by the buyer.",2023-11
ORD-102218,2024-04-14,2024-04-15,11700,user2333@example.com,West,Canada,13228,Partner,Produce,26,33.61,977.61,4.01,324.15,4,5.0,USD,"Standard order, no special handling requested by the buyer.",2024-04
ORD-103235,2023-01-17,2023-01-24,10110,user1272@example.com,South,United States,64711,Partner,Household,7,26.04,175.88,4.53,60.07,12,4.1,USD,"Standard order, no special handling requested by the buyer.",2023-01
ORD-102231,2023-08-07,2023-08-16,11517,user1517@example.com,north ,United States,21845,Online,Dairy,6,29.08,175.63,6.42,55.81,1,3.0,USD,"Standard order, no special handling requested by the buyer.",2023-08
ORD-103219,2023-04-10,2023-04-12,11993,user2711@example.com,North,United States,32604,Online,Produce,9,35.27,467.15,6.49,152.61,3,4.1,USD,,2023-04
ORD-100126,2024-02-05,2024-02-05,10190,user828@example.com,South,Canada,11987,Retail,Produce,34,19.82,771.73,5.07,247.28,8,5.0,USD,Customer requested split delivery across two addresses.,2024-02
ORD-101326,2023-03-06,2023-03-14,10421,user1353@example.com,South,United States,88645,Online,Dairy,31,23.56,1055.66,5.15,347.07,8,3.9,USD,,2023-03
ORD-100312,2023-01-11,2023-01-16,12264,user2217@example.com,West,United States,23515,Partner,Produce,30,10.75,303.91,12.42,97.17,3,4.9,USD,Customer requested split delivery across two addresses.,2023-01
ORD-103309,2024-03-01,2024-03-11,11702,user2010@example.com,South,United States,20650,Retail,Frozen,15,18.7,341.33,10.66,109.22,6,4.4,USD,Customer requested split delivery across two addresses.,2024-03
ORD-102842,2023-03-15,2023-03-18,11920,user2953@example.com,West,Canada,19588,Retail,Snacks,1,20.64,25.57,8.52,9.11,13,4.8,USD,Escalated to the regional service desk for a damaged pallet.,2023-03
ORD-100102,2023-10-02,2023-10-11,11808,user1414@example.com,South,United States,35985,Retail,Household,31,19.76,459.46,9.56,146.24,6,3.9,USD,Escalated to the regional service desk for a damaged pallet.,2023-10
ORD-103177,2023-06-02,2023-06-11,10849,user2952@example.com,North,United States,18807,Online,Snacks,25,35.65,1179.53,10.41,,3,5.0,USD,Escalated to the regional service desk for a damaged pallet.,2023-06
ORD-103202,2024-04-25,2024-05-02,11833,user1036@example.com,north ,United States,64338,Partner,Dairy,31,19.53,668.93,11.84,205.52,10,3.7,USD,Escalated to the regional service desk for a damaged pallet.,2024-04
ORD-100790,2024-11-06,2024-11-11,11510,user608@example.com,South,United States,69728,Retail,Bakery,27,14.29,308.53,12.66,95.41,5,3.4,USD,Escalated to the regional service desk for a damaged pallet.,2024-11
ORD-102713,2024-10-24,2024-10-28,10103,user38@example.com,South,United States,21874,Online,Produce,6,14.07,76.85,0.36,23.0,11,4.2,USD,"Standard order, no special handling requested by the buyer.",2024-10
ORD-103899,2023-09-06,2023-09-11,10717,user1810@example.com,East,United States,91922,Online,Bakery,14,15.18,193.68,9.24,63.23,4,3.9,USD,,2023-09
ORD-103295,2024-01-08,2024-01-17,11367,user2442@example.com,North,United States,82850,Wholesale,Bakery,16,22.94,512.51,7.86,160.84,2,2.9,USD,Escalated to the regional service desk for a damaged pallet.,2024-01
ORD-100429,2024-10-07,2024-10-14,12305,user2482@example.com,North,United States,23843,Retail,Dairy,35,25.37,667.69,6.34,221.48,2,2.8,USD,Customer requested split delivery across two addresses.,2024-10
ORD-101661,2023-10-16,2023-10-22,10389,user421@example.com,South,United States,17792,Online,Frozen,15,12.98,174.28,4.54,56.89,6,4.4,USD,"Standard order, no special handling requested by the buyer.",2023-10
ORD-101455,2023-07-25,2023-07-30,11706,user1417@example.com,East,Canada,60965,Online,Produce,39,17.71,734.82,9.37,231.38,13,4.7,USD,Escalated to the regional service desk for a damaged pallet.,2023-07
ORD-101404,2024-06-19,2024-06-19,10038,user1602@example.com,East,United States,14203,Partner,Household,39,22.85,841.47,3.41,278.98,7,4.7,USD,Customer requested split delivery across two addresses.,2024-06
ORD-103842,2024-03-28,2024-04-05,11249,user881@example.com,South,United States,67303,Wholesale,Frozen,33,36.18,2014.14,3.04,666.45,6,3.5,USD,,2024-03
ORD-102257,2024-01-16,2024-01-21,10093,user1145@example.com,East,United States,97996,Online,Dairy,19,11.5,275.36,7.05,93.32,13,4.8,USD,,2024-01
ORD-101556,2024-10-27,2024-11-06,11390,user1222@example.com,North,United States,17611,Online,Household,35,26.44,848.47,10.74,266.61,3,4.6,USD,,2024-10
ORD-102283,2023-11-25,2023-11-28,12184,user2478@example.com,East,United States,65502,Online,Dairy,11,13.38,148.46,10.29,,4,5.0,USD,,2023-11
ORD-103891,2023-05-04,2023-05-04,10445,user1663@example.com,West,Mexico,42571,Retail,Frozen,14,16.66,282.53,13.32,80.16,4,5.0,USD,,2023-05
ORD-103053,2023-04-15,2023-04-16,10714,user1192@example.com,East,Canada,81303,Retail,Beverages,32,18.99,755.36,6.62,246.62,7,4.1,USD,Escalated to the regional service desk for a damaged pallet.,2023-04
ORD-102493,2023-05-07,2023-05-15,12445,user562@example.com,East,United States,62640,Online,Snacks,39,19.03,1054.53,15.87,318.44,8,4.0,USD,Customer requested split delivery across two addresses.,2023-05
ORD-102730,2023-11-09,2023-11-13,10527,user1698@example.com,East,United States,89567,Partner,Snacks,39,13.68,386.5,9.16,129.41,8,3.7,USD,Customer requested split delivery across two addresses.,2023-11
ORD-101178,2024-03-14,2024-03-21,10442,user421@example.com,North,Canada,13883,Wholesale,Dairy,21,22.52,791.07,4.99,256.63,8,3.6,USD,Escalated to the regional service desk for a damaged pallet.,2024-03
ORD-102224,2023-10-25,2023-10-30,11574,user768@example.com,North,United States,11284,Online,Dairy,31,22.43,632.98,12.92,193.86,4,3.6,USD,"Standard order, no special handling requested by the buyer.",2023-10
ORD-101620,2023-09-28,2023-10-02,11981,user481@example.com,North,Canada,28497,Online,Snacks,15,19.12,253.91,9.31,81.33,13,3.4,USD,"Standard order, no special handling requested by the buyer.",2023-09
ORD-101693,2024-07-29,2024-08-06,10287,user1884@example.com,East,United States,17074,Retail,Household,8,12.48,88.08,15.05,20.31,13,3.2,USD,Customer requested split delivery across two addresses.,2024-07
ORD-102007,2024-09-25,2024-10-05,12462,user2199@example.com,North,United States,75876,Partner,Beverages,33,29.04,647.59,11.99,197.93,6,,USD,Escalated to the regional service desk for a damaged pallet.,2024-09
ORD-102259,2024-11-15,2024-11-20,12342,user362@example.com,North,United States,67638,Online,Beverages,2,24.43,47.57,10.49,9.36,4,3.3,USD,,2024-11
ORD-100614,2023-06-10,2023-06-11,11491,user518@example.com,East,Canada,35736,Retail,Beverages,24,19.47,509.54,8.21,165.93,5,3.5,USD,,2023-06
ORD-103205,2024-03-07,2024-03-15,11658,user1466@example.com,South,Mexico,33137,Retail,Dairy,28,14.95,514.26,19.35,145.89,3,3.1,USD,Escalated to the regional service desk for a damaged pallet.,2024-03
ORD-102722,2023-08-28,2023-09-05,10096,user2924@example.com,North,United States,84215,Online,Dairy,32,54.13,1616.8,2.32,532.66,7,,USD,Customer requested split delivery across two addresses.,2023-08
ORD-103165,2024-10-04,2024-10-13,12474,user2970@example.com,South,United States,73486,Online,Produce,21,44.67,830.93,8.88,265.67,3,4.3,USD,,2024-10
ORD-102499,2023-01-16,2023-01-27,10997,user55@example.com,West,United States,62179,Online,Frozen,12,37.95,573.91,4.09,192.03,4,4.1,USD,Customer requested split delivery across two addresses.,2023-01
ORD-103004,2024-03-18,2024-03-22,10746,user1082@example.com,South,United States, 90210 ,Partner,Snacks,20,12.91,288.97,11.2,96.86,11,5.0,USD,Escalated to the regional service desk for a damaged pallet.,2024-03
ORD-103420,2023-01-18,2023-01-26,12405,user137@example.com,North,United States,48735,Partner,Bakery,28,20.12,545.67,9.63,168.97,6,2.5,USD,Escalated to the regional service desk for a damaged pallet.,2023-01
ORD-102945,2024-07-17,2024-07-22,10113,user1786@example.com,South,Mexico,54934,Partner,Bakery,6,22.03,110.63,5.49,34.25,6,5.0,USD,"Standard order, no special handling requested by the buyer.",2024-07
ORD-102829,2024-08-16,2024-08-24,10453,user1745@example.com,north ,United States, 90210 ,Online,Snacks,16,50.64,784.54,15.76,237.22,13,4.6,USD,,2024-08
ORD-102577,2024-01-22,2024-01-29,10614,user356@example.com,South,United States,21183,Online,Beverages,21,66.45,1798.83,14.52,556.23,4,4.3,USD,,2024-01
ORD-102580,2024-10-31,2024-11-02,10421,user2675@example.com,North,United States,96035,Online,Beverages,7,37.83,245.39,10.62,85.88,12,3.6,USD,,2024-10
ORD-103624,2023-08-13,2023-08-19,11505,user15@example.com,South,Mexico,28888,Retail,Beverages,27,33.09,744.21,3.75,247.54,6,4.6,USD,Escalated to the regional service desk for a damaged pallet.,2023-08
ORD-103653,2023-03-07,2023-03-16,10302,user1382@example.com,North,United States,90135,Online,Household,33,28.08,1341.38,11.19,413.92,8,4.3,USD,,2023-03
ORD-102485,2024-11-30,2024-12-05,11610,user612@example.com,South,Mexico,25048,Online,Bakery,25,13.64,352.71,15.27,104.36,5,3.7,USD,Customer requested split delivery across two addresses.,2024-11
ORD-100562,2023-04-02,2023-04-08,11008,user1789@example.com,West,Canada,76516,Retail,Bakery,16,31.81,636.19,5.19,209.72,9,5.0,USD,"Standard order, no special handling requested by the buyer.",2023-04
ORD-102706,2024-10-14,2024-10-20,10992,user600@example.com,North,United States,39036,Retail,Household,16,16.43,199.13,1.09,66.46,5,,USD,Customer requested split delivery across two addresses.,2024-10
ORD-100954,2024-08-11,2024-08-19,12384,user2733@example.com,North,Mexico,41174,Partner,Frozen,29,12.21,266.48,6.27,83.3,7,4.3,USD,"Standard order, no special handling requested by the buyer.",2024-08
ORD-102451,2023-04-23,2023-04-26,10048,user551@example.com,South,United States,21372,Online,Bakery,2,34.09,99.17,12.24,22.11,8,4.0,USD,Customer requested split delivery across two addresses.,2023-04
ORD-100103,2023-05-22,2023-05-25,11252,user686@example.com,South,Mexico,97170,Wholesale,Dairy,7,29.7,325.72,15.47,98.02,5,3.1,USD,Escalated to the regional service desk for a damaged pallet.,2023-05
ORD-101052,2023-02-08,2023-02-13,11184,user1874@example.com,South,United States,98174,Retail,Produce,17,54.69,1074.31,10.54,337.01,4,3.3,USD,"Standard order, no special handling requested by the buyer.",2023-02
ORD-102444,2023-02-10,2023-02-19,12345,user1942@example.com,North,Canada,81839,Online,Dairy,20,22.03,604.21,4.95,202.95,1,4.7,USD,Escalated to the regional service desk for a damaged pallet.,2023-02
ORD-102803,2023-05-03,2023-05-14,12088,user2997@example.com,South,United States,22504,Retail,Bakery,14,21.37,363.08,1.76,122.14,8,3.5,USD,Escalated to the regional service desk for a damaged pallet.,2023-05
ORD-101645,2024-09-12,2024-09-20,10227,user2771@example.com,West,United States,76956,Online,Frozen,3,56.41,152.08,16.57,49.34,1,3.6,USD,Customer requested split delivery across two addresses.,2024-09
ORD-100888,2024-10-17,2024-10-21,11331,user2485@example.com,West,Canada,63448,Online,Snacks,15,34.5,464.67,6.47,146.84,9,4.4,USD,,2024-10
ORD-102639,2023-07-16,2023-07-21,11529,user2247@example.com,South,United States,11248,Partner,Snacks,37,14.46,451.78,12.52,141.42,8,2.9,USD,"Standard order, no special handling requested by the buyer.",2023-07
ORD-103278,2023-01-22,2023-01-25,10332,user1119@example.com,South,Mexico,77098,Retail,Snacks,15,36.04,590.57,9.91,190.86,6,5.0,USD,,2023-01
ORD-100775,2023-10-29,2023-11-07,11313,user2075@example.com,north ,United States,37260,Online,Dairy,31,39.18,1116.44,17.03,330.01,3,3.9,USD,,2023-10
ORD-100817,2023-06-05,2023-06-12,11881,user1213@example.com,North,United States,94054,Retail,Dairy,33,30.4,1113.68,12.14,335.62,1,4.0,USD,Customer requested split delivery across two addresses.,2023-06
ORD-103329,2023-12-18,2023-12-20,11724,user554@example.com,South,United States,92502,Online,Beverages,22,36.73,900.61,7.99,278.52,5,3.8,USD,,2023-12
ORD-100629,2024-04-04,2024-04-05,12098,user1135@example.com,North,United States,45720,Online,Frozen,26,19.09,731.8,16.64,218.84,12,3.5,USD,Customer requested split delivery across two addresses.,2024-04
ORD-100634,2023-09-24,2023-10-05,10786,user2384@example.com,East,Mexico,39617,Retail,Dairy,24,22.7,409.52,10.56,130.41,10,5.0,USD,Customer requested split delivery across two addresses.,2023-09
ORD-100049,2023-10-27,2023-10-29,10615,user1948@example.com,South,United States,86331,Online,Frozen,36,18.54,610.45,12.39,190.02,6,4.6,USD,Escalated to the regional service desk for a damaged pallet.,2023-10
ORD-103619,2023-11-07,2023-11-16,11220,user1255@example.com,South,United States,78092,Online,Dairy,21,14.43,285.94,12.14,87.04,3,4.8,USD,Escalated to the regional service desk for a damaged pallet.,2023-11
ORD-101906,2024-07-13,2024-07-14,11865,user277@example.com,north ,Canada,44183,Online,Household,16,39.06,698.09,5.67,222.72,1,4.0,USD,,2024-07
ORD-102862,2023-05-04,2023-05-14,11404,user2133@example.com,South,United States,79705,Online,Frozen,38,64.06,3479.43,9.39,1095.06,12,3.8,USD,Escalated to the regional service desk for a damaged pallet.,2023-05
ORD-100469,2024-01-24,2024-01-24,10959,user2811@example.com,East,United States,23189,Online,Household,27,51.89,1819.15,6.34,589.66,4,3.3,USD,Customer requested split delivery across two addresses.,2024-01
ORD-100891,2023-09-25,2023-10-01,10294,user2248@example.com,East,United States,17037,Online,Dairy,34,15.85,477.7,2.73,160.83,2,5.0,USD,"Standard order, no special handling requested by the buyer.",2023-09
ORD-103617,2023-05-31,2023-06-03,10094,user669@example.com,SOUTH,United States,75468,Retail,Household,11,46.99,583.58,12.8,180.42,12,4.7,USD,Customer requested split delivery across two addresses.,2023-05
ORD-102807,2023-04-16,2023-04-23,12092,user2578@example.com,West,United States,12818,Retail,Dairy,3,54.36,202.54,12.97,72.06,1,3.3,USD,"Standard order, no special handling requested by the buyer.",2023-04
ORD-100652,2023-05-23,2023-05-27,11348,user668@example.com,South,United States,68987,Online,Bakery,33,21.97,989.99,10.06,314.58,5,3.7,USD,Customer requested split delivery across two addresses.,2023-05
ORD-101202,2023-02-09,2023-02-13,11702,user1879@example.com,East,United States,10045,Partner,Snacks,10,28.78,300.17,16.52,84.0,11,3.7,USD,"Standard order, no special handling requested by the buyer.",2023-02
ORD-102018,2023-03-20,2023-03-20,10183,user1229@example.com,South,United States,18295,Retail,Snacks,31,6.17,238.03,3.8,81.17,8,4.0,USD,Customer requested split delivery across two addresses.,2023-03
ORD-103070,2023-11-14,2023-11-17,12217,user1371@example.com,South,United States,70626,Retail,Snacks,34,13.07,363.99,2.65,124.08,4,2.4,USD,Escalated to the regional service desk for a damaged pallet.,2023-11
ORD-103539,2023-12-30,2023-12-30,11370,user546@example.com,South,Canada,34891,Wholesale,Snacks,11,24.24,358.41,17.22,111.26,2,3.7,USD,"Standard order, no special handling requested by the buyer.",2023-12
ORD-102596,2023-06-12,2023-06-12,10530,user145@example.com,North,United States,56254,Partner,Bakery,31,33.31,1005.88,19.5,,1,3.5,USD,"Standard order, no special handling requested by the buyer.",2023-06
ORD-100072,2024-05-20,2024-05-30,10132,user1318@example.com,West,United States,49231,Wholesale,Dairy,32,28.76,1445.93,7.35,463.52,3,5.0,USD,Customer requested split delivery across two addresses.,2024-05
ORD-100590,2023-02-08,2023-02-18,11945,user2831@example.com,North,United States,20824,Partner,Produce,8,24.58,204.5,11.41,63.91,13,4.8,USD,Escalated to the regional service desk for a damaged pallet.,2023-02
ORD-100187,2024-09-24,2024-10-05,12159,user187@example.com,North,United States,51519,Retail,Snacks,23,18.47,319.13,16.17,95.57,6,5.0,USD,Customer requested split delivery across two addresses.,2024-09
ORD-102153,2023-11-09,2023-11-20,12205,user960@example.com,East,United States,94721,Retail,Snacks,5,33.59,135.19,6.52,38.75,4,3.5,USD,"Standard order, no special handling requested by the buyer.",2023-11
ORD-100742,2024-06-12,2024-06-15,11050,user794@example.com,South,United States,68721,Retail,Snacks,15,19.71,318.79,11.75,96.91,9,4.5,USD,Customer requested split delivery across two addresses.,2024-06
ORD-101913,2023-06-17,2023-06-24,10198,user1731@example.com,North,United States,23603,Online,Bakery,22,17.06,470.23,6.07,155.66,2,5.0,USD,"Standard order, no special handling requested by the buyer.",2023-06
ORD-102855,2023-10-28,2023-11-05,12119,user1921@example.com,North,United States,44722,Online,Beverages,1,25.47,23.35,5.25,9.15,1,4.3,USD,Customer requested split delivery across two addresses.,2023-10
ORD-103218,2024-01-07,2024-01-13,11609,user2220@example.com,South,United States,93051,Online,Snacks,8,21.75,211.49,4.88,71.9,2,3.3,USD,,2024-01
ORD-100793,2024-01-07,2024-01-14,11498,user2680@example.com,West,United States, 90210 ,Retail,Dairy,19,5.36,104.9,8.58,28.68,5,3.7,USD,"Standard order, no special handling requested by the buyer.",2024-01
ORD-103962,2024-06-04,2024-06-14,11871,user302@example.com,East,Mexico,22914,Retail,Snacks,3,50.85,169.35,4.78,54.61,9,4.6,USD,Escalated to the regional service desk for a damaged pallet.,2024-06
ORD-100910,2024-06-18,2024-06-24,10901,user2984@example.com,South,Canada, 90210 ,Retail,Dairy,13,23.78,325.64,1.89,106.35,2,3.1,USD,,2024-06
ORD-100054,2024-09-12,2024-09-16,10863,user2031@example.com,West,Canada,79168,Online,Snacks,25,14.46,324.87,9.77,101.37,2,4.3,USD,Customer requested split delivery across two addresses.,2024-09
ORD-102595,2024-08-16,2024-08-20,10520,user428@example.com,East,United States,81104,Wholesale,Dairy,9,8.96,89.33,14.53,23.95,3,5.0,USD,,2024-08
ORD-100467,2023-10-22,2023-11-02,12008,user1366@example.com,East,United States,59487,Retail,Beverages,36,28.7,791.99,5.71,258.13,11,4.2,USD,"Standard order, no special handling requested by the buyer.",2023-10
ORD-103575,2024-10-18,2024-10-20,11297,user1748@example.com,North,United States,48364,Retail,Household,9,30.64,210.19,8.21,69.94,7,4.4,USD,Customer requested split delivery across two addresses.,2024-10
ORD-103808,2023-06-02,2023-06-12,10100,user2666@example.com,South,United States,33937,Online,Produce,21,22.69,630.61,12.32,193.82,7,3.5,USD,Customer requested split delivery across two addresses.,2023-06
ORD-103823,2023-07-29,2023-08-04,10771,user325@example.com,East,United States,72703,Online,Frozen,22,65.76,1512.56,4.57,494.04,4,2.9,USD,Customer requested split delivery across two addresses.,2023-07
ORD-103051,2023-08-24,2023-09-01,11392,user2048@example.com,East,United States,97063,Online,Household,26,22.96,564.2,6.05,178.23,11,3.8,USD,,2023-08
ORD-101299,2024-03-13,2024-03-14,12201,user1978@example.com,North,Mexico,48816,Online,Snacks,4,22.01,128.59,7.78,44.75,8,4.6,USD,Customer requested split delivery across two addresses.,2024-03
ORD-102409,2023-10-25,2023-10-27,12060,user737@example.com,North,United States,55908,Retail,Beverages,25,35.21,679.08,10.03,214.09,9,4.5,USD,"Standard order, no special handling requested by the buyer.",2023-10
ORD-102969,2024-10-17,2024-10-25,12046,user2223@example.com,North,United States,73408,Retail,Beverages,35,8.5,226.38,8.2,66.42,5,4.4,USD,"Standard order, no special handling requested by the buyer.",2024-10
ORD-100765,2023-08-23,2023-08-28,11542,user2267@example.com,East,United States,34312,Wholesale,Household,15,28.81,468.81,14.53,141.44,12,4.8,USD,"Standard order, no special handling requested by the buyer.",2023-08
ORD-100040,2024-07-22,2024-07-25,10410,user1428@example.com,North,Canada,51922,Partner,Household,13,24.16,257.11,4.59,87.73,11,4.3,USD,Escalated to the regional service desk for a damaged pallet.,2024-07
ORD-101059,2023-12-15,2023-12-25,10082,user235@example.com,East,United States,91184,Online,Beverages,15,41.99,692.69,0.0,236.25,10,4.3,USD,Customer requested split delivery across two addresses.,2023-12
ORD-101105,2023-01-01,2023-01-05,11060,user2447@example.com,East,United States,28292,Online,Produce,1,33.92,40.2,6.28,16.33,10,5.0,USD,,2023-01
ORD-102881,2024-01-15,2024-01-26,10040,user1964@example.com,North,United States,55945,Retail,Snacks,18,9.59,183.64,0.54,67.86,1,4.3,USD,,2024-01
ORD-101874,2023-09-01,2023-09-03,10715,user2569@example.com,South,United States,72587,Retail,Bakery,7,35.34,193.47,11.21,56.82,12,5.0,USD,,2023-09
ORD-100602,2024-07-20,2024-07-20,11565,user216@example.com,North,Canada,93307,Online,Produce,8,31.84,275.82,10.15,,5,3.5,USD,Escalated to the regional service desk for a damaged pallet.,2024-07
ORD-100789,2023-03-31,2023-04-09,10939,user1173@example.com,East,United States,40268,Partner,Produce,31,28.28,986.22,2.79,337.21,9,4.3,USD,"Standard order, no special handling requested by the buyer.",2023-03
ORD-101292,2024-07-26,2024-08-04,12166,user450@example.com,South,United States,47588,Online,Household,39,33.67,1384.86,9.37,434.97,1,5.0,USD,Customer requested split delivery across two addresses.,2024-07
ORD-103530,2023-10-02,2023-10-04,11672,user645@example.com,South,United States,23957,Online,Household,36,42.69,1360.21,8.64,432.14,4,2.8,USD,Escalated to the regional service desk for a damaged pallet.,2023-10
ORD-100328,2023-07-08,2023-07-17,10318,user1224@example.com,South,United States,25276,Wholesale,Beverages,3,21.07,82.95,3.81,27.23,1,4.7,USD,Escalated to the regional service desk for a damaged pallet.,2023-07
ORD-103572,2023-02-22,2023-03-04,11279,user584@example.com,South,Canada,86986,Online,Dairy,9,71.1,904.39,15.07,271.38,11,4.2,USD,,2023-02
ORD-102047,2023-01-19,2023-01-20,11156,user56@example.com,North,United States,93503,Partner,Bakery,9,30.57,267.5,11.29,85.65,11,5.0,USD,"Standard order, no special handling requested by the buyer.",2023-01
ORD-100487,2023-04-10,2023-04-10,11144,user1320@example.com,East,Canada,95253,Online,Snacks,25,20.0,735.83,6.72,234.39,11,5.0,USD,Escalated to the regional service desk for a damaged pallet.,2023-04
ORD-102075,2023-05-27,2023-05-30,11241,user1375@example.com,East,United States,29233,Online,Household,1,13.88,18.73,10.8,3.39,2,3.6,USD,Escalated to the regional service desk for a damaged pallet.,2023-05
ORD-100101,2024-01-10,2024-01-20,11789,user1686@example.com,East,United States,13589,Online,Snacks,33,14.73,598.15,14.59,186.71,1,3.7,USD,,2024-01
ORD-102028,2024-10-26,2024-10-29,10137,user315@example.com,West,United States,22199,Online,Household,9,41.77,343.83,11.86,111.42,1,4.3,USD,Customer requested split delivery across two addresses.,2024-10
ORD-101729,2024-10-20,2024-10-25,11041,user118@example.com,South,Canada,44445,Online,Beverages,14,13.15,166.19,17.41,51.14,9,4.2,USD,,2024-10
ORD-102501,2023-05-03,2023-05-08,10015,user2164@example.com,East,Mexico,81472,Online,Frozen,4,9.21,52.76,6.0,23.08,9,3.0,USD,"Standard order, no special handling requested by the buyer.",2023-05
ORD-102062,2023-09-01,2023-09-05,10951,user2210@example.com,North,Canada, 90210 ,Online,Household,35,18.73,604.97,10.35,181.3,6,4.1,USD,,2023-09
ORD-101057,2024-05-04,2024-05-04,11089,user90@example.com,East,Canada,99311,Partner,Frozen,13,18.05,7148.96,9.31,73.45,2,4.1,USD,"Standard order, no special handling requested by the buyer.",2024-05
ORD-103260,2023-05-29,2023-06-02,12411,user2099@example.com,East,United States,14056,Online,Household,28,14.77,554.52,5.82,184.58,2,3.4,USD,"Standard order, no special handling requested by the buyer.",2023-05
ORD-101554,2023-02-10,2023-02-17,12022,user764@example.com,SOUTH,United States,11973,Wholesale,Beverages,11,21.42,369.67,2.65,119.54,2,3.5,USD,,2023-02
ORD-102728,2024-05-25,2024-06-05,11043,user2485@example.com,East,United States,83466,Wholesale,Snacks,6,30.9,287.07,1.56,,4,3.4,USD,"Standard order, no special handling requested by the buyer.",2024-05
ORD-100718,2024-01-06,2024-01-15,12444,user2335@example.com,East,Mexico,68367,Online,Bakery,2,16.9,40.91,2.24,16.95,4,5.0,USD,,2024-01
ORD-102571,2023-05-14,2023-05-21,10685,user1056@example.com,West,Canada,46227,Retail,Beverages,28,42.92,1424.45,9.02,450.41,8,4.1,USD,"Standard order, no special handling requested by the buyer.",2023-05
ORD-103492,2023-03-18,2023-03-28,11027,user1985@example.com,South,Mexico,91430,Wholesale,Beverages,20,36.01,1208.06,5.77,391.6,5,4.2,USD,Escalated to the regional service desk for a damaged pallet.,2023-03
ORD-101403,2023-01-27,2023-02-07,10309,user1582@example.com,North,United States,13071,Wholesale,Produce,-39,22.3,1305.66,5.32,423.71,10,,USD,,2023-01
ORD-101570,2024-04-11,2024-04-22,11964,user699@example.com,West,Canada,43289,Online,Household,11,32.53,526.0,10.91,163.52,11,5.0,USD,,2024-04
ORD-103950,2023-06-07,2023-06-15,12396,user1356@example.com,South,United States,11535,Online,Frozen,33,29.11,1249.55,8.71,398.13,7,4.9,USD,Escalated to the regional service desk for a damaged pallet.,2023-06
ORD-102306,2023-01-15,2023-01-18,10069,user78@example.com,East,Canada,74264,Online,Produce,29,33.04,1202.81,14.62,367.28,3,4.2,USD,Customer requested split delivery across two addresses.,2023-01
ORD-101143,2024-08-17,2024-08-20,11385,user1525@example.com,North,Canada,74950,Online,Produce,35,19.22,649.01,3.12,219.66,1,4.6,USD,Customer requested split delivery across two addresses.,2024-08
ORD-102191,2023-05-22,2023-05-26,10895,user2817@example.com,North,United States,95525,Partner,Produce,36,18.96,712.91,6.87,231.58,5,3.4,USD,Customer requested split delivery across two addresses.,2023-05
ORD-102810,2024-06-02,2024-06-08,10272,user604@example.com,West,United States,10528,Online,Frozen,39,40.87,2102.38,7.94,672.36,11,4.3,USD,"Standard order, no special handling requested by the buyer.",2024-06
ORD-100318,2024-05-07,2024-05-09,12074,user2434@example.com,East,United States,27495,Online,Beverages,8,18.85,213.82,5.38,69.14,4,5.0,USD,Customer requested split delivery across two addresses.,2024-05
ORD-102561,2023-07-25,2023-07-26,11501,user1177@example.com,West,United States,13766,Online,Household,16,9.58,163.07,8.26,54.44,10,5.0,USD,,2023-07
ORD-100302,2031-06-15,2023-01-14,11752,user2980@example.com,North,Canada,12386,Partner,Beverages,38,36.34,1258.87,2.11,420.22,8,4.3,USD,,2031-06
ORD-102000,2023-10-27,2023-10-29,11210,user2828@example.com,North,United States,78318,Partner,Frozen,32,31.23,697.14,9.04,231.47,12,3.8,USD,Escalated to the regional service desk for a damaged pallet.,2023-10
ORD-100075,2023-09-11,2023-09-21,12425,user1804@example.com,North,Canada,86753,Online,Bakery,27,36.23,882.23,5.21,288.19,8,3.4,USD,,2023-09
ORD-103350,2023-09-21,2023-09-23,12074,user592@example.com,North,United States,48161,Retail,Beverages,28,26.06,549.82,2.05,188.57,10,3.3,USD,,2023-09
ORD-102103,2024-07-12,2024-07-23,12316,user1196@example.com,West,United States,83178,Retail,Frozen,15,15.04,214.51,9.89,75.14,6,5.0,USD,Customer requested split delivery across two addresses.,2024-07
ORD-100968,2023-10-10,2023-10-10,11367,user875@example.com,North,Canada,39613,Wholesale,Beverages,36,18.85,689.98,9.85,218.55,2,5.0,USD,,2023-10
ORD-103759,2024-05-26,2024-05-27,12087,user548@example.com,North,Canada,95966,Online,Household,16,21.05,454.43,8.32,149.15,10,3.7,USD,Customer requested split delivery across two addresses.,2024-05
ORD-103167,2023-11-19,2023-11-23,10887,user208@example.com,East,Canada,49577,Online,Dairy,26,15.67,401.23,1.81,142.33,11,3.5,USD,"Standard order, no special handling requested by the buyer.",2023-11
ORD-100875,2023-03-22,2023-03-22,11820,user2989@example.com,North,Canada,72202,Partner,Frozen,8,13.16,118.07,4.72,38.84,1,3.2,USD,"Standard order, no special handling requested by the buyer.",2023-03
ORD-103271,2024-01-05,2024-01-12,10273,user22@example.com,West,United States,47370,Partner,Household,29,29.92,797.69,0.95,275.61,10,3.8,USD,,2024-01
ORD-102311,2024-08-08,2024-08-08,12404,user2873@example.com,North,United States,10738,Online,Bakery,4,15.48,61.83,8.86,22.44,6,4.1,USD,"Standard order, no special handling requested by the buyer.",2024-08
ORD-103232,2023-07-21,2023-07-30,11847,user1606@example.com,North,United States,91545,Online,Produce,19,30.08,618.86,6.77,199.85,13,2.8,USD,,2023-07
ORD-100824,2023-07-05,2023-07-09,12469,user209@example.com,West,United States,87568,Retail,Bakery,7,19.91,137.27,3.56,50.49,8,4.7,USD,Escalated to the regional service desk for a damaged pallet.,2023-07
ORD-103072,2023-10-22,2023-10-29,11585,user2176@example.com,North,United States,19228,Wholesale,Snacks,15,7.75,120.3,6.15,34.04,3,3.9,USD,Escalated to the regional service desk for a damaged pallet.,2023-10
ORD-102847,2024-03-19,2024-03-24,11408,user2396@example.com,North,United States,10889,Online,Household,33,17.22,834.47,17.1,248.1,8,4.1,USD,Escalated to the regional service desk for a damaged pallet.,2024-03
ORD-103103,2024-11-27,2024-11-30,10409,user1991@example.com,North,United States,10937,Retail,Frozen,5,12.16,52.62,3.54,,5,3.8,USD,Customer requested split delivery across two addresses.,2024-11
ORD-100023,2024-08-29,2024-09-01,10802,user159@example.com,North,Mexico,17165,Wholesale,Frozen,5,17.23,91.46,4.54,31.32,13,4.3,USD,Escalated to the regional service desk for a damaged pallet.,2024-08
ORD-100656,2024-07-22,2024-07-30,11037,user1199@example.com,East,United States,21900,Online,Produce,13,24.18,337.38,5.3,111.39,3,3.9,USD,Customer requested split delivery across two addresses.,2024-07
ORD-102675,2023-05-08,2023-05-11,10569,user150@example.com,South,United States,38289,Online,Frozen,23,28.01,913.46,3.84,293.82,5,4.0,USD,Escalated to the regional service desk for a damaged pallet.,2023-05
ORD-102919,2024-05-21,2024-05-28,11333,user2796@example.com,West,United States,22183,Online,Dairy,6,16.67,136.97,8.43,50.12,3,3.9,USD,Escalated to the regional service desk for a damaged pallet.,2024-05
ORD-100374,2024-07-14,2024-07-25,11777,user2151@example.com,East,United States,13725,Retail,Frozen,20,26.44,498.35,8.88,162.32,6,3.0,USD,"Standard order, no special handling requested by the buyer.",2024-07
ORD-102281,2024-09-01,2024-09-01,11258,user1526@example.com,West,United States,31305,Online,Household,7,34.8,224.21,3.64,75.62,5,4.2,USD,Customer requested split delivery across two addresses.,2024-09
ORD-102322,2023-08-21,2023-08-24,11910,user175@example.com,North,United States,88858,Retail,Beverages,39,10.47,330.35,3.61,105.92,5,4.0,USD,Escalated to the regional service desk for a damaged pallet.,2023-08
ORD-101327,2024-08-02,2024-08-08,11308,user2624@example.com,East,United States,99361,Online,Household,7,22.2,159.04,5.86,48.6,1,3.9,USD,"Standard order, no special handling requested by the buyer.",2024-08
ORD-102024,2023-04-01,2023-04-11,12420,user2343@example.com,West,United States,69634,Wholesale,Bakery,17,18.14,520.39,1.82,177.75,4,3.5,USD,"Standard order, no special handling requested by the buyer.",2023-04
ORD-103207,2024-09-24,2024-09-28,11901,user607@example.com,North,Mexico,39321,Online,Household,17,66.45,1001.37,4.66,332.7,1,5.0,USD,Escalated to the regional service desk for a damaged pallet.,2024-09
ORD-103713,2024-04-21,2024-04-21,11364,user140@example.com,South,United States,58637,Online,Bakery,5,32.42,236.08,0.0,77.59,11,2.1,USD,,2024-04
ORD-100858,2023-05-01,2023-05-05,11751,user1317@example.com,West,Canada,13630,Online,Household,30,8.4,362.16,7.75,120.23,12,5.0,USD,,2023-05
ORD-103549,2024-08-16,2024-08-19,11837,user156@example.com,North,United States,32926,Wholesale,Snacks,10,22.74,251.91,10.79,81.14,8,4.8,USD,,2024-08
ORD-101111,2023-06-03,2023-06-12,11630,user2338@example.com,North,United States,74141,Online,Bakery,13,16.4,281.21,5.3,95.93,5,4.1,USD,,2023-06
ORD-103584,2023-11-09,2023-11-10,10533,user1875@example.com,East,Canada,65162,Retail,Dairy,14,27.09,305.28,10.06,92.32,13,3.5,USD,"Standard order, no special handling requested by the buyer.",2023-11
ORD-102405,2023-12-29,2024-01-09,10056,user2197@example.com,South,Mexico,88096,Online,Dairy,9,11.34,119.39,5.26,37.51,10,3.5,USD,,2023-12
ORD-100745,2023-05-11,2023-05-12,10136,user766@example.com,East,Canada,26455,Partner,Produce,7,14.92,112.21,2.59,36.1,10,4.8,USD,Customer requested split delivery across two addresses.,2023-05
ORD-102354,2023-11-23,2023-11-27,10604,user230@example.com,South,United States,18419,Partner,Produce,29,43.64,965.74,9.74,307.07,13,3.6,USD,Escalated to the regional service desk for a damaged pallet.,2023-11
ORD-100483,2023-04-30,2023-05-07,10715,user2519@example.com,South,United States,12636,Partner,Snacks,31,17.69,602.13,7.85,198.76,7,5.0,USD,,2023-04
ORD-103705,2024-07-11,2024-07-22,12186,user1322@example.com,North,United States,81138,Online,Dairy,17,45.8,877.46,10.13,275.04,6,4.1,USD,,2024-07
ORD-103463,2024-02-02,2024-02-06,10017,user143@example.com,North,United States,47911,Online,Produce,23,11.55,355.63,14.97,106.37,10,4.2,USD,Customer requested split delivery across two addresses.,2024-02
ORD-103777,2024-04-13,2024-04-24,10514,user1780@example.com,North,United States,94324,Retail,Household,8,21.01,209.09,8.47,56.57,10,4.2,USD,"Standard order, no special handling requested by the buyer.",2024-04
ORD-102747,2024-10-14,2024-10-24,10445,user749@example.com,South,United States,54412,Retail,Bakery,39,17.1,505.17,0.0,175.93,6,3.7,USD,"Standard order, no special handling requested by the buyer.",2024-10
ORD-102895,2023-05-26,2023-05-31,11182,user554@example.com,South,Canada,67325,Retail,Frozen,23,46.37,1223.23,7.15,401.47,4,4.0,USD,Customer requested split delivery across two addresses.,2023-05
ORD-102159,2024-11-25,2024-12-03,11504,user1841@example.com,north ,United States,89280,Online,Frozen,18,57.26,1043.9,5.89,343.59,9,4.8,USD,Customer requested split delivery across two addresses.,2024-11
ORD-103556,2023-08-06,2023-08-07,11461,user518@example.com,North,United States,82089,Online,Produce,22,43.86,975.28,12.29,313.63,3,3.7,USD,Escalated to the regional service desk for a damaged pallet.,2023-08
ORD-100198,2023-03-17,2023-03-20,10941,user2922@example.com,South,United States,45622,Online,Beverages,27,6.82,269.75,13.81,78.84,11,4.4,USD,Escalated to the regional service desk for a damaged pallet.,2023-03
ORD-103721,2023-11-29,2023-11-29,10810,user2349@example.com,North,United States,25398,Wholesale,Beverages,9,41.79,441.31,0.0,148.67,2,3.7,USD,Customer requested split delivery across two addresses.,2023-11
ORD-100559,2024-07-23,2024-08-02,11273,user17@example.com,North,Canada,97629,Wholesale,Beverages,-17,11.03,229.24,11.99,73.59,1,4.1,USD,Customer requested split delivery across two addresses.,2024-07
ORD-103605,2023-05-05,2023-05-10,12238,user996@example.com,South,United States,28368,Partner,Beverages,9,12.67,124.07,0.0,41.26,2,4.0,USD,,2023-05
ORD-101073,2023-04-05,2023-04-12,11383,user90@example.com,SOUTH,United States,34825,Online,Household,1,16.7,24.62,13.37,8.03,3,3.6,USD,,2023-04
ORD-101061,2024-11-15,2024-11-18,11519,user164@example.com,North,United States,20898,Retail,Beverages,2,94.5,155.95,4.29,39.83,7,4.2,USD,Customer requested split delivery across two addresses.,2024-11
ORD-101783,2023-04-09,2023-04-11,12100,user2036@example.com,East,United States,69736,Online,Household,2,14.48,42.64,10.59,,6,4.7,USD,Escalated to the regional service desk for a damaged pallet.,2023-04
ORD-102438,2024-11-12,2024-11-20,11347,user496@example.com,South,Canada,36071,Online,Snacks,29,36.08,1007.66,10.1,321.55,12,4.6,USD,"Standard order, no special handling requested by the buyer.",2024-11
ORD-103746,2024-06-22,2024-06-24,12447,user2694@example.com,SOUTH,United States,88937,Online,Bakery,2,21.11,51.64,11.19,14.54,8,2.7,USD,"Standard order, no special handling requested by the buyer.",2024-06
ORD-103346,2023-07-31,2023-08-01,10234,user2784@example.com,North,United States,82477,Online,Beverages,31,26.61,855.06,6.96,270.09,5,3.3,USD,Customer requested split delivery across two addresses.,2023-07
ORD-103302,2024-05-24,2024-06-01,10436,user337@example.com,East,United States,34224,Online,Bakery,3,17.55,71.47,3.51,26.57,11,2.8,USD,Customer requested split delivery across two addresses.,2024-05
ORD-102857,2024-10-21,2024-10-28,11765,user2681@example.com,North,Canada,67039,Online,Frozen,2,16.61,30.05,4.42,3.37,13,3.4,USD,,2024-10
ORD-102693,2024-03-19,2024-03-25,11093,user823@example.com,South,United States,50248,Wholesale,Snacks,21,34.89,1230.94,2.94,,11,4.2,USD,Customer requested split delivery across two addresses.,2024-03
ORD-103041,2023-10-20,2023-10-31,11956,user387@example.com,north ,United States,33100,Online,Snacks,33,8.12,241.45,13.86,74.03,2,3.5,USD,Escalated to the regional service desk for a damaged pallet.,2023-10
ORD-103466,2024-01-12,2024-01-17,10550,user190@example.com,West,United States,73528,Wholesale,Dairy,12,17.25,293.78,12.98,84.89,1,4.6,USD,Customer requested split delivery across two addresses.,2024-01
ORD-103201,2024-10-08,2024-10-14,12470,user2387@example.com,South,United States, 90210 ,Online,Frozen,6,19.28,102.72,5.63,38.21,11,4.6,USD,,2024-10
ORD-101624,2024-03-16,2024-03-25,11063,user177@example.com,North,United States,64792,Partner,Household,17,12.54,238.18,5.23,69.44,6,4.2,USD,,2024-03
ORD-100337,2023-06-05,2023-06-09,11002,user2368@example.com,West,United States,15781,Online,Produce,3,40.53,159.28,15.12,42.19,6,4.1,USD,Customer requested split delivery across two addresses.,2023-06
ORD-102816,2024-03-04,2024-03-11,11105,user2839@example.com,North,United States,21661,Partner,Beverages,6,25.42,167.88,9.22,54.84,2,3.9,USD,,2024-03
ORD-101415,2024-04-17,2024-04-26,12239,user2264@example.com,West,United States,22652,Online,Produce,32,24.49,1146.38,12.08,354.91,5,3.7,USD,Escalated to the regional service desk for a damaged pallet.,2024-04
ORD-100904,2024-06-05,2024-06-15,12309,user768@example.com,South,United States,73075,Retail,Household,33,19.36,706.76,6.78,235.0,10,4.0,USD,"Standard order, no special handling requested by the buyer.",2024-06
ORD-103002,2024-04-24,2024-05-01,11641,user310@example.com,North,United States,51075,Partner,Produce,-6,12.41,82.39,9.51,23.34,11,4.2,USD,Customer requested split delivery across two addresses.,2024-04
ORD-103730,2024-11-29,2024-12-01,12019,user2900@example.com,North,United States,20358,Online,Frozen,23,40.17,951.57,8.46,298.77,10,3.9,USD,Customer requested split delivery across two addresses.,2024-11
ORD-102055,2024-01-12,2024-01-19,10441,user2603@example.com,East,Canada,99073,Online,Bakery,20,10.52,261.0,8.49,74.76,13,4.0,USD,"Standard order, no special handling requested by the buyer.",2024-01
ORD-100084,2023-03-16,2023-03-23,12095,user2269@example.com,East,United States,44389,Wholesale,Produce,6,13.15,132.11,9.94,42.82,5,5.0,USD,Customer requested split delivery across two addresses.,2023-03
ORD-101365,2024-02-26,2024-02-27,11404,user179@example.com,West,United States,63870,Online,Produce,22,18.28,573.16,9.2,180.54,12,3.7,USD,"Standard order, no special handling requested by the buyer.",2024-02
ORD-100131,2023-09-26,2023-09-28,10057,user161@example.com,North,United States,84579,Partner,Snacks,28,12.76,241.43,6.61,74.09,11,5.0,USD,"Standard order, no special handling requested by the buyer.",2023-09
ORD-101331,2024-11-01,2024-11-12,11071,user21@example.com,North,Canada,80377,Partner,Produce,6,38.32,162.97,5.89,45.45,0,3.9,USD,,2024-11
ORD-102951,2023-02-23,2023-02-28,11992,user1865@example.com,West,United States,63138,Partner,Household,5,20.35,109.92,17.23,40.23,10,3.6,USD,"Standard order, no special handling requested by the buyer.",2023-02
ORD-101792,2023-08-05,2023-08-10,10380,user2969@example.com,North,United States,89062,Online,Dairy,34,20.51,707.75,6.49,222.53,6,4.8,USD,"Standard order, no special handling requested by the buyer.",2023-08
ORD-101873,2024-10-04,2024-10-12,10302,user2343@example.com,West,United States,23182,Online,Household,24,11.49,244.27,12.33,76.89,3,3.6,USD,Escalated to the regional service desk for a damaged pallet.,2024-10
ORD-102142,2023-02-26,2023-03-04,12366,user1970@example.com,South,United States,25569,Online,Beverages,26,30.06,1113.88,8.27,362.36,3,3.2,USD,Customer requested split delivery across two addresses.,2023-02
ORD-102389,2023-02-20,2023-02-27,11667,user2361@example.com,North,Canada,73579,Wholesale,Produce,25,20.03,806.05,4.53,265.47,12,2.8,USD,,2023-02
ORD-102936,2024-08-10,2024-08-21,11238,user1241@example.com,North,United States,10384,Retail,Produce,14,15.59,183.23,12.0,55.33,9,3.7,USD,Customer requested split delivery across two addresses.,2024-08
ORD-101014,2024-06-26,2024-07-01,10373,user90@example.com,South,Canada,99876,Wholesale,Household,32,23.36,1028.68,17.47,297.72,7,3.5,USD,Customer requested split delivery across two addresses.,2024-06
ORD-102987,2023-07-22,2023-07-25,11290,user2844@example.com,South,United States,63605,Online,Produce,20,37.15,800.99,13.54,246.39,1,3.8,USD,Escalated to the regional service desk for a damaged pallet.,2023-07
ORD-100816,2024-06-12,2024-06-22,12423,user2629@example.com,North,United States,94977,Partner,Dairy,28,35.4,961.91,8.86,306.24,9,3.9,USD,Escalated to the regional service desk for a damaged pallet.,2024-06
ORD-101983,2024-08-22,2024-08-25,12133,user1321@example.com,North,United States,43360,Online,Produce,28,22.09,586.5,2.19,198.46,13,4.8,USD,Escalated to the regional service desk for a damaged pallet.,2024-08
ORD-102977,2024-04-29,2024-05-07,12175,user649@example.com,SOUTH,United States,56525,Online,Dairy,6,21.59,186.49,11.07,51.62,2,4.4,USD,Escalated to the regional service desk for a damaged pallet.,2024-04
ORD-101644,2024-11-10,2024-11-12,10055,user1063@example.com,North,United States,29316,Online,Snacks,18,23.82,410.02,6.45,126.79,8,4.8,USD,Escalated to the regional service desk for a damaged pallet.,2024-11
ORD-101877,2024-02-20,2024-02-27,11544,user1390@example.com,North,United States,62550,Wholesale,Snacks,31,13.98,697.6,18.86,206.47,5,4.6,USD,"Standard order, no special handling requested by the buyer.",2024-02
ORD-101928,2024-05-23,2024-05-26,10432,user1392@example.com,East,United States,58647,Wholesale,Household,8,18.45,229.91,9.96,73.79,8,4.5,USD,,2024-05
ORD-103252,2023-08-03,2023-08-07,10314,user600@example.com,West,United States,58208,Online,Dairy,4,27.43,112.29,10.65,35.05,2,4.6,USD,"Standard order, no special handling requested by the buyer.",2023-08
ORD-100204,2024-03-23,2024-04-03,10482,user376@example.com,East,Canada,87048,Online,Household,38,22.2,1241.8,7.48,400.14,8,2.9,USD,Escalated to the regional service desk for a damaged pallet.,2024-03
ORD-101438,2023-02-14,2023-02-23,10389,user2881@example.com,North,Mexico,45695,Online,Beverages,39,30.74,1662.03,4.41,552.13,7,4.7,USD,"Standard order, no special handling requested by the buyer.",2023-02
ORD-100486,2023-07-30,2023-08-01,10451,user2426@example.com,North,Canada,57122,Retail,Household,20,38.13,672.77,13.28,201.63,1,4.3,USD,,2023-07
ORD-102126,2024-09-24,2024-10-04,11728,user1980@example.com,South,Canada,21239,Online,Dairy,36,35.32,1127.13,7.75,353.13,5,5.0,USD,Escalated to the regional service desk for a damaged pallet.,2024-09
ORD-100089,2024-05-15,2024-05-19,10336,user1181@example.com,South,United States,83330,Retail,Bakery,15,38.84,687.13,0.0,,7,2.9,USD,Customer requested split delivery across two addresses.,2024-05
ORD-102045,2024-03-07,2024-03-17,10872,user978@example.com,East,Canada,64186,Partner,Snacks,1,56.82,62.82,3.64,17.94,12,3.0,USD,Customer requested split delivery across two addresses.,2024-03
ORD-100004,2024-09-16,2024-09-21,12076,user2494@example.com,North,United States,88498,Retail,Snacks,14,7.75,82.13,3.69,25.24,9,4.4,USD,,2024-09
ORD-100062,2023-11-13,2023-11-19,11938,user772@example.com,West,United States,49438,Partner,Produce,27,19.15,379.79,7.88,116.16,6,4.2,USD,Escalated to the regional service desk for a damaged pallet.,2023-11
ORD-100587,2023-06-06,2023-06-11,11694,user2233@example.com,South,United States,92683,Online,Produce,28,36.53,1335.19,8.01,437.55,11,4.6,USD,Customer requested split delivery across two addresses.,2023-06
ORD-100813,2024-11-22,2024-12-01,10934,user2734@example.com,South,United States,75663,Online,Frozen,24,9.62,231.0,12.45,72.4,12,3.7,USD,,2024-11
ORD-100219,2024-01-08,2024-01-13,12231,user2784@example.com,North,Canada,39552,Online,Dairy,8,11.13,108.67,5.74,35.38,8,4.3,USD,Escalated to the regional service desk for a damaged pallet.,2024-01
ORD-100149,2023-10-23,2023-11-03,11792,user1295@example.com,West,Mexico,24526,Partner,Produce,4,48.18,133.23,3.12,42.76,3,3.7,USD,Escalated to the regional service desk for a damaged pallet.,2023-10
ORD-101176,2024-07-02,2024-07-06,10727,user154@example.com,West,United States,58204,Wholesale,Beverages,29,12.94,503.33,0.92,170.63,12,3.8,USD,Escalated to the regional service desk for a damaged pallet.,2024-07
ORD-100837,2024-11-09,2024-11-12,10280,user1048@example.com,North,United States,22763,Partner,Beverages,1,15.51,11.27,2.83,6.33,1,3.3,USD,Escalated to the regional service desk for a damaged pallet.,2024-11
ORD-102355,2024-06-06,2024-06-14,11607,user2706@example.com,north ,United States,42556,Online,Snacks,32,19.77,822.91,11.14,261.59,10,5.0,USD,Customer requested split delivery across two addresses.,2024-06
ORD-103300,2024-11-05,2024-11-15,12307,user2723@example.com,North,United States,38070,Online,Produce,27,9.08,230.6,12.63,73.95,9,3.7,USD,Customer requested split delivery across two addresses.,2024-11
ORD-101337,2024-01-25,2024-01-30,11360,user876@example.com,North,United States,56908,Online,Dairy,9,38.02,445.89,2.38,147.74,13,3.7,USD,Customer requested split delivery across two addresses.,2024-01
ORD-101227,2023-09-14,2023-09-18,12020,user2587@example.com,SOUTH,Mexico,68462,Retail,Bakery,38,48.27,1394.63,12.92,433.91,13,4.2,USD,"Standard order, no special handling requested by the buyer.",2023-09
ORD-102918,2024-11-12,2024-11-23,11957,user2030@example.com,north ,United States,79390,Online,Produce,16,28.2,434.53,7.08,134.04,9,3.2,USD,,2024-11
ORD-100301,2023-02-02,2023-02-12,10739,user2268@example.com,South,United States,22237,Retail,Bakery,34,10.16,391.9,10.52,128.93,1,4.7,USD,"Standard order, no special handling requested by the buyer.",2023-02
ORD-101540,2024-09-29,2024-09-29,11887,user1269@example.com,North,United States,33880,Online,Produce,12,27.31,290.04,10.27,93.81,6,4.3,USD,Escalated to the regional service desk for a damaged pallet.,2024-09
ORD-101071,2023-03-09,2023-03-12,12226,user2989@example.com,East,United States,31564,Retail,Frozen,5,37.07,228.03,19.22,65.99,12,3.9,USD,Customer requested split delivery across two addresses.,2023-03
ORD-102555,2023-04-12,2023-04-16,11869,user1802@example.com,East,United States,48933,Online,Frozen,28,26.85,1105.12,8.99,347.63,11,2.4,USD,Customer requested split delivery across two addresses.,2023-04
ORD-101153,2023-09-09,2023-09-20,11893,user2533@example.com,East,Canada,19610,Online,Beverages,20,21.88,396.22,5.39,133.68,11,5.0,USD,Customer requested split delivery across two addresses.,2023-09
ORD-102845,2024-09-28,2024-09-29,12298,user1393@example.com,South,United States,26233,Online,Produce,39,18.01,621.71,11.74,188.83,10,3.9,USD,,2024-09
ORD-102523,2023-11-04,2023-11-09,10500,user1297@example.com,North,Canada,42816,Partner,Dairy,13,11.7,108.45,13.34,24.93,12,4.2,USD,"Standard order, no special handling requested by the buyer.",2023-11
ORD-103472,2024-05-06,2024-05-14,10549,user2465@example.com,South,United States,80118,Online,Beverages,5,11.18,79.43,1.02,25.92,5,4.5,USD,"Standard order, no special handling requested by the buyer.",2024-05
ORD-100323,2023-11-27,2023-12-08,11380,user2217@example.com,East,United States,94449,Retail,Dairy,15,12.98,167.81,13.03,40.4,2,3.6,USD,"Standard order, no special handling requested by the buyer.",2023-11
ORD-101453,2024-10-10,2024-10-15,10516,user2325@example.com,North,United States,32827,Online,Frozen,34,26.38,797.88,10.87,253.3,7,4.1,USD,,2024-10
ORD-103904,2023-07-21,2023-07-24,12036,user766@example.com,North,United States,51302,Online,Snacks,22,13.37,318.5,9.79,99.3,12,4.0,USD,"Standard order, no special handling requested by the buyer.",2023-07
ORD-101095,2023-07-08,2023-07-19,11452,user2519@example.com,South,United States,47635,Retail,Produce,14,24.65,335.47,17.11,99.81,5,4.6,USD,Customer requested split delivery across two addresses.,2023-07
ORD-103003,2023-06-29,2023-07-03,10415,user1328@example.com,North,United States,78554,Retail,Household,27,53.16,1450.76,9.29,460.53,11,4.1,USD,"Standard order, no special handling requested by the buyer.",2023-06
ORD-100692,2024-07-21,2024-07-28,12110,user684@example.com,East,United States,76887,Retail,Household,26,13.97,331.84,0.0,108.83,8,4.1,USD,Escalated to the regional service desk for a damaged pallet.,2024-07
ORD-101424,2024-01-11,2024-01-11,10308,user2721@example.com,South,Canada,20809,Partner,Frozen,25,23.24,547.51,2.22,179.84,2,4.9,USD,Escalated to the regional service desk for a damaged pallet.,2024-01
ORD-103349,2023-07-15,2023-07-22,11807,user2166@example.com,East,United States,48968,Partner,Bakery,29,25.89,636.82,10.97,197.53,4,5.0,USD,Escalated to the regional service desk for a damaged pallet.,2023-07
ORD-103975,2024-06-22,2024-07-01,11579,user2146@example.com,South,Canada,61334,Partner,Dairy,36,27.42,920.79,5.42,293.4,9,3.5,USD,"Standard order, no special handling requested by the buyer.",2024-06
ORD-101837,2023-10-24,2023-10-26,11745,user2316@example.com,North,Canada,98576,Retail,Snacks,25,8.54,164.34,13.13,52.02,1,5.0,USD,"Standard order, no special handling requested by the buyer.",2023-10
ORD-103203,2024-01-10,2024-01-20,11399,user1682@example.com,South,United States,10033,Online,Beverages,19,11.07,258.82,4.46,83.73,13,4.1,USD,Customer requested split delivery across two addresses.,2024-01
ORD-101738,2023-05-24,2023-06-02,11528,user1623@example.com,East,United States,34112,Online,Beverages,25,34.45,1172.6,9.55,,8,4.3,USD,"Standard order, no special handling requested by the buyer.",2023-05
ORD-103040,2024-03-22,2024-03-30,11925,user1999@example.com,West,United States,14842,Retail,Household,25,56.99,1776.43,6.88,565.36,4,5.0,USD,"Standard order, no special handling requested by the buyer.",2024-03
ORD-103954,2024-10-14,2024-10-21,11018,user759@example.com,North,Canada,69656,Partner,Bakery,1,27.23,18.56,9.23,,8,3.8,USD,"Standard order, no special handling requested by the buyer.",2024-10
ORD-100582,2023-05-06,2023-05-07,10764,user1701@example.com,North,Mexico,70746,Online,Produce,7,48.87,487.06,5.5,159.77,5,3.1,USD,"Standard order, no special handling requested by the buyer.",2023-05
ORD-102745,2024-03-21,2024-03-26,11233,user1942@example.com,West,United States,18815,Partner,Frozen,2,21.28,47.73,1.88,,10,3.2,USD,,2024-03
ORD-101625,2024-08-09,2024-08-19,11677,user2196@example.com,East,Canada,75485,Online,Household,28,6.39,177.94,1.37,57.27,10,4.5,USD,,2024-08
ORD-100639,2023-09-29,2023-10-09,10087,user1281@example.com,South,United States,67000,Retail,Produce,38,9.09,259.1,1.96,83.56,3,4.2,USD,Escalated to the regional service desk for a damaged pallet.,2023-09
ORD-100305,2024-06-26,2024-07-06,10625,user711@example.com,North,United States,56907,Online,Snacks,12,12.53,180.86,7.04,55.24,1,4.2,USD,Escalated to the regional service desk for a damaged pallet.,2024-06
ORD-100134,2024-10-16,2024-10-25,11272,user2756@example.com,East,Canada,34455,Online,Produce,20,34.1,611.39,5.69,199.13,11,4.2,USD,"Standard order, no special handling requested by the buyer.",2024-10
ORD-103158,2023-08-20,2023-08-27,10450,user1833@example.com,South,United States,62022,Partner,Bakery,28,33.92,693.94,11.85,221.25,11,,USD,Escalated to the regional service desk for a damaged pallet.,2023-08
ORD-103176,2024-04-09,2024-04-20,12303,user2964@example.com,South,United States,80475,Retail,Dairy,25,14.1,439.63,2.38,155.39,6,3.7,USD,,2024-04
ORD-102781,2024-03-02,2024-03-11,11443,user2838@example.com,West,United States,28150,Retail,Beverages,11,11.41,152.99,3.37,49.46,5,3.8,USD,Escalated to the regional service desk for a damaged pallet.,2024-03
ORD-100951,2024-02-09,2024-02-16,10791,user2870@example.com,West,United States,44652,Wholesale,Frozen,32,15.77,789.49,13.65,247.49,9,3.7,USD,Escalated to the regional service desk for a damaged pallet.,2024-02
ORD-103853,2024-08-30,2024-09-01,11617,user216@example.com,East,Mexico,78327,Online,Bakery,9,15.05,125.34,4.68,39.49,10,4.0,USD,"Standard order, no special handling requested by the buyer.",2024-08
ORD-100916,2024-02-03,2024-02-03,11332,user1871@example.com,North,United States,97525,Online,Dairy,36,31.52,1523.89,3.8,501.57,4,3.9,USD,,2024-02
ORD-102696,2023-05-16,2023-05-26,10190,user596@example.com,north ,United States,94386,Online,Dairy,28,29.73,1158.52,0.0,396.1,2,5.0,USD,,2023-05
ORD-100213,2023-04-01,2023-04-07,11176,user139@example.com,North,Canada,53148,Online,Bakery,12,18.35,324.79,10.97,99.65,3,4.7,USD,,2023-04
ORD-102952,2024-07-30,2024-08-08,11826,user2337@example.com,South,United States,23159,Partner,Bakery,17,17.85,239.9,9.17,71.62,5,4.2,USD,Customer requested split delivery across two addresses.,2024-07
ORD-101140,2024-05-05,2024-05-06,10033,user2334@example.com,West,United States,19488,Retail,Bakery,39,31.3,1472.88,12.19,454.43,8,3.2,USD,"Standard order, no special handling requested by the buyer.",2024-05
ORD-102258,2023-05-17,2023-05-22,11747,user984@example.com,West,Mexico,57811,Retail,Produce,26,19.97,610.81,9.55,195.52,6,4.9,USD,,2023-05
ORD-102034,2024-08-29,2024-09-02,11491,user1710@example.com,West,Canada,96746,Partner,Dairy,2,45.02,63.73,0.0,20.56,7,4.4,USD,Customer requested split delivery across two addresses.,2024-08
ORD-100387,2023-07-25,2023-07-29,12479,user1595@example.com,West,United States,45061,Online,Household,10,21.34,227.03,10.0,74.31,3,5.0,USD,"Standard order, no special handling requested by the buyer.",2023-07
ORD-102865,2024-05-19,2024-05-23,10844,user1030@example.com,north ,United States,29323,Partner,Household,23,35.87,866.52,15.73,262.45,8,3.4,USD,"Standard order, no special handling requested by the buyer.",2024-05
ORD-101186,2024-10-17,2024-10-18,10057,user2206@example.com,North,United States,27560,Partner,Bakery,23,17.32,272.82,6.45,89.41,10,3.3,USD,"Standard order, no special handling requested by the buyer.",2024-10
ORD-103597,2023-09-13,2023-09-17,10380,user2028@example.com,East,United States,92216,Partner,Beverages,15,30.96,318.31,5.69,102.33,11,3.1,USD,,2023-09
ORD-102822,2024-02-12,2024-02-22,10957,user464@example.com,South,Canada,97593,Partner,Bakery,4,33.48,140.85,3.89,46.29,2,4.1,USD,Customer requested split delivery across two addresses.,2024-02
ORD-102864,2024-03-02,2024-03-06,11299,user2876@example.com,SOUTH,United States,71259,Wholesale,Bakery,21,16.69,576.77,4.37,190.1,4,4.3,USD,Escalated to the regional service desk for a damaged pallet.,2024-03
ORD-101818,2023-01-24,2023-02-04,10796,user2186@example.com,South,United States,38043,Online,Snacks,8,22.7,235.8,5.37,81.98,13,3.9,USD,Customer requested split delivery across two addresses.,2023-01
ORD-100421,2023-07-31,2023-08-08,10841,user461@example.com,East,Canada,47844,Retail,Produce,38,14.11,471.0,6.59,144.37,3,5.0,USD,"Standard order, no special handling requested by the buyer.",2023-07
ORD-100987,2023-09-12,2023-09-19,11738,user1123@example.com,North,Canada,11209,Online,Beverages,16,15.17,218.5,10.88,79.23,13,3.9,USD,,2023-09
ORD-101087,2023-08-25,2023-09-03,11573,user2120@example.com,West,United States,98885,Online,Dairy,8,19.09,143.88,13.11,49.98,13,3.7,USD,"Standard order, no special handling requested by the buyer.",2023-08
ORD-101360,2023-10-03,2023-10-09,10798,user2113@example.com,South,United States,42322,Retail,Household,34,14.65,373.67,12.47,117.17,8,4.7,USD,,2023-10
ORD-103961,2023-05-13,2023-05-15,11956,user2628@example.com,South,Mexico,66720,Partner,Bakery,19,20.15,409.4,8.66,123.4,6,4.4,USD,Customer requested split delivery across two addresses.,2023-05
ORD-103006,2024-01-17,2024-01-26,11766,user178@example.com,South,United States,14579,Online,Frozen,33,15.91,664.22,9.59,200.96,3,3.4,USD,"Standard order, no special handling requested by the buyer.",2024-01
ORD-102715,2023-02-11,2023-02-18,10642,user676@example.com,North,United States,45744,Retail,Beverages,28,37.46,1222.37,12.82,,3,3.7,USD,,2023-02
ORD-100919,2023-11-10,2023-11-13,12476,user646@example.com,South,United States,11178,Wholesale,Household,2,35.2,76.76,7.36,,11,3.8,USD,Customer requested split delivery across two addresses.,2023-11
ORD-101058,2024-09-28,2024-10-08,11272,user272@example.com,SOUTH,United States,13437,Retail,Frozen,4,31.39,94.18,7.03,26.27,2,4.3,USD,,2024-09
ORD-101741,2023-03-08,2023-03-19,12027,user2106@example.com,East,United States,25824,Partner,Bakery,25,18.16,501.98,9.11,160.42,8,4.2,USD,Escalated to the regional service desk for a damaged pallet.,2023-03
ORD-103767,2024-11-29,2024-11-29,10564,user2212@example.com,West,United States,59045,Online,Frozen,5,22.27,114.68,14.01,29.23,1,4.6,USD,"Standard order, no special handling requested by the buyer.",2024-11
ORD-101356,2024-06-17,2024-06-28,11170,user1895@example.com,North,United States,15609,Wholesale,Beverages,12,29.9,512.27,4.57,174.78,5,4.5,USD,"Standard order, no special handling requested by the buyer.",2024-06
ORD-102709,2024-11-03,2024-11-07,10862,user610@example.com,North,United States,71163,Online,Household,12,46.62,522.97,12.23,159.98,6,5.0,USD,"Standard order, no special handling requested by the buyer.",2024-11
ORD-102156,2024-03-19,2024-03-26,10074,user2918@example.com,West,Mexico,48241,Partner,Snacks,21,25.73,605.18,0.0,205.05,13,4.5,USD,Customer requested split delivery across two addresses.,2024-03
ORD-103084,2023-08-01,2023-08-01,11895,user1117@example.com,North,United States,62838,Online,Produce,3,10.38,32.14,13.34,10.22,4,3.7,USD,"Standard order, no special handling requested by the buyer.",2023-08
ORD-101931,2023-05-31,2023-05-31,12391,user2612@example.com,West,Canada,15689,Online,Dairy,16,21.36,455.31,8.63,141.92,10,5.0,USD,"Standard order, no special handling requested by the buyer.",2023-05
ORD-102634,2024-10-21,2024-10-26,12389,user2891@example.com,East,United States,66169,Online,Produce,19,33.27,571.77,6.49,185.4,2,4.2,USD,,2024-10
ORD-103306,2024-11-27,2024-11-28,10212,user675@example.com,West,United States,12039,Online,Beverages,29,30.22,895.04,2.37,305.84,8,4.3,USD,Escalated to the regional service desk for a damaged pallet.,2024-11
ORD-103882,2024-05-12,2024-05-21,11025,user2365@example.com,East,United States,48168,Retail,Bakery,25,15.69,466.06,11.9,140.3,1,4.6,USD,"Standard order, no special handling requested by the buyer.",2024-05
ORD-101814,2023-02-28,2023-03-02,12134,user2698@example.com,East,Canada,81743,Online,Snacks,39,37.18,2074.54,3.91,681.59,1,3.5,USD,"Standard order, no special handling requested by the buyer.",2023-02
ORD-101660,2024-05-14,2024-05-25,10960,user1677@example.com,South,United States,67694,Retail,Dairy,9,29.63,315.31,7.92,102.43,4,4.0,USD,"Standard order, no special handling requested by the buyer.",2024-05
ORD-103135,2023-05-13,2023-05-23,10867,user1848@example.com,East,United States,14095,Online,Snacks,10,21.03,294.85,9.61,94.74,9,4.1,USD,Customer requested split delivery across two addresses.,2023-05
ORD-101831,2023-01-22,2023-02-02,11020,user1504@example.com,East,Canada,88175,Retail,Dairy,38,19.04,790.4,7.27,248.69,10,3.8,USD,Escalated to the regional service desk for a damaged pallet.,2023-01
ORD-102085,2023-08-14,2023-08-24,10609,user536@example.com,South,Mexico,41028,Retail,Produce,20,21.69,359.97,10.99,110.83,9,4.7,USD,,2023-08
ORD-103803,2023-03-17,2023-03-28,10437,user811@example.com,South,United States,95793,Retail,Bakery,22,11.02,300.97,7.41,97.72,13,3.3,USD,Customer requested split delivery across two addresses.,2023-03
ORD-103510,2024-07-30,2024-08-04,12179,user1508@example.com,West,United States,30994,Retail,Beverages,10,33.3,292.52,21.6,81.97,9,3.9,USD,,2024-07
ORD-101122,2024-01-28,2024-02-03,11175,user936@example.com,North,United States,25832,Retail,Produce,19,27.78,588.99,10.41,,9,,USD,Escalated to the regional service desk for a damaged pallet.,2024-01
ORD-102027,2023-02-22,2023-02-27,10626,user2115@example.com,South,Canada,14948,Retail,Beverages,11,27.55,362.97,10.79,115.52,9,,USD,"Standard order, no special handling requested by the buyer.",2023-02
ORD-101181,2024-10-22,2024-10-23,10971,user988@example.com,East,United States,89771,Online,Frozen,19,42.43,730.69,7.63,228.56,6,5.0,USD,,2024-10
ORD-101518,2023-02-11,2023-02-15,10623,user1535@example.com,East,United States,73475,Retail,Dairy,27,20.03,630.26,6.46,198.74,3,3.1,USD,Customer requested split delivery across two addresses.,2023-02
ORD-101098,2024-11-06,2024-11-08,10056,user2197@example.com,North,United States,20655,Online,Dairy,2,14.6,27.55,13.96,15.11,2,4.5,USD,"Standard order, no special handling requested by the buyer.",2024-11
ORD-101289,2023-09-06,2023-09-13,11845,user1586@example.com,North,United States,62091,Online,Frozen,36,30.69,1006.92,9.38,319.45,12,,USD,,2023-09
ORD-100878,2024-04-22,2024-05-01,11809,user2972@example.com,North,United States,55966,Wholesale,Beverages,13,21.75,470.53,14.01,137.78,9,4.4,USD,,2024-04
ORD-103379,2023-10-11,2023-10-22,11724,user191@example.com,East,United States,57930,Wholesale,Beverages,1,20.05,20.41,6.09,0.68,8,4.6,USD,,2023-10
ORD-103743,2023-02-13,2023-02-16,10285,user2125@example.com,North,Canada,74688,Retail,Produce,12,51.69,726.82,5.28,233.62,12,4.7,USD,Customer requested split delivery across two addresses.,2023-02
ORD-102059,2024-05-17,2024-05-28,11035,user1421@example.com,North,United States,26815,Partner,Bakery,2,15.24,32.19,8.67,15.47,8,4.3,USD,,2024-05
ORD-101379,2023-03-29,2023-04-02,11234,user1536@example.com,South,Mexico,10764,Retail,Frozen,21,43.95,1153.33,2.15,387.27,5,4.0,USD,,2023-03
ORD-103994,2024-07-22,2024-07-26,11028,user129@example.com,North,United States,77514,Partner,Beverages,29,38.93,924.19,0.0,315.6,4,3.7,USD,Customer requested split delivery across two addresses.,2024-07
ORD-101448,2024-08-17,2024-08-27,12288,user2143@example.com,North,United States,18611,Retail,Frozen,13,20.28,215.55,0.77,76.65,2,5.0,USD,Escalated to the regional service desk for a damaged pallet.,2024-08
ORD-103859,2023-04-05,2023-04-14,11984,user1238@example.com,North,United States,89936,Wholesale,Snacks,37,25.22,1574.02,10.61,488.18,7,4.2,USD,Customer requested split delivery across two addresses.,2023-04
ORD-102378,2024-11-18,2024-11-22,10811,user636@example.com,West,United States,96589,Retail,Dairy,32,14.67,391.79,1.51,136.25,7,4.1,USD,"Standard order, no special handling requested by the buyer.",2024-11
ORD-103316,2024-04-10,2024-04-16,10298,user1316@example.com,West,United States,31233,Online,Produce,23,15.88,537.21,6.64,164.63,3,5.0,USD,Escalated to the regional service desk for a damaged pallet.,2024-04
ORD-102962,2023-05-24,2023-05-26,10372,user2200@example.com,North,United States,22757,Wholesale,Produce,23,29.65,1062.25,10.78,335.73,11,2.8,USD,"Standard order, no special handling requested by the buyer.",2023-05
ORD-100703,2024-02-15,2024-02-24,11865,user790@example.com,West,United States,65213,Wholesale,Dairy,39,43.95,2725.66,2.97,908.75,7,3.3,USD,,2024-02
ORD-100305,2024-06-26,2024-07-06,10625,user711@example.com,North,United States,56907,Online,Snacks,12,12.53,180.86,7.04,55.24,1,4.2,USD,Escalated to the regional service desk for a damaged pallet.,2024-06
ORD-103525,2024-04-24,2024-04-25,11138,user1750@example.com,South,United States,10487,Online,Bakery,15,30.44,662.38,1.57,221.5,10,2.7,USD,Escalated to the regional service desk for a damaged pallet.,2024-04
ORD-100596,2024-06-21,2024-06-27,11358,user1244@example.com,East,United States,67355,Retail,Produce,26,12.75,344.99,10.17,111.0,2,5.0,USD,"Standard order, no special handling requested by the buyer.",2024-06
ORD-101664,2023-04-24,2023-05-04,11238,user1987@example.com,West,United States,91475,Wholesale,Dairy,35,41.42,2409.33,9.62,767.06,11,3.5,USD,Escalated to the regional service desk for a damaged pallet.,2023-04
ORD-101930,2023-07-09,2023-07-13,11994,user1141@example.com,North,Mexico,76026,Online,Snacks,1,22.52,25.72,5.59,11.66,12,3.9,USD,"Standard order, no special handling requested by the buyer.",2023-07
ORD-100380,2024-06-24,2024-07-05,10349,user1496@example.com,South,United States,94721,Wholesale,Frozen,5,10.73,74.45,6.36,22.98,10,4.2,USD,Customer requested split delivery across two addresses.,2024-06
ORD-101192,2023-08-07,2023-08-18,10964,user1327@example.com,North,Canada,16744,Online,Household,13,25.63,335.39,6.11,105.88,10,5.0,USD,Escalated to the regional service desk for a damaged pallet.,2023-08
ORD-101918,2023-12-27,2024-01-03,12270,user1961@example.com,West,Mexico,74746,Online,Beverages,6,25.52,177.57,7.32,55.91,13,4.4,USD,Customer requested split delivery across two addresses.,2023-12
ORD-100638,2023-07-18,2023-07-21,10150,user27@example.com,West,Canada,99577,Wholesale,Household,10,38.77,486.73,14.41,146.39,12,3.5,USD,"Standard order, no special handling requested by the buyer.",2023-07
ORD-100809,2024-09-03,2024-09-11,10078,user1855@example.com,North,United States,92126,Partner,Household,33,12.67,292.02,8.56,94.42,3,3.6,USD,,2024-09
ORD-102701,2024-08-22,2024-08-31,11432,user2229@example.com,East,Canada,48670,Online,Dairy,18,14.39,245.61,0.0,77.96,3,3.5,USD,,2024-08
ORD-103729,2023-09-18,2023-09-24,10390,user2352@example.com,North,United States,77467,Wholesale,Beverages,30,44.83,1372.6,4.77,448.08,13,4.0,USD,Escalated to the regional service desk for a damaged pallet.,2023-09
ORD-101038,2024-08-21,2024-08-29,10416,user2677@example.com,West,United States,71251,Retail,Beverages,30,25.32,612.45,8.3,,4,3.4,USD,Escalated to the regional service desk for a damaged pallet.,2024-08
ORD-102700,2023-07-24,2023-08-01,10581,user378@example.com,North,United States,66814,Wholesale,Bakery,5,28.37,173.41,7.13,56.74,1,3.5,USD,Escalated to the regional service desk for a damaged pallet.,2023-07
ORD-101703,2023-05-21,2023-05-23,12463,user1054@example.com,East,United States,25524,Online,Household,28,13.97,537.17,10.3,166.33,9,3.9,USD,Escalated to the regional service desk for a damaged pallet.,2023-05
ORD-100436,2024-03-04,2024-03-12,10698,user1251@example.com,North,United States,65520,Retail,Household,22,38.91,1046.91,12.58,330.11,10,4.8,USD,,2024-03
ORD-103744,2024-08-27,2024-08-30,10110,user840@example.com,South,United States,96864,Retail,Snacks,35,18.65,516.34,5.61,164.99,13,4.1,USD,Escalated to the regional service desk for a damaged pallet.,2024-08
ORD-102051,2023-01-01,2023-01-10,12296,user1206@example.com,South,United States,77964,Retail,Household,15,24.93,375.56,5.33,124.59,3,,USD,Escalated to the regional service desk for a damaged pallet.,2023-01
ORD-100884,2024-02-20,2024-03-01,10369,user1530@example.com,South,United States,92069,Online,Snacks,33,27.0,1253.62,4.92,410.71,9,3.3,USD,"Standard order, no special handling requested by the buyer.",2024-02
ORD-100846,2024-07-12,2024-07-13,11269,user1526@example.com,East,United States,84872,Online,Bakery,8,25.71,230.77,1.94,76.94,3,3.6,USD,Customer requested split delivery across two addresses.,2024-07
ORD-102464,2023-07-26,2023-08-03,11930,user2370@example.com,West,Canada,89127,Online,Household,11,13.93,162.31,7.12,52.37,3,3.8,USD,,2023-07
ORD-100961,2024-09-17,2024-09-26,10450,user2695@example.com,West,United States,61783,Wholesale,Snacks,4,12.81,52.3,1.99,15.35,5,3.5,USD,Customer requested split delivery across two addresses.,2024-09
ORD-103080,2024-01-13,2024-01-18,10646,user1991@example.com,South,United States,12616,Retail,Frozen,8,10.23,86.38,9.32,,1,4.8,USD,"Standard order, no special handling requested by the buyer.",2024-01
ORD-102826,2023-09-25,2023-10-04,11583,user432@example.com,South,United States,50739,Online,Bakery,27,24.85,594.76,11.77,186.92,3,5.0,USD,,2023-09
ORD-102697,2024-03-04,2024-03-12,11037,user2417@example.com,North,United States,77377,Wholesale,Beverages,31,13.99,716.04,3.24,231.64,1,4.8,USD,Customer requested split delivery across two addresses.,2024-03
ORD-101999,2024-10-20,2024-10-31,11034,user2328@example.com,West,Canada,58943,Partner,Beverages,39,18.18,488.18,12.04,146.18,9,3.3,USD,"Standard order, no special handling requested by the buyer.",2024-10
ORD-102455,2023-03-15,2023-03-26,10627,user1495@example.com,South,United States,33169,Partner,Dairy,28,32.55,1016.35,5.24,328.59,7,4.1,USD,Customer requested split delivery across two addresses.,2023-03
ORD-102635,2024-09-30,2024-10-11,11338,user1857@example.com,North,United States,41374,Wholesale,Snacks,6,30.01,182.31,9.46,59.07,12,4.8,USD,"Standard order, no special handling requested by the buyer.",2024-09
ORD-103467,2023-06-09,2023-06-20,10446,user342@example.com,North,Mexico,84610,Online,Produce,28,37.06,1340.08,8.74,,8,4.7,USD,Customer requested split delivery across two addresses.,2023-06
ORD-102844,2024-07-17,2024-07-21,11385,user1869@example.com,North,United States,18287,Retail,Frozen,9,16.12,134.92,4.8,45.51,7,3.9,USD,Customer requested split delivery across two addresses.,2024-07
ORD-103594,2023-08-15,2023-08-24,10225,user1820@example.com,West,United States,88593,Online,Snacks,19,24.97,462.8,5.78,148.14,6,2.2,USD,,2023-08
ORD-103064,2024-11-14,2024-11-14,10036,user1014@example.com,South,United States,16097,Retail,Frozen,21,26.76,461.98,9.99,137.44,13,4.6,USD,"Standard order, no special handling requested by the buyer.",2024-11
ORD-101868,2024-10-14,2024-10-22,10727,user477@example.com,East,United States,45859,Retail,Dairy,27,29.02,593.52,9.85,183.57,7,4.7,USD,Escalated to the regional service desk for a damaged pallet.,2024-10
ORD-101216,2024-11-24,2024-12-02,10011,user2686@example.com,SOUTH,Mexico,10699,Retail,Beverages,22,9.31,175.08,4.95,61.64,4,4.0,USD,Customer requested split delivery across two addresses.,2024-11
ORD-102197,2024-03-30,2024-03-30,10919,user198@example.com,East,Canada,70193,Partner,Bakery,12,31.15,420.51,12.48,131.27,12,,USD,Escalated to the regional service desk for a damaged pallet.,2024-03
ORD-103397,2023-02-21,2023-03-03,10835,user1566@example.com,South,United States,72988,Online,Bakery,1,28.97,40.85,9.05,6.2,3,4.1,USD,,2023-02
ORD-103661,2024-04-12,2024-04-12,10050,user2249@example.com,South,Canada,12787,Online,Beverages,21,34.83,1074.46,6.16,348.03,2,4.2,USD,Escalated to the regional service desk for a damaged pallet.,2024-04
ORD-103227,2024-06-10,2024-06-15,11327,user393@example.com,North,Canada,72432,Retail,Bakery,13,22.39,316.22,8.47,94.94,10,4.5,USD,Customer requested split delivery across two addresses.,2024-06
ORD-100299,2023-06-03,2023-06-08,10071,user2739@example.com,South,Canada,65029,Wholesale,Bakery,20,32.87,992.03,7.51,317.53,11,3.5,USD,Escalated to the regional service desk for a damaged pallet.,2023-06
ORD-103247,2023-12-10,2023-12-18,10812,user1175@example.com,East,United States,33283,Online,Produce,37,26.61,1059.07,1.12,348.28,4,3.8,USD,"Standard order, no special handling requested by the buyer.",2023-12
ORD-100887,2023-07-20,2023-07-21,10625,user193@example.com,West,Canada,17395,Online,Snacks,32,11.94,415.56,9.49,133.58,13,3.5,USD,Escalated to the regional service desk for a damaged pallet.,2023-07
ORD-103707,2023-05-04,2023-05-13,11640,user333@example.com,South,Canada,24327,Retail,Snacks,2,15.46,37.45,13.32,11.34,9,4.1,USD,,2023-05
ORD-102288,2024-05-18,2024-05-24,11966,user762@example.com,West,Canada,45035,Online,Frozen,34,25.84,1213.14,12.81,373.39,2,4.4,USD,Customer requested split delivery across two addresses.,2024-05
ORD-102247,2023-08-23,2023-08-27,10475,user20@example.com,South,United States,27931,Retail,Produce,25,18.77,377.08,8.36,113.04,8,,USD,"Standard order, no special handling requested by the buyer.",2023-08
ORD-103608,2023-10-25,2023-10-30,11387,user553@example.com,East,United States,91619,Online,Produce,34,22.63,700.43,5.03,226.6,13,5.0,USD,Customer requested split delivery across two addresses.,2023-10
ORD-102093,2023-07-10,2023-07-14,12096,user18@example.com,South,United States,39086,Retail,Household,9,15.84,137.36,3.3,34.65,13,4.0,USD,Escalated to the regional service desk for a damaged pallet.,2023-07
ORD-102447,2023-11-06,2023-11-13,11299,user2813@example.com,East,United States,23358,Online,Dairy,38,27.76,992.22,1.14,337.35,4,3.2,USD,Escalated to the regional service desk for a damaged pallet.,2023-11
ORD-103291,2024-02-22,2024-03-01,12201,user964@example.com,South,United States,13655,Partner,Frozen,37,42.39,1690.71,9.88,533.98,2,4.1,USD,Escalated to the regional service desk for a damaged pallet.,2024-02
ORD-102185,2024-02-11,2024-02-16,11120,user1560@example.com,South,United States,48874,Wholesale,Snacks,29,11.88,542.03,14.97,171.72,7,3.5,USD,Escalated to the regional service desk for a damaged pallet.,2024-02
ORD-102593,2024-10-13,2024-10-23,10612,user1561@example.com,North,United States,87744,Retail,Beverages,4,7.6,23.0,9.9,10.66,5,3.4,USD,Escalated to the regional service desk for a damaged pallet.,2024-10
ORD-103107,2023-01-10,2023-01-10,10920,user2214@example.com,West,United States,27971,Online,Dairy,28,6.77,233.26,0.0,77.86,1,4.6,USD,,2023-01
ORD-101189,2023-03-19,2023-03-24,11403,user2163@example.com,South,United States,54452,Online,Household,10,9.57,140.43,2.79,53.87,12,4.1,USD,,2023-03
ORD-101054,2023-11-22,2023-11-22,10306,user1690@example.com,North,United States,62944,Retail,Snacks,4,25.79,87.12,7.54,29.52,6,5.0,USD,Escalated to the regional service desk for a damaged pallet.,2023-11
ORD-103370,2023-08-20,2023-08-24,10408,user982@example.com,North,Mexico,24444,Online,Bakery,9,18.48,159.33,10.24,53.18,11,3.4,USD,"Standard order, no special handling requested by the buyer.",2023-08
ORD-102582,2024-10-26,2024-10-30,11188,user1742@example.com,North,Mexico,64933,Online,Snacks,26,16.42,390.46,9.29,124.32,10,3.3,USD,Escalated to the regional service desk for a damaged pallet.,2024-10
ORD-103637,2024-06-30,2024-07-11,10954,user1655@example.com,South,United States,94656,Retail,Frozen,34,12.74,434.09,18.45,124.08,12,4.2,USD,Customer requested split delivery across two addresses.,2024-06
ORD-100381,2024-03-26,2024-04-05,12274,user2535@example.com,North,United States,40244,Retail,Frozen,24,6.96,208.63,5.68,68.26,13,5.0,USD,"Standard order, no special handling requested by the buyer.",2024-03
ORD-100205,2024-03-29,2024-04-08,12304,user1894@example.com,North,United States,94139,Retail,Snacks,11,28.6,393.19,6.91,130.14,6,4.9,USD,,2024-03
ORD-103945,2024-09-15,2024-09-24,10384,user2288@example.com,SOUTH,United States,99304,Partner,Beverages,25,42.71,728.43,3.05,233.76,3,4.4,USD,Customer requested split delivery across two addresses.,2024-09
ORD-101832,2024-10-05,2024-10-14,12087,user1851@example.com,north ,Mexico,89539,Online,Frozen,18,26.89,428.94,11.2,129.75,12,4.4,USD,Customer requested split delivery across two addresses.,2024-10
ORD-103670,2024-07-22,2024-07-27,10964,user2471@example.com,North,Canada,14446,Online,Produce,16,33.5,575.29,11.02,172.41,5,3.1,USD,Escalated to the regional service desk for a damaged pallet.,2024-07
ORD-102686,2024-10-28,2024-11-08,10694,user12@example.com,North,Canada,40539,Wholesale,Dairy,1,19.08,20.07,4.07,1.44,12,3.8,USD,Customer requested split delivery across two addresses.,2024-10
ORD-101908,2023-04-18,2023-04-23,10149,user1498@example.com,North,United States,71684,Online,Snacks,10,39.73,581.18,8.13,180.27,3,4.7,USD,Escalated to the regional service desk for a damaged pallet.,2023-04
ORD-102496,2023-09-29,2023-10-05,10111,user1151@example.com,north ,Canada,59625,Retail,Household,30,19.01,427.79,2.93,140.3,6,4.8,USD,,2023-09
ORD-100510,2024-05-22,2024-05-26,12075,user1884@example.com,West,United States, 90210 ,Retail,Household,39,21.78,982.94,5.89,319.6,12,4.8,USD,"Standard order, no special handling requested by the buyer.",2024-05
ORD-102471,2024-10-08,2024-10-17,12182,user991@example.com,North,United States,19325,Retail,Household,38,20.6,589.07,14.58,177.01,1,3.8,USD,Customer requested split delivery across two addresses.,2024-10
ORD-102054,2023-04-08,2023-04-18,11862,user180@example.com,South,United States,29393,Wholesale,Produce,8,19.43,261.95,11.64,82.59,13,3.6,USD,,2023-04
ORD-101121,2023-11-13,2023-11-23,11377,user943@example.com,South,Canada,71661,Retail,Bakery,18,24.15,354.78,8.01,113.04,4,5.0,USD,Customer requested split delivery across two addresses.,2023-11
ORD-102206,2023-04-03,2023-04-13,10523,user941@example.com,East,Canada,41861,Retail,Produce,24,16.06,481.76,10.71,144.9,1,3.1,USD,Customer requested split delivery across two addresses.,2023-04
ORD-101588,2023-10-07,2023-10-15,11496,user223@example.com,North,Mexico,85127,Online,Bakery,26,32.32,745.12,6.38,245.41,11,4.8,USD,Escalated to the regional service desk for a damaged pallet.,2023-10
ORD-100032,2024-11-09,2024-11-10,12404,user451@example.com,South,United States,36012,Online,Frozen,36,19.23,659.76,7.72,210.65,8,4.8,USD,"Standard order, no special handling requested by the buyer.",2024-11
ORD-103886,2024-08-03,2024-08-13,11483,user2722@example.com,north ,Canada,99979,Online,Frozen,1,22.8,23.24,3.77,6.62,13,4.1,USD,Escalated to the regional service desk for a damaged pallet.,2024-08
ORD-102204,2024-05-28,2024-06-07,12370,user2578@example.com,north ,Mexico,12414,Online,Bakery,24,48.32,1554.95,7.22,502.03,6,4.7,USD,Customer requested split delivery across two addresses.,2024-05
ORD-102569,2024-02-17,2024-02-27,10532,user2393@example.com,North,United States,47538,Retail,Produce,13,30.43,468.32,7.14,149.49,5,4.1,USD,Customer requested split delivery across two addresses.,2024-02
ORD-102006,2024-07-30,2024-08-08,11778,user821@example.com,West,United States,92697,Online,Bakery,16,17.8,295.21,10.55,,10,3.4,USD,,2024-07
ORD-101358,2023-11-21,2023-11-24,12299,user1671@example.com,West,United States,64925,Retail,Snacks,19,17.16,274.25,7.67,96.52,10,3.6,USD,Customer requested split delivery across two addresses.,2023-11
ORD-102538,2023-01-16,2023-01-21,11850,user597@example.com,North,Mexico,71567,Retail,Frozen,25,13.45,359.11,0.0,113.06,10,3.7,USD,"Standard order, no special handling requested by the buyer.",2023-01
ORD-101598,2024-04-15,2024-04-19,11810,user1934@example.com,South,United States,87976,Online,Produce,32,27.84,1305.62,8.17,416.3,2,3.9,USD,Escalated to the regional service desk for a damaged pallet.,2024-04
ORD-101004,2023-02-07,2023-02-08,11191,user2671@example.com,South,United States,22534,Online,Beverages,27,17.13,628.78,7.26,193.51,3,3.9,USD,,2023-02
ORD-101282,2023-07-10,2023-07-14,10527,user2282@example.com,North,United States,73342,Wholesale,Frozen,27,38.37,1347.61,5.64,440.15,13,3.5,USD,Customer requested split delivery across two addresses.,2023-07
ORD-102641,2024-01-02,2024-01-03,12480,user1438@example.com,North,Canada,16998,Wholesale,Snacks,26,13.4,474.39,8.39,151.2,2,3.9,USD,Customer requested split delivery across two addresses.,2024-01
ORD-103771,2023-10-15,2023-10-26,10789,user1502@example.com,North,United States,66761,Online,Frozen,34,44.27,1345.38,14.35,404.77,12,3.8,USD,Escalated to the regional service desk for a damaged pallet.,2023-10
ORD-100259,2024-07-10,2024-07-15,11083,user418@example.com,South,United States,52862,Online,Snacks,26,23.7,697.52,6.63,221.23,7,4.5,USD,Escalated to the regional service desk for a damaged pallet.,2024-07
ORD-101047,2024-08-23,2024-09-03,11657,user2215@example.com,East,United States,47249,Retail,Dairy,29,30.35,704.96,4.7,234.36,8,3.9,USD,Escalated to the regional service desk for a damaged pallet.,2024-08
ORD-103533,2023-09-08,2023-09-15,10220,user1006@example.com,north ,Canada,99259,Wholesale,Beverages,26,27.97,754.89,12.52,229.33,3,4.5,USD,,2023-09
ORD-102670,2024-11-16,2024-11-23,10522,user1657@example.com,South,Canada,43262,Retail,Frozen,13,19.3,207.8,4.97,65.83,2,3.3,USD,Customer requested split delivery across two addresses.,2024-11
ORD-100994,2024-07-10,2024-07-20,10965,user1112@example.com,East,United States,44724,Online,Frozen,39,26.51,1170.33,12.68,357.77,7,4.3,USD,"Standard order, no special handling requested by the buyer.",2024-07
ORD-100350,2024-02-22,2024-02-22,11509,user1701@example.com,South,Mexico,65089,Retail,Beverages,33,7.61,300.79,0.0,101.68,6,4.0,USD,"Standard order, no special handling requested by the buyer.",2024-02
ORD-100406,2023-03-02,2023-03-13,12121,user1615@example.com,South,Canada,42416,Retail,Household,27,30.21,992.56,2.41,328.19,6,3.9,USD,"Standard order, no special handling requested by the buyer.",2023-03
ORD-100939,2023-03-25,2023-03-27,12308,user903@example.com,West,United States,84348,Partner,Snacks,6,25.09,169.09,1.54,60.21,1,4.3,USD,,2023-03
ORD-100545,2023-11-02,2023-11-09,10783,user2889@example.com,North,United States,91261,Retail,Household,33,31.71,824.11,0.0,278.95,12,3.4,USD,"Standard order, no special handling requested by the buyer.",2023-11
ORD-103826,2023-02-15,2023-02-24,11339,user2789@example.com,North,United States,63901,Online,Snacks,37,31.39,1614.32,15.27,487.67,1,3.2,USD,Escalated to the regional service desk for a damaged pallet.,2023-02
ORD-103566,2023-01-18,2023-01-22,10079,user1467@example.com,East,United States,82176,Online,Household,25,10.74,340.98,15.99,102.13,8,3.5,USD,,2023-01
ORD-103582,2024-01-19,2024-01-27,10400,user644@example.com,North,United States,82889,Partner,Produce,19,19.86,366.88,7.79,113.78,5,4.1,USD,Escalated to the regional service desk for a damaged pallet.,2024-01
ORD-103936,2023-07-06,2023-07-11,12308,user2327@example.com,South,United States,87736,Retail,Household,21,48.58,1000.44,7.5,318.66,7,5.0,USD,"Standard order, no special handling requested by the buyer.",2023-07
ORD-100681,2024-05-04,2024-05-14,12330,user87@example.com,South,United States,65281,Online,Snacks,22,32.58,1022.53,2.77,342.6,12,4.2,USD,Customer requested split delivery across two addresses.,2024-05
ORD-100895,2024-06-15,2024-06-26,10858,user407@example.com,North,United States,45910,Partner,Beverages,7,27.61,185.41,4.41,65.8,3,3.8,USD,"Standard order, no special handling requested by the buyer.",2024-06
ORD-101917,2024-09-14,2024-09-21,11278,user2823@example.com,West,United States,57864,Partner,Household,18,31.2,383.7,6.79,124.2,9,4.7,USD,,2024-09
ORD-100153,2031-06-15,2024-06-11,11308,user1772@example.com,North,United States,27644,Online,Frozen,1,29.12,37.47,6.07,15.26,9,4.1,USD,Customer requested split delivery across two addresses.,2031-06
ORD-100122,2023-03-12,2023-03-12,11944,user2487@example.com,South,United States,81393,Retail,Produce,26,25.49,818.46,0.0,283.0,3,2.6,USD,"Standard order, no special handling requested by the buyer.",2023-03
ORD-103898,2024-03-13,2024-03-23,11563,user2525@example.com,East,United States,24583,Online,Frozen,33,11.16,537.9,6.68,170.33,11,4.7,USD,,2024-03
ORD-102168,2023-08-18,2023-08-19,10669,user2462@example.com,South,United States,75129,Online,Frozen,31,17.63,527.28,10.82,162.52,3,3.7,USD,Customer requested split delivery across two addresses.,2023-08
ORD-103629,2023-08-23,2023-08-27,12380,user2736@example.com,North,Canada,27492,Online,Household,31,41.03,1206.09,11.42,377.41,2,3.9,USD,,2023-08
ORD-102894,2023-10-05,2023-10-07,12423,user2399@example.com,North,United States,80379,Online,Produce,11,11.87,115.66,15.97,36.43,1,3.8,USD,Escalated to the regional service desk for a damaged pallet.,2023-10
ORD-101606,2024-03-26,2024-03-29,10550,user1240@example.com,South,United States,80792,Wholesale,Household,24,19.07,771.7,11.27,238.3,12,4.1,USD,Customer requested split delivery across two addresses.,2024-03
ORD-102648,2023-01-23,2023-01-31,12246,user2373@example.com,North,United States,80794,Retail,Household,3,13.9,45.72,2.03,20.38,5,4.5,USD,,2023-01
ORD-102511,2023-08-26,2023-09-02,12000,user1878@example.com,South,United States, 90210 ,Retail,Beverages,2,34.55,54.99,12.4,14.69,8,4.2,USD,Escalated to the regional service desk for a damaged pallet.,2023-08
ORD-103576,2024-07-28,2024-08-04,11056,user2613@example.com,North,United States,48477,Wholesale,Household,17,17.08,347.31,12.92,101.28,8,3.4,USD,,2024-07
ORD-103915,2024-10-06,2024-10-14,10490,user2632@example.com,West,Canada,68888,Online,Produce,15,29.93,398.09,13.95,125.0,8,4.3,USD,Customer requested split delivery across two addresses.,2024-10
ORD-103310,2024-07-18,2024-07-23,11774,user1878@example.com,North,Canada,32886,Online,Household,-36,49.67,1953.47,13.05,601.35,13,4.5,USD,,2024-07
ORD-101841,2024-09-23,2024-09-26,11554,user2731@example.com,South,Canada,61727,Retail,Snacks,38,39.66,1132.85,22.63,322.95,3,4.8,USD,Escalated to the regional service desk for a damaged pallet.,2024-09
ORD-101166,2023-10-11,2023-10-22,10844,user771@example.com,North,United States,82635,Online,Beverages,27,43.97,1056.1,12.24,321.72,3,5.0,USD,,2023-10
ORD-101543,2024-04-28,2024-05-02,10100,user293@example.com,North,United States,23416,Partner,Produce,33,13.66,495.77,12.25,143.39,11,4.8,USD,,2024-04
ORD-103799,2023-07-01,2023-07-11,12455,user2913@example.com,North,United States,91930,Retail,Dairy,20,31.89,639.17,12.49,195.55,7,3.4,USD,Escalated to the regional service desk for a damaged pallet.,2023-07
ORD-101258,2023-05-17,2023-05-19,11808,user2961@example.com,East,United States,14515,Retail,Produce,39,19.32,886.39,0.0,305.76,11,3.2,USD,Customer requested split delivery across two addresses.,2023-05
ORD-100586,2023-07-19,2023-07-20,12147,user338@example.com,East,Canada,53975,Online,Bakery,19,13.83,287.07,8.66,86.03,4,3.9,USD,,2023-07
ORD-101904,2023-11-10,2023-11-20,10047,user269@example.com,South,United States,21645,Retail,Dairy,3,19.95,48.34,11.12,14.03,7,3.9,USD,,2023-11
ORD-101273,2023-05-03,2023-05-14,10176,user1460@example.com,West,Canada,60558,Online,Beverages,30,42.55,1827.98,18.38,,8,4.8,USD,Escalated to the regional service desk for a damaged pallet.,2023-05
ORD-101769,2024-03-23,2024-04-01,12305,user1198@example.com,West,United States,55699,Online,Household,31,41.7,1902.89,2.13,632.84,13,5.0,USD,,2024-03
ORD-100946,2024-07-08,2024-07-18,10971,user1683@example.com,West,United States,19446,Online,Household,-3,24.41,83.63,15.63,29.04,8,2.4,USD,Escalated to the regional service desk for a damaged pallet.,2024-07
ORD-103568,2024-06-18,2024-06-28,11176,user517@example.com,East,United States,88548,Online,Dairy,21,21.53,561.99,7.92,189.49,6,4.0,USD,Escalated to the regional service desk for a damaged pallet.,2024-06
ORD-103742,2024-09-25,2024-09-30,12192,user2445@example.com,West,Canada,84563,Partner,Beverages,1,33.42,22.58,9.63,3.59,4,4.8,USD,"Standard order, no special handling requested by the buyer.",2024-09
ORD-102893,2023-08-23,2023-09-02,11472,user980@example.com,East,Canada,14342,Retail,Beverages,16,28.22,362.84,12.64,112.13,7,4.1,USD,"Standard order, no special handling requested by the buyer.",2023-08
ORD-103889,2023-05-15,2023-05-16,10444,user1046@example.com,SOUTH,Canada,41576,Retail,Produce,22,12.94,336.6,7.38,105.0,1,3.2,USD,Customer requested split delivery across two addresses.,2023-05
ORD-102570,2024-08-03,2024-08-08,10752,user2471@example.com,North,United States,21950,Online,Snacks,18,19.7,361.39,7.95,113.22,9,,USD,Escalated to the regional service desk for a damaged pallet.,2024-08
ORD-100197,2023-08-05,2023-08-07,10939,user900@example.com,East,United States,47785,Online,Snacks,25,37.02,939.31,8.39,,12,3.4,USD,"Standard order, no special handling requested by the buyer.",2023-08
ORD-100150,2031-06-15,2024-04-24,10481,user259@example.com,North,United States,78588,Online,Produce,9,21.51,281.94,5.21,86.86,7,3.6,USD,Customer requested split delivery across two addresses.,2031-06
ORD-102576,2024-06-24,2024-07-02,10036,user2489@example.com,West,United States,55538,Online,Produce,7,31.9,270.85,9.47,88.25,11,4.2,USD,,2024-06
ORD-102738,2023-10-28,2023-10-30,11980,user1422@example.com,East,United States,23880,Online,Bakery,3,36.61,100.7,12.63,28.2,3,4.8,USD,Customer requested split delivery across two addresses.,2023-10
ORD-100180,2024-11-05,2024-11-11,12003,user1595@example.com,West,United States,86576,Online,Beverages,26,22.99,562.23,14.52,171.38,8,4.2,USD,"Standard order, no special handling requested by the buyer.",2024-11
ORD-101804,2023-07-24,2023-08-01,10399,user211@example.com,West,Mexico,82116,Retail,Bakery,-25,33.79,764.98,11.99,233.61,4,4.4,USD,,2023-07
ORD-100992,2023-12-30,2024-01-07,10402,user614@example.com,East,Mexico,24948,Online,Frozen,25,47.72,1401.68,10.44,432.85,8,4.6,USD,Customer requested split delivery across two addresses.,2023-12
ORD-103441,2023-06-24,2023-07-05,12200,user2855@example.com,North,United States,77782,Partner,Produce,30,29.75,829.1,1.42,278.74,7,2.9,USD,,2023-06
ORD-102880,2024-11-21,2024-11-24,10195,user1915@example.com,North,Canada,38756,Partner,Household,32,14.08,342.44,6.35,110.95,12,4.5,USD,Customer requested split delivery across two addresses.,2024-11
ORD-101565,2024-03-28,2024-04-08,10335,user1728@example.com,West,United States,48529,Retail,Produce,19,13.57,322.19,2.11,111.83,6,4.1,USD,Customer requested split delivery across two addresses.,2024-03
ORD-103246,2024-11-02,2024-11-04,11678,user727@example.com,north ,United States,35447,Online,Snacks,12,8.78,98.2,6.72,35.42,9,4.0,USD,,2024-11
ORD-103561,2023-01-21,2023-01-27,10329,user2033@example.com,East,United States,71295,Retail,Bakery,8,30.55,266.01,10.3,90.03,12,4.1,USD,,2023-01
ORD-102698,2023-02-19,2023-02-28,11587,user2995@example.com,North,Canada,71210,Retail,Produce,33,22.86,897.39,3.71,292.98,7,5.0,USD,Escalated to the regional service desk for a damaged pallet.,2023-02
ORD-100257,2023-06-13,2023-06-14,10761,user355@example.com,South,United States,73044,Retail,Dairy,4,38.29,165.15,5.17,56.13,2,3.9,USD,Customer requested split delivery across two addresses.,2023-06
ORD-100392,2024-03-26,2024-04-01,10425,user2887@example.com,South,United States,83378,Partner,Produce,6,12.56,84.71,5.43,25.11,6,4.1,USD,"Standard order, no special handling requested by the buyer.",2024-03
ORD-101441,2024-09-25,2024-10-05,10237,user246@example.com,East,United States,71469,Retail,Dairy,37,17.37,482.55,5.06,157.16,10,2.8,USD,Escalated to the regional service desk for a damaged pallet.,2024-09
ORD-103093,2024-02-29,2024-03-08,11365,user2060@example.com,South,Canada,15685,Retail,Produce,12,27.46,400.26,13.27,121.16,3,4.0,USD,,2024-02
ORD-103005,2023-07-18,2023-07-21,11538,user246@example.com,South,Mexico,24823,Wholesale,Frozen,29,64.94,2364.29,14.21,721.92,4,4.6,USD,Customer requested split delivery across two addresses.,2023-07
ORD-101272,2024-08-30,2024-08-31,12354,user2377@example.com,West,United States,27547,Retail,Bakery,33,11.94,309.0,6.13,100.33,8,4.0,USD,Customer requested split delivery across two addresses.,2024-08
ORD-103481,2023-06-25,2023-06-28,11481,user1503@example.com,East,United States,12525,Retail,Frozen,38,15.56,607.79,8.25,199.19,13,4.5,USD,Customer requested split delivery across two addresses.,2023-06
ORD-103801,2023-11-26,2023-12-07,10119,user244@example.com,East,Canada,28656,Online,Snacks,10,24.62,249.36,5.78,80.93,9,3.7,USD,Escalated to the regional service desk for a damaged pallet.,2023-11
ORD-101505,2023-05-19,2023-05-21,11601,user808@example.com,West,Canada,20916,Retail,Household,17,8.8,175.06,4.3,54.99,5,4.2,USD,"Standard order, no special handling requested by the buyer.",2023-05
ORD-100474,2024-05-06,2024-05-06,10769,user836@example.com,North,Canada,58180,Online,Produce,6,34.84,297.02,1.34,107.65,4,4.2,USD,Escalated to the regional service desk for a damaged pallet.,2024-05
ORD-100118,2024-06-27,2024-07-02,10479,user2160@example.com,North,Canada,33730,Retail,Frozen,22,22.83,509.82,4.0,165.43,6,4.8,USD,Customer requested split delivery across two addresses.,2024-06
ORD-100178,2024-06-16,2024-06-27,11201,user2183@example.com,North,United States,90523,Online,Beverages,22,20.1,554.02,17.9,160.9,1,4.1,USD,Customer requested split delivery across two addresses.,2024-06
ORD-100686,2023-06-29,2023-07-01,12259,user432@example.com,North,United States,91458,Retail,Bakery,16,27.08,437.94,0.68,146.52,2,3.3,USD,Escalated to the regional service desk for a damaged pallet.,2023-06
ORD-101633,2023-02-22,2023-02-26,10595,user1595@example.com,East,United States,79714,Partner,Household,35,38.01,1434.07,11.37,444.53,7,4.0,USD,Customer requested split delivery across two addresses.,2023-02
ORD-102345,2023-05-21,2023-05-29,10760,user1553@example.com,South,Mexico,30159,Retail,Household,26,14.06,425.43,8.19,133.09,12,4.5,USD,Customer requested split delivery across two addresses.,2023-05
ORD-103614,2024-11-02,2024-11-07,11248,user809@example.com,North,Canada,17330,Partner,Household,15,26.12,278.52,17.0,,3,4.2,USD,,2024-11
ORD-101789,2024-05-14,2024-05-23,11133,user2408@example.com,East,United States,82889,Online,Dairy,16,31.46,702.3,8.69,222.87,3,3.3,USD,,2024-05
ORD-101698,2024-03-28,2024-04-01,10036,user2855@example.com,West,United States,62134,Retail,Household,26,42.76,1389.27,5.01,452.85,12,4.3,USD,,2024-03
ORD-100761,2024-04-21,2024-04-28,10620,user1639@example.com,north ,United States,21201,Retail,Snacks,30,16.54,612.42,1.14,206.06,5,4.3,USD,,2024-04
ORD-101966,2023-11-02,2023-11-06,12092,user2974@example.com,North,Canada,83442,Retail,Bakery,6,24.21,3203.2000000000003,9.58,36.16,12,3.8,USD,Escalated to the regional service desk for a damaged pallet.,2023-11
ORD-103903,2024-10-18,2024-10-22,11391,user2689@example.com,north ,Mexico,88575,Online,Produce,22,18.77,371.41,4.77,119.37,4,4.7,USD,Customer requested split delivery across two addresses.,2024-10
ORD-102157,2024-08-18,2024-08-25,10696,user2657@example.com,West,United States,42115,Online,Beverages,4,24.98,96.06,5.53,28.61,5,3.7,USD,,2024-08
ORD-101437,2024-04-28,2024-05-07,11775,user2311@example.com,West,United States,95927,Retail,Beverages,3,18.77,68.81,7.09,21.67,13,4.4,USD,Customer requested split delivery across two addresses.,2024-04
ORD-101663,2023-05-13,2023-05-13,11622,user2382@example.com,North,United States,63106,Online,Beverages,22,14.05,433.37,13.23,135.42,3,4.3,USD,"Standard order, no special handling requested by the buyer.",2023-05
ORD-100532,2023-04-19,2023-04-19,10484,user1722@example.com,North,Canada,44313,Retail,Frozen,29,91.99,3303.75,14.2,1001.0,10,4.5,USD,Escalated to the regional service desk for a damaged pallet.,2023-04
ORD-102590,2023-02-03,2023-02-14,11741,user2954@example.com,South,Mexico,38717,Wholesale,Household,10,15.05,231.24,6.19,73.46,13,4.0,USD,Customer requested split delivery across two addresses.,2023-02
ORD-100935,2023-11-12,2023-11-13,11997,user2533@example.com,South,Mexico,23436,Online,Frozen,35,13.51,453.77,14.63,138.43,6,4.8,USD,,2023-11
ORD-100649,2023-12-16,2023-12-22,12365,user2931@example.com,South,Canada,52628,Online,Frozen,2,14.6,32.26,2.95,8.66,8,4.0,USD,Escalated to the regional service desk for a damaged pallet.,2023-12
ORD-103388,2024-09-18,2024-09-18,10395,user1494@example.com,South,Canada,19455,Online,Produce,11,14.99,146.92,8.26,45.27,11,2.2,USD,Escalated to the regional service desk for a damaged pallet.,2024-09
ORD-102760,2023-04-16,2023-04-20,10040,user94@example.com,East,United States,28664,Partner,Bakery,1,11.25,12.58,5.79,2.94,10,4.2,USD,Customer requested split delivery across two addresses.,2023-04
ORD-103805,2024-09-18,2024-09-26,11681,user2531@example.com,East,United States,47428,Retail,Frozen,28,19.47,411.65,4.77,134.39,1,4.8,USD,,2024-09
ORD-103092,2024-11-27,2024-12-08,12397,user1065@example.com,North,Mexico,51621,Wholesale,Frozen,4,45.62,213.21,16.96,61.27,3,3.4,USD,Escalated to the regional service desk for a damaged pallet.,2024-11
ORD-101384,2024-04-14,2024-04-23,12290,user2178@example.com,SOUTH,United States,44299,Online,Frozen,24,37.76,1329.25,13.82,405.62,1,5.0,USD,Escalated to the regional service desk for a damaged pallet.,2024-04
ORD-101242,2023-06-05,2023-06-16,11591,user1810@example.com,West,United States,21669,Wholesale,Frozen,2,16.61,49.79,8.91,6.83,6,3.5,USD,Escalated to the regional service desk for a damaged pallet.,2023-06
ORD-101034,2024-08-17,2024-08-18,12287,user2757@example.com,East,Mexico,89190,Online,Dairy,38,30.95,1134.68,5.02,368.21,0,3.3,USD,"Standard order, no special handling requested by the buyer.",2024-08
ORD-100732,2024-02-17,2024-02-24,10922,user249@example.com,South,Canada,22114,Online,Frozen,10,14.6,203.95,12.02,65.58,5,3.7,USD,"Standard order, no special handling requested by the buyer.",2024-02
ORD-102965,2023-11-26,2023-11-26,10782,user2636@example.com,South,United States,73719,Partner,Produce,18,34.73,482.92,0.0,159.87,3,3.0,USD,,2023-11
ORD-103173,2023-05-28,2023-06-07,11776,user963@example.com,North,Canada,95714,Retail,Produce,10,16.87,192.3,0.0,60.69,13,5.0,USD,"Standard order, no special handling requested by the buyer.",2023-05
ORD-100684,2024-03-11,2024-03-16,12250,user2514@example.com,North,United States,69026,Online,Frozen,36,13.68,717.67,11.23,223.45,1,4.9,USD,"Standard order, no special handling requested by the buyer.",2024-03
ORD-100139,2023-04-02,2023-04-13,10591,user2643@example.com,East,United States,37872,Retail,Produce,22,39.78,1093.93,0.0,365.76,5,3.8,USD,"Standard order, no special handling requested by the buyer.",2023-04
ORD-100223,2023-01-24,2023-01-26,11747,user1744@example.com,South,United States,48909,Online,Household,31,39.37,1584.71,2.01,536.39,12,4.1,USD,Customer requested split delivery across two addresses.,2023-01
ORD-102123,2023-02-20,2023-02-26,11744,user466@example.com,West,United States,58410,Online,Household,26,16.78,613.84,0.49,202.84,5,4.5,USD,Customer requested split delivery across two addresses.,2023-02
ORD-101881,2024-05-13,2024-05-22,12306,user1172@example.com,North,Canada,11212,Wholesale,Dairy,14,13.35,299.07,4.17,104.01,1,4.4,USD,"Standard order, no special handling requested by the buyer.",2024-05
ORD-101484,2023-07-02,2023-07-07,12141,user999@example.com,North,Canada,17482,Retail,Household,30,14.07,421.19,4.76,140.2,5,4.7,USD,,2023-07
ORD-102930,2024-09-12,2024-09-15,10835,user238@example.com,East,United States,42414,Online,Produce,8,22.55,162.12,8.19,56.67,5,4.2,USD,Customer requested split delivery across two addresses.,2024-09
ORD-101824,2024-11-10,2024-11-17,11279,user1797@example.com,East,United States,42732,Partner,Frozen,35,14.67,374.5,9.16,112.07,13,3.3,USD,,2024-11
ORD-100068,2023-10-28,2023-11-03,11509,user2364@example.com,north ,United States,86224,Online,Snacks,30,28.09,772.64,0.87,,3,4.9,USD,Customer requested split delivery across two addresses.,2023-10
ORD-103433,2023-02-27,2023-03-06,12041,user2107@example.com,North,United States,18433,Online,Beverages,9,20.52,7384.160000000001,11.01,82.39,12,5.0,USD,"Standard order, no special handling requested by the buyer.",2023-02
ORD-103277,2023-12-04,2023-12-06,11517,user2950@example.com,North,United States,34353,Partner,Produce,27,60.3,1301.09,0.0,444.76,2,3.9,USD,Customer requested split delivery across two addresses.,2023-12
ORD-100643,2024-06-10,2024-06-15,12213,user1575@example.com,north ,Mexico,27035,Retail,Dairy,33,27.04,969.42,9.23,305.31,6,1.9,USD,Customer requested split delivery across two addresses.,2024-06
ORD-100588,2024-05-16,2024-05-26,10532,user2051@example.com,South,United States,75004,Retail,Beverages,16,24.35,458.32,10.3,145.69,1,3.8,USD,Escalated to the regional service desk for a damaged pallet.,2024-05
ORD-100895,2024-06-15,2024-06-26,10858,user407@example.com,North,United States,45910,Partner,Beverages,7,27.61,185.41,4.41,65.8,3,3.8,USD,"Standard order, no special handling requested by the buyer.",2024-06
ORD-101550,2024-01-10,2024-01-15,11124,user403@example.com,North,Canada,26275,Retail,Snacks,15,22.35,349.61,2.97,111.63,9,3.5,USD,"Standard order, no special handling requested by the buyer.",2024-01
ORD-101855,2024-11-07,2024-11-09,12055,user1341@example.com,North,United States,99601,Online,Produce,4,20.85,78.95,15.09,20.6,7,3.6,USD,"Standard order, no special handling requested by the buyer.",2024-11
ORD-101597,2023-09-10,2023-09-15,10683,user788@example.com,East,Canada,33005,Online,Produce,28,10.83,274.01,4.88,86.62,11,3.3,USD,Escalated to the regional service desk for a damaged pallet.,2023-09
ORD-103980,2023-09-06,2023-09-06,11581,user1556@example.com,South,United States,28811,Retail,Beverages,16,14.9,184.13,4.81,,12,4.3,USD,Escalated to the regional service desk for a damaged pallet.,2023-09
ORD-102756,2023-06-20,2023-07-01,10689,user2006@example.com,East,Canada,18049,Retail,Beverages,16,23.28,390.79,5.41,,4,4.4,USD,Customer requested split delivery across two addresses.,2023-06
ORD-103196,2024-11-01,2024-11-04,11078,user2566@example.com,North,Canada,37293,Online,Beverages,38,21.84,771.25,16.29,235.36,10,3.4,USD,Escalated to the regional service desk for a damaged pallet.,2024-11
ORD-102671,2024-05-08,2024-05-17,11618,user481@example.com,SOUTH,United States,31195,Partner,Dairy,37,36.98,1476.55,0.0,499.99,8,4.1,USD,,2024-05
ORD-102771,2023-12-22,2023-12-22,11436,user1973@example.com,North,United States,30925,Online,Beverages,19,25.0,538.88,9.38,171.51,8,4.1,USD,Escalated to the regional service desk for a damaged pallet.,2023-12
ORD-103765,2024-06-26,2024-06-30,10902,user2446@example.com,South,United States,79625,Partner,Snacks,7,22.2,142.57,13.19,44.77,13,3.8,USD,"Standard order, no special handling requested by the buyer.",2024-06
ORD-103489,2023-10-04,2023-10-04,10462,user2585@example.com,North,United States,63873,Online,Dairy,20,19.22,340.37,9.5,108.36,6,4.4,USD,,2023-10
ORD-102975,2023-10-06,2023-10-07,12350,user1745@example.com,West,United States,61158,Wholesale,Bakery,39,35.8,1415.58,0.0,487.89,5,3.2,USD,,2023-10
ORD-103531,2023-01-10,2023-01-20,10432,user1862@example.com,South,United States,66105,Retail,Snacks,8,30.92,257.95,8.95,77.93,10,4.3,USD,"Standard order, no special handling requested by the buyer.",2023-01
ORD-102443,2023-07-30,2023-08-10,11554,user2321@example.com,East,Mexico,69701,Partner,Household,8,7.6,48.27,11.32,9.88,5,4.0,USD,Escalated to the regional service desk for a damaged pallet.,2023-07
ORD-100839,2023-03-16,2023-03-22,10902,user2381@example.com,SOUTH,United States,71995,Partner,Bakery,37,25.75,1063.51,7.89,333.98,11,3.5,USD,Escalated to the regional service desk for a damaged pallet.,2023-03
ORD-101613,2024-06-02,2024-06-10,12223,user1908@example.com,South,United States,25680,Partner,Dairy,7,16.55,116.55,8.17,41.07,10,4.7,USD,Customer requested split delivery across two addresses.,2024-06
ORD-101208,2024-06-05,2024-06-06,11014,user2498@example.com,North,Canada,37132,Online,Frozen,28,30.84,1127.22,5.9,361.81,11,3.8,USD,Customer requested split delivery across two addresses.,2024-06
ORD-103788,2024-01-04,2024-01-08,10285,user1081@example.com,South,United States,25361,Online,Snacks,32,19.38,744.38,16.29,223.39,5,3.5,USD,Customer requested split delivery across two addresses.,2024-01
ORD-103127,2024-10-06,2024-10-16,10416,user1867@example.com,East,United States,54584,Online,Dairy,29,28.82,741.09,9.04,240.24,1,3.4,USD,Escalated to the regional service desk for a damaged pallet.,2024-10
ORD-101314,2023-07-03,2023-07-04,10083,user1215@example.com,North,United States,14302,Partner,Bakery,31,13.44,372.56,15.25,113.13,10,3.6,USD,"Standard order, no special handling requested by the buyer.",2023-07
ORD-102526,2024-11-27,2024-12-03,10757,user1302@example.com,South,United States,38784,Online,Beverages,29,22.38,662.84,15.48,196.77,6,5.0,USD,,2024-11
ORD-100010,2024-04-15,2024-04-19,11722,user1818@example.com,SOUTH,United States,54450,Wholesale,Bakery,23,8.3,320.08,2.34,109.74,9,3.3,USD,"Standard order, no special handling requested by the buyer.",2024-04
ORD-100165,2024-03-23,2024-03-23,10424,user2180@example.com,North,United States,15661,Retail,Beverages,21,22.77,596.51,0.0,203.35,11,3.9,USD,"Standard order, no special handling requested by the buyer.",2024-03
ORD-101972,2023-07-08,2023-07-16,10449,user1753@example.com,West,Canada,80172,Partner,Produce,39,14.29,487.58,2.98,156.64,9,4.4,USD,Customer requested split delivery across two addresses.,2023-07
ORD-100555,2024-06-11,2024-06-21,10677,user550@example.com,North,Canada,76608,Online,Bakery,26,26.69,886.28,21.9,250.52,10,3.9,USD,,2024-06
ORD-103919,2024-06-20,2024-06-29,11819,user1364@example.com,West,United States,67230,Online,Bakery,22,22.85,619.84,13.83,190.85,10,3.8,USD,Customer requested split delivery across two addresses.,2024-06
ORD-100115,2024-09-06,2024-09-13,11738,user2820@example.com,East,Canada,17142,Partner,Bakery,26,33.66,606.96,5.83,192.96,6,2.5,USD,Escalated to the regional service desk for a damaged pallet.,2024-09
ORD-100682,2023-05-19,2023-05-21,12363,user2366@example.com,East,United States,23460,Online,Household,30,14.46,599.0,6.55,190.26,8,4.7,USD,"Standard order, no special handling requested by the buyer.",2023-05
ORD-100310,2024-09-05,2024-09-15,12107,user1741@example.com,West,United States,31000,Online,Beverages,18,22.12,362.87,3.47,,6,3.5,USD,,2024-09
ORD-103920,2023-02-02,2023-02-13,10176,user2785@example.com,West,Mexico,70945,Online,Household,32,37.65,1612.88,6.8,518.91,1,5.0,USD,,2023-02
ORD-100475,2023-02-08,2023-02-08,11839,user2768@example.com,north ,United States,25471,Online,Bakery,18,25.08,615.54,4.32,202.53,4,4.9,USD,Escalated to the regional service desk for a damaged pallet.,2023-02
ORD-102468,2023-06-13,2023-06-24,11637,user2623@example.com,North,United States,38180,Retail,Dairy,8,17.71,152.77,1.01,47.24,5,3.9,USD,Customer requested split delivery across two addresses.,2023-06
ORD-101222,2023-04-24,2023-04-28,12147,user2759@example.com,West,United States,25478,Partner,Frozen,39,24.28,1049.15,3.49,347.6,5,4.2,USD,,2023-04
ORD-102602,2023-09-22,2023-09-28,10866,user1390@example.com,north ,United States,27506,Retail,Produce,9,34.17,231.52,5.48,70.92,11,4.1,USD,,2023-09
ORD-100879,2024-05-30,2024-05-30,11759,user2387@example.com,South,Canada,48818,Online,Beverages,23,24.89,762.67,11.53,239.72,10,3.4,USD,,2024-05
ORD-100218,2024-06-25,2024-06-28,10970,user1719@example.com,north ,United States,15105,Online,Snacks,35,36.01,1522.36,17.02,454.39,2,4.8,USD,Escalated to the regional service desk for a damaged pallet.,2024-06
ORD-100211,2024-02-19,2024-02-24,12330,user2008@example.com,East,United States,39048,Online,Household,20,39.68,1113.98,2.61,372.03,9,4.2,USD,"Standard order, no special handling requested by the buyer.",2024-02
ORD-102682,2024-03-25,2024-04-02,10799,user2991@example.com,North,United States,63421,Online,Beverages,33,22.53,1095.38,11.45,343.07,12,3.8,USD,Customer requested split delivery across two addresses.,2024-03
ORD-101666,2024-05-16,2024-05-22,11306,user2974@example.com,North,United States,37882,Online,Bakery,39,11.58,626.92,5.03,207.27,2,3.5,USD,,2024-05
ORD-102102,2024-11-10,2024-11-19,11571,user1871@example.com,South,Canada,69422,Retail,Household,34,26.03,717.24,10.62,226.42,7,4.6,USD,,2024-11
ORD-103126,2023-09-03,2023-09-07,11903,user2649@example.com,West,Canada,24316,Partner,Dairy,39,19.98,545.6,6.85,179.99,12,3.6,USD,,2023-09
ORD-101555,2023-11-12,2023-11-13,11054,user954@example.com,East,United States,84411,Retail,Bakery,23,34.67,648.5,8.13,207.65,7,3.9,USD,"Standard order, no special handling requested by the buyer.",2023-11
ORD-103979,2024-04-17,2024-04-21,12166,user2398@example.com,North,United States,41250,Wholesale,Dairy,31,26.93,1397.14,11.24,,3,3.8,USD,Customer requested split delivery across two addresses.,2024-04
ORD-100648,2024-10-10,2024-10-12,11720,user1550@example.com,North,Mexico,67433,Wholesale,Dairy,4,18.5,75.31,15.14,19.98,13,3.6,USD,Escalated to the regional service desk for a damaged pallet.,2024-10
ORD-103999,2024-04-02,2024-04-10,10135,user2005@example.com,South,United States,17324,Retail,Snacks,20,23.16,578.95,10.64,176.89,0,4.2,USD,Escalated to the regional service desk for a damaged pallet.,2024-04
ORD-102019,2024-10-16,2024-10-18,10758,user1044@example.com,East,United States,86312,Partner,Household,17,11.38,132.28,9.68,40.67,4,5.0,USD,,2024-10
ORD-103740,2023-07-29,2023-08-01,11768,user612@example.com,North,Canada,74339,Partner,Household,10,29.83,237.87,2.44,82.62,4,4.2,USD,Customer requested split delivery across two addresses.,2023-07
ORD-101594,2023-09-25,2023-10-02,11682,user1273@example.com,South,United States,58233,Online,Frozen,38,25.22,849.53,11.54,269.21,5,3.8,USD,Customer requested split delivery across two addresses.,2023-09
ORD-101012,2023-09-29,2023-09-29,11749,user2860@example.com,North,United States,19237,Online,Bakery,2,37.43,66.26,4.7,20.86,1,4.2,USD,"Standard order, no special handling requested by the buyer.",2023-09
ORD-101353,2024-07-06,2024-07-12,11982,user2022@example.com,North,Canada,48802,Online,Snacks,21,36.99,894.95,3.25,300.18,8,3.8,USD,Escalated to the regional service desk for a damaged pallet.,2024-07
ORD-101915,2023-03-16,2023-03-25,11501,user560@example.com,North,United States,21922,Retail,Snacks,6,33.91,252.35,5.08,83.42,8,,USD,Escalated to the regional service desk for a damaged pallet.,2023-03
ORD-101516,2024-03-21,2024-03-31,11581,user434@example.com,North,United States,31480,Wholesale,Frozen,29,41.74,2036.31,14.15,620.01,11,3.7,USD,,2024-03
ORD-102766,2023-10-18,2023-10-28,10436,user2245@example.com,South,United States,94221,Online,Produce,3,30.76,82.86,9.94,24.88,5,4.2,USD,"Standard order, no special handling requested by the buyer.",2023-10
ORD-101933,2024-09-10,2024-09-14,10183,user759@example.com,West,United States,85519,Partner,Bakery,24,43.65,720.62,2.36,238.6,11,3.1,USD,Escalated to the regional service desk for a damaged pallet.,2024-09
ORD-103469,2023-01-08,2023-01-14,11160,user1558@example.com,South,United States,44130,Partner,Household,34,11.83,374.42,16.01,113.94,8,2.8,USD,,2023-01
ORD-103557,2024-06-15,2024-06-15,10329,user1526@example.com,South,Canada,46857,Retail,Produce,12,26.27,336.02,7.45,102.62,10,4.0,USD,Escalated to the regional service desk for a damaged pallet.,2024-06
ORD-102195,2023-09-25,2023-09-26,10010,user1556@example.com,East,Canada,67738,Online,Bakery,21,20.81,387.38,6.82,124.96,8,,USD,Escalated to the regional service desk for a damaged pallet.,2023-09
ORD-103001,2024-05-25,2024-06-02,10571,user9@example.com,South,United States,58318,Retail,Dairy,33,12.33,466.68,6.81,151.0,12,4.1,USD,Customer requested split delivery across two addresses.,2024-05
ORD-102302,2023-07-22,2023-07-27,11320,user2000@example.com,South,Mexico,71472,Online,Household,20,24.79,534.49,7.53,172.6,12,3.9,USD,Customer requested split delivery across two addresses.,2023-07
ORD-101889,2024-05-28,2024-05-29,11648,user2407@example.com,South,Canada,57022,Partner,Beverages,3,29.39,90.17,8.53,,8,3.5,USD,Escalated to the regional service desk for a damaged pallet.,2024-05
ORD-102154,2024-01-09,2024-01-18,10735,user1810@example.com,East,United States,77911,Retail,Beverages,25,18.98,492.8,15.01,148.27,4,4.5,USD,"Standard order, no special handling requested by the buyer.",2024-01
ORD-100565,2024-08-29,2024-09-09,11812,user2096@example.com,North,United States,58964,Retail,Snacks,5,13.16,51.75,6.82,15.37,11,4.6,USD,"Standard order, no special handling requested by the buyer.",2024-08
ORD-102440,2023-03-31,2023-04-07,10536,user1765@example.com,SOUTH,Canada,10478,Online,Snacks,34,26.92,1349.98,10.97,418.12,2,4.3,USD,Escalated to the regional service desk for a damaged pallet.,2023-03
ORD-103563,2023-05-19,2023-05-22,10306,user2314@example.com,South,Canada,73928,Wholesale,Household,10,41.61,657.34,8.85,211.04,10,4.9,USD,Escalated to the regional service desk for a damaged pallet.,2023-05
ORD-103984,2024-10-28,2024-11-03,12374,user2470@example.com,West,Canada,95392,Online,Frozen,3,8.22,22.67,13.99,1.53,9,4.5,USD,Escalated to the regional service desk for a damaged pallet.,2024-10
ORD-100230,2024-02-12,2024-02-22,11487,user733@example.com,North,United States,37972,Wholesale,Snacks,27,19.78,842.55,8.56,266.52,13,4.3,USD,,2024-02
ORD-102194,2024-05-21,2024-05-23,11451,user1806@example.com,North,Canada,87555,Retail,Produce,24,42.19,1175.09,2.09,396.26,12,4.8,USD,"Standard order, no special handling requested by the buyer.",2024-05
ORD-100048,2023-01-04,2023-01-05,12026,user1698@example.com,North,United States,97599,Online,Household,6,26.85,193.37,13.46,55.19,5,3.6,USD,,2023-01
ORD-101019,2024-04-02,2024-04-09,12453,user2883@example.com,North,United States,88960,Online,Bakery,5,18.05,133.11,0.0,38.52,2,4.3,USD,Customer requested split delivery across two addresses.,2024-04
ORD-102215,2023-05-27,2023-05-31,11780,user1012@example.com,North,Canada,40181,Online,Frozen,29,30.28,1184.81,10.64,364.02,6,4.1,USD,,2023-05
ORD-103821,2024-03-31,2024-04-08,12229,user413@example.com,West,United States,67422,Online,Household,32,24.9,1175.28,10.94,368.31,12,,USD,"Standard order, no special handling requested by the buyer.",2024-03
ORD-100956,2024-04-24,2024-04-30,10839,user2587@example.com,South,United States,53744,Partner,Produce,5,19.41,107.38,4.1,34.88,8,3.0,USD,Escalated to the regional service desk for a damaged pallet.,2024-04
ORD-100052,2023-04-18,2023-04-29,10449,user877@example.com,West,United States,88557,Wholesale,Beverages,1,27.49,46.01,12.9,11.67,9,5.0,USD,,2023-04
ORD-100598,2024-04-04,2024-04-12,10947,user736@example.com,South,United States,37686,Online,Produce,13,15.86,303.99,7.69,95.11,3,3.1,USD,Customer requested split delivery across two addresses.,2024-04
ORD-101755,2024-03-07,2024-03-08,10711,user2129@example.com,SOUTH,United States,21383,Retail,Snacks,11,34.37,464.47,2.08,157.42,12,5.0,USD,"Standard order, no special handling requested by the buyer.",2024-03
ORD-100808,2023-06-10,2023-06-17,10084,user269@example.com,North,United States,14804,Online,Snacks,4,14.02,72.16,0.5,36.13,5,3.1,USD,"Standard order, no special handling requested by the buyer.",2023-06
ORD-102095,2024-09-13,2024-09-20,11801,user258@example.com,South,United States,25527,Retail,Produce,23,22.94,401.16,6.34,133.41,6,5.0,USD,"Standard order, no special handling requested by the buyer.",2024-09
ORD-103373,2023-08-03,2023-08-09,10092,user2931@example.com,West,Mexico,43179,Wholesale,Produce,34,17.26,687.12,4.03,229.76,9,3.3,USD,Customer requested split delivery across two addresses.,2023-08
ORD-100399,2024-04-16,2024-04-23,10952,user1739@example.com,SOUTH,United States,79378,Online,Beverages,32,13.82,647.54,9.84,207.92,13,3.9,USD,"Standard order, no special handling requested by the buyer.",2024-04
ORD-102672,2023-06-11,2023-06-14,11521,user2967@example.com,South,United States,31518,Retail,Bakery,4,44.38,192.86,10.97,57.76,8,3.2,USD,,2023-06
ORD-100651,2023-10-20,2023-10-20,10587,user1466@example.com,East,United States,92466,Retail,Produce,35,14.36,383.79,2.45,,12,4.8,USD,Escalated to the regional service desk for a damaged pallet.,2023-10
ORD-103234,2023-05-13,2023-05-13,12183,user1070@example.com,South,United States,69159,Online,Beverages,39,24.04,1314.49,12.34,396.92,6,4.5,USD,Customer requested split delivery across two addresses.,2023-05
ORD-102906,2023-11-07,2023-11-11,11009,user926@example.com,South,United States,88290,Retail,Dairy,4,22.79,72.9,7.12,23.69,4,4.6,USD,Customer requested split delivery across two addresses.,2023-11
ORD-100468,2024-10-20,2024-10-25,12064,user509@example.com,East,United States,83898,Online,Dairy,30,35.02,948.42,13.74,287.4,6,3.7,USD,Customer requested split delivery across two addresses.,2024-10
ORD-101730,2023-04-18,2023-04-27,11060,user2098@example.com,East,United States,88115,Wholesale,Dairy,37,13.36,827.28,3.77,279.97,4,4.0,USD,Escalated to the regional service desk for a damaged pallet.,2023-04
ORD-101013,2024-08-15,2024-08-20,11803,user2072@example.com,East,Canada,30700,Partner,Bakery,36,37.36,996.94,0.0,339.65,6,4.3,USD,Escalated to the regional service desk for a damaged pallet.,2024-08
ORD-103784,2024-09-03,2024-09-03,10593,user786@example.com,South,Mexico,55567,Retail,Produce,17,41.19,543.41,10.64,171.2,1,4.4,USD,"Standard order, no special handling requested by the buyer.",2024-09
ORD-100347,2024-10-19,2024-10-22,10134,user1150@example.com,North,United States,63200,Partner,Beverages,37,23.27,591.71,2.99,197.0,13,3.8,USD,Escalated to the regional service desk for a damaged pallet.,2024-10
ORD-101595,2023-10-12,2023-10-18,11306,user525@example.com,North,United States,16307,Retail,Frozen,9,27.84,189.09,4.05,55.77,12,4.8,USD,"Standard order, no special handling requested by the buyer.",2023-10
ORD-102328,2023-04-26,2023-05-06,11074,user2442@example.com,West,United States,21614,Online,Bakery,5,63.54,460.23,14.03,139.9,9,3.9,USD,Escalated to the regional service desk for a damaged pallet.,2023-04
ORD-100990,2024-07-21,2024-07-21,11250,user263@example.com,South,United States,46184,Retail,Frozen,37,15.46,522.6,10.99,168.32,7,4.4,USD,Customer requested split delivery across two addresses.,2024-07
ORD-103625,2023-07-06,2023-07-08,10138,user1766@example.com,North,United States,86048,Online,Dairy,15,18.02,312.78,0.0,111.47,13,3.9,USD,,2023-07
ORD-101483,2023-01-30,2023-02-01,10112,user1991@example.com,North,United States,85394,Online,Bakery,27,23.39,837.2,0.0,286.88,12,3.9,USD,Customer requested split delivery across two addresses.,2023-01
ORD-100715,2024-10-24,2024-10-26,11061,user1048@example.com,North,United States,77736,Retail,Household,27,43.59,907.96,11.83,280.94,13,4.2,USD,Escalated to the regional service desk for a damaged pallet.,2024-10
ORD-100009,2023-02-04,2023-02-05,10429,user1817@example.com,North,United States,84409,Retail,Household,3,19.58,67.06,11.07,28.68,6,5.0,USD,Escalated to the regional service desk for a damaged pallet.,2023-02
ORD-102788,2024-03-17,2024-03-21,11714,user129@example.com,South,United States,94443,Online,Household,22,16.62,536.09,0.0,179.85,8,3.7,USD,"Standard order, no special handling requested by the buyer.",2024-03
ORD-101668,2023-09-29,2023-10-03,10883,user51@example.com,South,United States,40427,Online,Frozen,39,14.6,504.0,8.73,154.29,6,5.0,USD,Escalated to the regional service desk for a damaged pallet.,2023-09
ORD-101798,2024-09-23,2024-09-27,10066,user1737@example.com,West,Mexico,88102,Retail,Household,17,20.22,258.38,0.0,86.21,8,4.3,USD,Escalated to the regional service desk for a damaged pallet.,2024-09
ORD-102318,2024-10-27,2024-11-07,10666,user2887@example.com,North,United States,54495,Online,Produce,39,16.54,591.43,3.59,193.73,4,1.9,USD,"Standard order, no special handling requested by the buyer.",2024-10
ORD-103706,2024-03-24,2024-03-26,11152,user1763@example.com,North,Canada,81322,Online,Snacks,21,19.41,600.29,0.0,203.08,3,3.4,USD,Customer requested split delivery across two addresses.,2024-03
ORD-100285,2024-03-20,2024-03-27,11162,user17@example.com,North,United States,19660,Partner,Produce,14,17.95,281.66,3.06,93.5,11,4.1,USD,Escalated to the regional service desk for a damaged pallet.,2024-03
ORD-102589,2024-11-23,2024-11-27,12305,user2857@example.com,South,Canada,48110,Online,Frozen,22,16.66,368.19,5.07,126.88,10,4.4,USD,"Standard order, no special handling requested by the buyer.",2024-11
ORD-101652,2024-11-29,2024-12-10,11742,user1383@example.com,North,Mexico,53009,Retail,Beverages,12,36.08,377.9,8.25,123.4,12,4.4,USD,,2024-11
ORD-102789,2024-11-30,2024-12-02,10568,user1327@example.com,South,Canada,62970,Online,Household,26,12.19,327.82,12.67,,8,3.9,USD,Customer requested split delivery across two addresses.,2024-11
ORD-100444,2024-08-11,2024-08-18,12262,user2896@example.com,North,United States,23883,Online,Frozen,4,18.06,71.28,2.51,29.64,4,4.4,USD,,2024-08
ORD-102391,2023-12-09,2023-12-16,10567,user888@example.com,North,Mexico,85902,Retail,Beverages,35,18.92,600.99,0.0,207.42,13,3.5,USD,Customer requested split delivery across two addresses.,2023-12
ORD-101875,2023-01-15,2023-01-17,11265,user576@example.com,South,United States,64585,Partner,Bakery,21,9.0,180.96,12.04,53.5,8,4.4,USD,"Standard order, no special handling requested by the buyer.",2023-01
ORD-100830,2023-07-30,2023-08-10,10644,user96@example.com,North,Mexico,18927,Online,Frozen,11,15.21,174.17,6.45,58.71,5,3.5,USD,,2023-07
ORD-102151,2023-12-19,2023-12-21,10490,user2994@example.com,West,United States,42144,Retail,Snacks,3,34.95,99.47,5.29,27.24,9,3.6,USD,Escalated to the regional service desk for a damaged pallet.,2023-12
ORD-102431,2023-06-17,2023-06-18,11979,user156@example.com,South,Canada,37337,Online,Dairy,17,19.55,416.39,0.0,142.35,8,3.8,USD,,2023-06
ORD-100099,2024-02-20,2024-02-22,10097,user993@example.com,North,United States,88205,Online,Household,38,14.82,792.35,4.97,260.4,11,5.0,USD,"Standard order, no special handling requested by the buyer.",2024-02
ORD-100781,2024-06-27,2024-07-06,12006,user2182@example.com,North,United States,60172,Online,Bakery,39,21.9,1023.01,16.13,302.99,10,2.9,USD,,2024-06
ORD-100803,2023-09-24,2023-09-26,11770,user2674@example.com,South,United States,14089,Wholesale,Dairy,20,14.67,297.74,4.71,100.38,6,3.9,USD,Customer requested split delivery across two addresses.,2023-09
ORD-102903,2024-08-21,2024-08-31,11814,user2143@example.com,East,United States,81422,Wholesale,Produce,22,28.74,688.22,7.88,219.12,5,3.5,USD,Customer requested split delivery across two addresses.,2024-08
ORD-103858,2024-11-22,2024-11-23,12245,user410@example.com,South,Canada,76688,Retail,Frozen,35,26.13,775.43,1.22,261.42,4,4.7,USD,Customer requested split delivery across two addresses.,2024-11
ORD-100495,2024-11-05,2024-11-13,10438,user2841@example.com,West,Canada,26682,Online,Produce,7,15.61,102.78,1.86,33.9,1,4.6,USD,Customer requested split delivery across two addresses.,2024-11
ORD-102480,2024-01-15,2024-01-15,10955,user2083@example.com,South,Mexico,11167,Retail,Frozen,5,26.92,143.19,10.55,43.65,9,4.9,USD,Escalated to the regional service desk for a damaged pallet.,2024-01
ORD-102190,2024-06-20,2024-06-23,11464,user1820@example.com,North,Canada,40052,Online,Snacks,20,13.77,339.58,14.21,110.43,5,3.5,USD,Escalated to the regional service desk for a damaged pallet.,2024-06
ORD-100827,2024-03-13,2024-03-19,11463,user2369@example.com,South,Canada,16804,Online,Produce,31,37.71,1707.41,7.68,547.65,1,2.7,USD,Escalated to the regional service desk for a damaged pallet.,2024-03
ORD-102214,2024-06-12,2024-06-13,11083,user316@example.com,SOUTH,United States,47361,Online,Dairy,15,16.87,321.97,6.96,,5,4.9,USD,"Standard order, no special handling requested by the buyer.",2024-06
ORD-102209,2023-12-04,2023-12-09,10482,user901@example.com,South,United States,49362,Online,Produce,24,19.68,494.88,18.7,142.77,8,4.4,USD,Escalated to the regional service desk for a damaged pallet.,2023-12
ORD-103042,2023-11-12,2023-11-12,10704,user791@example.com,North,United States,61915,Partner,Household,33,9.29,224.39,8.11,78.62,11,3.5,USD,Customer requested split delivery across two addresses.,2023-11
ORD-103208,2024-06-28,2024-07-06,10057,user2837@example.com,South,Mexico,82569,Wholesale,Dairy,5,39.96,272.63,4.21,87.41,2,4.6,USD,Customer requested split delivery across two addresses.,2024-06
ORD-101952,2024-08-04,2024-08-13,11405,user2599@example.com,North,United States,52487,Online,Household,10,15.45,156.81,7.24,53.81,4,4.3,USD,,2024-08
ORD-103088,2024-09-07,2024-09-16,11952,user2951@example.com,North,United States,29186,Retail,Frozen,27,46.04,955.84,8.93,302.32,6,5.0,USD,Escalated to the regional service desk for a damaged pallet.,2024-09
ORD-101137,2023-03-12,2023-03-16,11441,user2281@example.com,South,United States,11694,Online,Snacks,11,19.0,304.57,13.48,93.25,13,4.3,USD,Customer requested split delivery across two addresses.,2023-03
ORD-100007,2023-04-14,2023-04-18,10464,user2380@example.com,North,United States,69917,Retail,Frozen,9,30.49,341.37,11.59,102.97,2,3.5,USD,Customer requested split delivery across two addresses.,2023-04
ORD-101219,2024-03-18,2024-03-21,11650,user1322@example.com,South,United States,44796,Online,Household,17,17.05,425.31,0.0,149.86,12,4.3,USD,"Standard order, no special handling requested by the buyer.",2024-03
ORD-103297,2023-02-20,2023-03-03,12000,user338@example.com,South,Mexico,20207,Online,Beverages,29,20.01,816.45,16.62,240.37,13,4.8,USD,"Standard order, no special handling requested by the buyer.",2023-02
ORD-102221,2024-10-20,2024-10-31,12009,user1378@example.com,West,United States,27036,Retail,Household,11,14.19,119.41,9.4,39.23,3,4.0,USD,,2024-10
ORD-102494,2024-08-29,2024-08-29,10329,user507@example.com,North,United States,60978,Retail,Produce,14,34.59,380.83,11.65,121.12,1,5.0,USD,"Standard order, no special handling requested by the buyer.",2024-08
ORD-103897,2023-08-27,2023-09-01,10953,user1942@example.com,East,United States,90578,Retail,Beverages,30,28.85,686.7,0.0,230.92,6,3.2,USD,Escalated to the regional service desk for a damaged pallet.,2023-08
ORD-103807,2023-05-06,2023-05-09,10526,user2977@example.com,north ,United States,94088,Retail,Bakery,6,27.37,198.15,3.39,69.56,6,4.0,USD,Customer requested split delivery across two addresses.,2023-05
ORD-102914,2024-04-03,2024-04-03,10589,user2324@example.com,East,Canada,13338,Online,Produce,2,57.42,169.35,8.42,53.01,5,3.5,USD,"Standard order, no special handling requested by the buyer.",2024-04
ORD-102627,2023-03-28,2023-03-29,12247,user1887@example.com,South,United States,72010,Wholesale,Dairy,24,28.49,1153.23,7.26,367.06,3,4.1,USD,Escalated to the regional service desk for a damaged pallet.,2023-03
ORD-100868,2024-11-27,2024-11-30,12158,user247@example.com,North,United States,12701,Online,Frozen,19,36.37,705.74,6.94,222.53,9,4.7,USD,Customer requested split delivery across two addresses.,2024-11
ORD-102252,2023-04-09,2023-04-14,11629,user2611@example.com,South,United States,99059,Retail,Produce,34,13.93,590.97,2.95,198.75,5,3.7,USD,Escalated to the regional service desk for a damaged pallet.,2023-04
ORD-100902,2024-11-07,2024-11-16,10999,user1090@example.com,East,Canada,24711,Online,Snacks,20,46.23,875.29,9.49,280.95,3,3.5,USD,Escalated to the regional service desk for a damaged pallet.,2024-11
ORD-100580,2023-03-17,2023-03-25,10935,user1299@example.com,North,United States,59383,Partner,Bakery,23,19.06,489.8,5.78,,2,2.5,USD,Escalated to the regional service desk for a damaged pallet.,2023-03
ORD-103872,2023-06-21,2023-06-25,12087,user1090@example.com,East,United States,69765,Wholesale,Bakery,14,30.95,611.24,19.23,181.1,8,4.5,USD,,2023-06
ORD-103184,2023-07-24,2023-07-25,10736,user1599@example.com,West,Canada,86834,Online,Household,8,30.59,261.5,0.0,84.85,1,3.3,USD,Customer requested split delivery across two addresses.,2023-07
ORD-103496,2024-10-13,2024-10-23,12134,user394@example.com,North,United States,36261,Online,Frozen,7,22.13,138.28,4.16,54.18,2,4.4,USD,,2024-10
ORD-100485,2023-09-15,2023-09-17,11788,user777@example.com,West,United States,95293,Online,Beverages,10,12.78,114.48,10.3,34.06,3,3.6,USD,,2023-09
ORD-103048,2023-10-26,2023-10-28,11155,user831@example.com,South,Canada,48681,Partner,Frozen,2,25.5,35.49,10.2,11.09,5,2.8,USD,Escalated to the regional service desk for a damaged pallet.,2023-10
ORD-100644,2023-07-24,2023-07-28,11084,user1703@example.com,East,United States,67318,Online,Dairy,32,35.06,1198.86,6.84,380.11,8,3.0,USD,Customer requested split delivery across two addresses.,2023-07
ORD-103940,2024-02-14,2024-02-15,11086,user2678@example.com,West,Mexico,31884,Partner,Bakery,35,38.53,1425.93,6.85,459.96,11,3.5,USD,Escalated to the regional service desk for a damaged pallet.,2024-02
ORD-100945,2023-07-30,2023-08-06,10073,user1499@example.com,East,United States,31294,Online,Beverages,22,46.01,1053.73,10.36,325.69,13,3.3,USD,Customer requested split delivery across two addresses.,2023-07
ORD-102010,2023-04-04,2023-04-15,11057,user178@example.com,South,Canada,85275,Retail,Frozen,8,32.07,320.63,9.83,106.39,3,3.0,USD,,2023-04
ORD-102907,2024-07-18,2024-07-18,11606,user1520@example.com,North,Canada,25191,Online,Beverages,29,16.23,514.19,10.66,159.21,7,,USD,,2024-07
ORD-103602,2023-10-23,2023-10-30,10082,user1581@example.com,North,United States,84932,Online,Beverages,8,26.5,192.15,3.82,58.53,5,3.7,USD,,2023-10
ORD-101486,2024-04-18,2024-04-26,11536,user514@example.com,South,United States,15887,Retail,Frozen,14,12.55,217.59,7.65,69.2,7,3.9,USD,Escalated to the regional service desk for a damaged pallet.,2024-04
ORD-100003,2023-04-15,2023-04-18,11596,user252@example.com,West,Canada,63643,Online,Bakery,26,28.08,1070.86,18.72,312.93,1,3.7,USD,Escalated to the regional service desk for a damaged pallet.,2023-04
ORD-103449,2023-08-26,2023-08-27,11224,user2490@example.com,South,United States,73365,Retail,Snacks,11,29.45,257.82,2.0,83.02,10,3.7,USD,Escalated to the regional service desk for a damaged pallet.,2023-08
ORD-101037,2024-09-01,2024-09-05,12344,user2229@example.com,North,United States,39635,Online,Snacks,24,35.07,774.68,14.17,,1,3.6,USD,,2024-09
ORD-102406,2023-03-27,2023-03-28,10775,user2999@example.com,West,United States,32053,Online,Household,31,22.31,1019.29,16.43,303.75,11,3.5,USD,Escalated to the regional service desk for a damaged pallet.,2023-03
ORD-102476,2023-12-19,2023-12-22,11087,user574@example.com,North,United States,18056,Online,Beverages,6,9.29,62.4,0.0,24.91,13,4.0,USD,Escalated to the regional service desk for a damaged pallet.,2023-12
ORD-102324,2023-04-05,2023-04-10,11822,user2557@example.com,North,United States,35928,Partner,Beverages,35,18.76,738.37,0.0,251.18,10,4.1,USD,"Standard order, no special handling requested by the buyer.",2023-04
ORD-100266,2024-06-19,2024-06-27,11697,user2078@example.com,East,United States,70306,Online,Snacks,4,28.8,142.62,6.03,50.65,2,5.0,USD,,2024-06
ORD-101490,2023-04-18,2023-04-26,10868,user1062@example.com,South,Canada,11858,Online,Household,35,27.18,1391.58,7.78,,8,5.0,USD,,2023-04
ORD-100749,2023-06-21,2023-06-26,12448,user2024@example.com,South,United States,29199,Online,Bakery,23,21.15,599.81,3.39,192.47,2,2.5,USD,,2023-06
ORD-103301,2023-11-05,2023-11-05,11480,user2719@example.com,East,Canada,69505,Online,Snacks,32,22.45,673.62,9.88,210.19,7,3.8,USD,,2023-11
ORD-100491,2023-12-30,2024-01-08,11866,user2193@example.com,North,United States,59806,Retail,Produce,6,23.34,139.44,0.0,43.99,13,4.3,USD,Customer requested split delivery across two addresses.,2023-12
ORD-101893,2023-12-13,2023-12-19,11262,user1423@example.com,,United States,47818,Wholesale,Bakery,19,16.97,11258.800000000001,8.28,128.21,10,3.7,USD,Customer requested split delivery across two addresses.,2023-12
ORD-101742,2024-02-15,2024-02-18,12488,user1848@example.com,West,United States,80406,Retail,Snacks,38,17.31,774.81,13.46,239.9,4,2.5,USD,"Standard order, no special handling requested by the buyer.",2024-02
ORD-102078,2031-06-15,2023-10-04,12227,user2311@example.com,East,United States,77473,Retail,Frozen,14,29.2,306.68,0.0,107.59,11,4.2,USD,,2031-06
ORD-100445,2023-04-23,2023-04-24,11583,user1353@example.com,East,United States,12599,Partner,Household,9,25.42,253.81,2.98,87.11,2,4.0,USD,"Standard order, no special handling requested by the buyer.",2023-04
ORD-102808,2023-10-20,2023-10-27,10578,user2062@example.com,North,Canada,97917,Online,Beverages,36,19.6,635.78,5.52,206.55,4,2.6,USD,,2023-10
ORD-102421,2024-08-14,2024-08-21,11595,user867@example.com,SOUTH,Canada,44327,Online,Frozen,5,33.65,164.12,1.43,56.25,2,3.3,USD,Escalated to the regional service desk for a damaged pallet.,2024-08
ORD-103550,2024-09-22,2024-09-28,10520,user641@example.com,North,United States,99168,Online,Snacks,21,11.71,218.27,6.1,72.53,5,4.3,USD,Customer requested split delivery across two addresses.,2024-09
ORD-103580,2024-11-24,2024-11-28,10667,user2805@example.com,North,United States,56113,Retail,Beverages,33,17.32,488.57,2.57,164.87,5,4.3,USD,,2024-11
ORD-103188,2024-05-26,2024-05-29,11131,user2748@example.com,East,United States,11548,Online,Snacks,11,46.13,684.66,7.26,213.34,6,4.0,USD,Escalated to the regional service desk for a damaged pallet.,2024-05
ORD-101246,2023-05-24,2023-05-27,11240,user2933@example.com,North,United States,74334,Retail,Beverages,12,19.38,268.33,9.2,82.15,13,4.6,USD,,2023-05
ORD-101482,2023-03-23,2023-03-27,10321,user197@example.com,North,United States,14754,Online,Bakery,9,13.32,176.38,12.44,57.59,4,4.7,USD,Customer requested split delivery across two addresses.,2023-03
ORD-100617,2023-12-09,2023-12-18,12228,user1472@example.com,North,Canada,58641,Wholesale,Beverages,30,15.17,557.6,5.22,176.67,4,3.1,USD,,2023-12
ORD-100788,2023-03-07,2023-03-16,12390,user2435@example.com,North,United States,91082,Wholesale,Frozen,26,34.17,1471.33,0.82,489.47,1,,USD,Customer requested split delivery across two addresses.,2023-03
ORD-101224,2024-11-05,2024-11-11,11108,user885@example.com,East,Mexico,77171,Online,Household,-19,10.43,186.4,9.94,66.06,9,4.9,USD,,2024-11
ORD-103922,2024-11-27,2024-11-28,12421,user780@example.com,North,United States,64287,Online,Beverages,2,14.4,29.41,2.7,13.94,7,5.0,USD,"Standard order, no special handling requested by the buyer.",2024-11
ORD-103672,2023-03-17,2023-03-24,11169,user922@example.com,North,Canada,24835,Online,Household,9,14.31,188.66,6.57,58.22,10,4.3,USD,Escalated to the regional service desk for a damaged pallet.,2023-03
ORD-102390,2024-04-28,2024-05-06,10560,user1754@example.com,North,United States,44723,Online,Bakery,-19,18.24,499.73,6.93,160.89,4,3.9,USD,"Standard order, no special handling requested by the buyer.",2024-04
ORD-102559,2024-04-29,2024-05-02,10208,user2868@example.com,North,United States,75204,Partner,Bakery,16,14.34,251.93,12.87,70.21,10,4.7,USD,,2024-04
ORD-101655,2023-02-18,2023-02-27,10333,user1086@example.com,North,United States,57662,Partner,Beverages,6,21.22,135.99,8.33,47.27,13,3.7,USD,"Standard order, no special handling requested by the buyer.",2023-02
ORD-101029,2024-01-07,2024-01-16,11925,user2851@example.com,East,United States,24208,Retail,Household,36,28.96,1073.89,0.55,359.88,9,3.6,USD,Customer requested split delivery across two addresses.,2024-01
ORD-103792,2023-01-07,2023-01-10,11668,user2091@example.com,South,United States,37133,Partner,Bakery,2,39.04,72.38,5.1,21.32,5,4.3,USD,Customer requested split delivery across two addresses.,2023-01
ORD-100944,2023-05-03,2023-05-11,12211,user1497@example.com,East,United States,39783,Online,Snacks,20,61.8,1769.98,12.77,548.06,13,4.8,USD,,2023-05
ORD-103358,2023-03-17,2023-03-23,10376,user499@example.com,North,Canada,13317,Retail,Dairy,32,24.76,983.61,10.67,299.53,6,4.8,USD,,2023-03
ORD-102439,2024-06-23,2024-06-28,10577,user235@example.com,North,United States,14146,Partner,Beverages,31,21.54,620.31,9.75,192.98,12,4.3,USD,Escalated to the regional service desk for a damaged pallet.,2024-06
ORD-102276,2024-02-19,2024-02-28,12451,user2854@example.com,West,United States,95939,Partner,Beverages,27,22.05,637.39,9.51,202.77,9,3.4,USD,"Standard order, no special handling requested by the buyer.",2024-02
ORD-102931,2024-03-13,2024-03-15,11345,user446@example.com,North,Mexico,90094,Wholesale,Produce,32,19.87,1062.48,6.46,346.02,13,4.5,USD,,2024-03
ORD-100517,2024-09-24,2024-09-29,10127,user86@example.com,South,United States,80310,Retail,Frozen,6,16.54,74.55,10.48,30.92,11,3.6,USD,"Standard order, no special handling requested by the buyer.",2024-09
ORD-100479,2023-06-19,2023-06-26,11737,user77@example.com,South,United States,34384,Online,Household,11,8.09,110.61,7.89,34.28,7,3.6,USD,,2023-06
ORD-100799,2024-10-26,2024-11-03,10043,user1120@example.com,East,Mexico,75237,Retail,Household,17,41.33,544.59,10.07,170.48,2,5.0,USD,Escalated to the regional service desk for a damaged pallet.,2024-10
ORD-102082,2024-03-15,2024-03-26,11841,user430@example.com,West,United States,36064,Online,Household,4,32.98,193.07,0.0,56.34,9,3.9,USD,Customer requested split delivery across two addresses.,2024-03
ORD-101268,2023-05-12,2023-05-20,10471,user745@example.com,North,Mexico,28613,Online,Bakery,39,17.77,973.95,3.22,320.81,2,3.9,USD,"Standard order, no special handling requested by the buyer.",2023-05
ORD-100008,2023-05-14,2023-05-25,11861,user1122@example.com,West,United States,41485,Wholesale,Beverages,36,50.78,2925.22,12.39,910.59,3,3.8,USD,"Standard order, no special handling requested by the buyer.",2023-05
ORD-100231,2023-03-03,2023-03-14,11752,user2040@example.com,East,United States,79390,Online,Beverages,18,15.47,400.53,12.11,122.7,6,4.1,USD,,2023-03
ORD-103391,2023-01-08,2023-01-16,11512,user1790@example.com,North,Canada,33367,Online,Frozen,23,28.86,810.14,4.98,261.62,10,3.6,USD,Escalated to the regional service desk for a damaged pallet.,2023-01
ORD-100440,2023-04-26,2023-05-03,11945,user451@example.com,South,Mexico,61206,Online,Snacks,32,31.53,1461.61,8.23,471.22,2,3.6,USD,Escalated to the regional service desk for a damaged pallet.,2023-04
ORD-100525,2023-06-02,2023-06-04,10997,user2949@example.com,East,United States,97206,Retail,Frozen,5,28.29,158.65,18.13,43.51,6,4.1,USD,Escalated to the regional service desk for a damaged pallet.,2023-06
ORD-100624,2023-11-22,2023-11-26,10492,user2882@example.com,East,United States,54284,Online,Frozen,13,40.13,519.86,3.07,170.12,6,4.0,USD,Escalated to the regional service desk for a damaged pallet.,2023-11
ORD-101634,2024-03-14,2024-03-21,11397,user1212@example.com,South,United States,48803,Online,Snacks,22,29.45,947.29,10.82,298.05,11,,USD,Customer requested split delivery across two addresses.,2024-03
ORD-103941,2023-12-02,2023-12-07,11617,user897@example.com,South,Mexico, 90210 ,Wholesale,Bakery,9,19.44,207.93,14.66,63.4,7,4.3,USD,Customer requested split delivery across two addresses.,2023-12
ORD-101372,2024-09-11,2024-09-17,10578,user732@example.com,East,Canada,63882,Online,Dairy,13,34.41,402.7,2.86,139.97,5,4.4,USD,"Standard order, no special handling requested by the buyer.",2024-09
ORD-101722,2023-07-23,2023-07-23,11693,user2817@example.com,West,United States,59944,Online,Frozen,39,22.27,932.19,7.86,292.31,13,3.9,USD,"Standard order, no special handling requested by the buyer.",2023-07
ORD-100094,2023-12-09,2023-12-20,11892,user1313@example.com,north ,Mexico,91431,Retail,Frozen,10,24.21,219.72,2.96,79.26,1,4.1,USD,"Standard order, no special handling requested by the buyer.",2023-12
ORD-102591,2024-09-13,2024-09-23,10538,user2737@example.com,North,United States,27620,Wholesale,Bakery,21,16.03,345.53,11.98,102.12,13,3.5,USD,"Standard order, no special handling requested by the buyer.",2024-09
ORD-103662,2023-03-29,2023-04-05,12344,user386@example.com,South,United States,80598,Wholesale,Snacks,25,24.98,1053.51,13.64,321.96,1,3.4,USD,"Standard order, no special handling requested by the buyer.",2023-03
ORD-103018,2023-01-29,2023-01-29,12417,user1082@example.com,West,Canada,29116,Online,Snacks,7,69.45,642.31,6.62,198.04,8,3.8,USD,,2023-01
ORD-100415,2024-02-02,2024-02-11,10831,user1801@example.com,North,United States,88632,Wholesale,Beverages,1,27.75,42.5,8.11,10.9,6,4.4,USD,Escalated to the regional service desk for a damaged pallet.,2024-02
ORD-100209,2024-04-24,2024-05-03,10135,user772@example.com,North,United States,24511,Online,Bakery,7,27.63,280.58,16.22,85.48,4,3.9,USD,Escalated to the regional service desk for a damaged pallet.,2024-04
ORD-101199,2023-07-02,2023-07-09,10948,user2807@example.com,West,United States,32272,Partner,Produce,7,4.72,29.67,15.16,6.58,2,3.1,USD,,2023-07
ORD-101504,2024-07-28,2024-07-30,12428,user1518@example.com,East,United States,13137,Online,Snacks,6,31.99,200.67,0.0,70.59,5,5.0,USD,,2024-07
ORD-100281,2024-10-21,2024-10-30,10395,user2864@example.com,East,Canada,73486,Wholesale,Produce,38,14.03,551.71,8.39,173.95,7,4.6,USD,"Standard order, no special handling requested by the buyer.",2024-10
ORD-101942,2024-10-31,2024-10-31,12454,user1690@example.com,North,United States,30609,Partner,Bakery,9,17.39,110.62,8.41,36.44,11,4.6,USD,Escalated to the regional service desk for a damaged pallet.,2024-10
ORD-101130,2024-03-31,2024-04-03,10349,user150@example.com,West,United States,70741,Partner,Snacks,12,21.88,295.38,12.92,94.91,12,4.0,USD,Escalated to the regional service desk for a damaged pallet.,2024-03
ORD-102437,2023-06-05,2023-06-12,11489,user2050@example.com,North,United States,57921,Retail,Beverages,26,38.87,1121.92,8.61,358.89,11,4.7,USD,Escalated to the regional service desk for a damaged pallet.,2023-06
ORD-102996,2023-05-25,2023-06-03,10484,user2168@example.com,South,United States,71750,Partner,Household,14,42.56,616.91,3.82,197.14,5,3.6,USD,,2023-05
ORD-102299,2024-10-20,2024-10-21,10342,user1104@example.com,SOUTH,United States,63464,Retail,Snacks,1,37.03,28.33,2.76,5.71,8,4.1,USD,,2024-10
ORD-102937,2023-03-23,2023-03-31,11567,user812@example.com,South,United States,24616,Wholesale,Bakery,18,42.51,1287.97,14.54,388.09,9,4.8,USD,Customer requested split delivery across two addresses.,2023-03
ORD-101157,2023-12-31,2024-01-11,10599,user2692@example.com,East,United States,36311,Online,Household,8,20.57,194.18,10.81,59.26,13,4.3,USD,Customer requested split delivery across two addresses.,2023-12
ORD-102938,2023-05-04,2023-05-12,12133,user2618@example.com,West,Canada,72722,Online,Snacks,30,20.66,885.91,11.7,277.11,8,4.6,USD,Escalated to the regional service desk for a damaged pallet.,2023-05
ORD-103461,2023-09-30,2023-10-09,11156,user728@example.com,North,United States,54526,Retail,Snacks,28,35.13,737.75,15.5,225.06,8,4.5,USD,Escalated to the regional service desk for a damaged pallet.,2023-09
ORD-103802,2024-10-10,2024-10-10,11291,user747@example.com,East,United States,23440,Wholesale,Dairy,26,18.14,480.01,5.47,160.47,13,3.9,USD,Escalated to the regional service desk for a damaged pallet.,2024-10
ORD-100520,2023-11-03,2023-11-14,11037,user96@example.com,North,United States,51431,Online,Household,36,29.54,991.14,7.72,312.97,1,3.8,USD,"Standard order, no special handling requested by the buyer.",2023-11
ORD-101351,2023-02-14,2023-02-17,10575,user2416@example.com,East,United States,54359,Partner,Frozen,6,12.41,78.73,8.81,27.81,6,3.3,USD,"Standard order, no special handling requested by the buyer.",2023-02
ORD-103692,2023-10-05,2023-10-12,10248,user22@example.com,East,United States,56353,Online,Produce,38,37.24,1253.5,12.78,381.79,13,2.9,USD,,2023-10
ORD-101036,2023-12-29,2023-12-30,11300,user2591@example.com,East,United States,69921,Retail,Snacks,37,35.3,1294.86,9.17,412.49,1,4.3,USD,Escalated to the regional service desk for a damaged pallet.,2023-12
ORD-103748,2023-02-24,2023-03-06,11832,user2248@example.com,North,United States,84227,Online,Beverages,25,12.33,437.53,11.25,134.27,2,5.0,USD,Customer requested split delivery across two addresses.,2023-02
ORD-100668,2024-02-29,2024-03-08,12244,user123@example.com,South,Canada,30027,Online,Beverages,4,10.36,59.4,5.13,24.69,6,4.9,USD,Escalated to the regional service desk for a damaged pallet.,2024-02
ORD-100017,2024-02-01,2024-02-02,11576,user677@example.com,South,United States,48689,Retail,Household,6,17.23,116.91,6.11,38.35,2,5.0,USD,Customer requested split delivery across two addresses.,2024-02
ORD-102924,2023-09-07,2023-09-18,11946,user2040@example.com,West,Canada,93712,Partner,Snacks,15,14.55,151.37,0.0,51.23,10,5.0,USD,Customer requested split delivery across two addresses.,2023-09
ORD-102286,2024-07-10,2024-07-10,10514,user2227@example.com,North,United States,39148,Partner,Snacks,25,10.8,233.11,0.0,76.25,2,3.5,USD,Customer requested split delivery across two addresses.,2024-07
ORD-103795,2023-04-24,2023-05-04,10615,user330@example.com,West,United States,91268,Online,Beverages,30,16.48,718.2,16.64,215.27,1,3.7,USD,"Standard order, no special handling requested by the buyer.",2023-04
ORD-103061,2023-03-14,2023-03-22,12405,user1221@example.com,north ,United States,56621,Retail,Snacks,25,47.46,1468.61,4.34,489.74,7,3.1,USD,Customer requested split delivery across two addresses.,2023-03
ORD-102769,2024-03-26,2024-04-04,10855,user752@example.com,South,United States,64524,Wholesale,Produce,29,49.17,2404.29,7.52,766.57,3,,USD,"Standard order, no special handling requested by the buyer.",2024-03
ORD-100753,2024-09-01,2024-09-06,11506,user2227@example.com,South,Mexico,42733,Partner,Snacks,17,12.19,145.47,10.68,,4,4.3,USD,,2024-09
ORD-101262,2024-09-16,2024-09-23,11319,user122@example.com,West,United States,93295,Online,Produce,11,14.33,140.8,13.46,32.58,3,4.8,USD,Customer requested split delivery across two addresses.,2024-09
ORD-102261,2023-11-05,2023-11-14,12070,user1115@example.com,South,United States,90809,Retail,Frozen,15,11.89,141.72,12.51,44.18,11,4.3,USD,,2023-11
ORD-103288,2024-08-05,2024-08-08,11308,user377@example.com,South,United States,64271,Online,Household,25,38.14,963.74,14.45,297.68,4,4.3,USD,Customer requested split delivery across two addresses.,2024-08
ORD-100957,2023-05-10,2023-05-15,10076,user2242@example.com,South,Mexico,64105,Partner,Produce,17,29.42,538.54,12.04,171.41,8,3.7,USD,,2023-05
ORD-103130,2023-04-07,2023-04-08,12374,user1131@example.com,West,Mexico,95970,Retail,Household,12,39.48,591.62,10.84,180.67,8,4.0,USD,,2023-04
ORD-101637,2023-01-06,2023-01-08,11897,user2768@example.com,north ,United States,10367,Online,Frozen,17,22.54,463.81,11.16,146.38,9,4.8,USD,Customer requested split delivery across two addresses.,2023-01
ORD-103494,2024-02-29,2024-03-07,10121,user2071@example.com,East,United States,32449,Retail,Bakery,15,21.45,390.83,0.0,132.9,6,2.9,USD,Escalated to the regional service desk for a damaged pallet.,2024-02
ORD-102615,2024-11-16,2024-11-20,10592,user1756@example.com,South,Canada,45911,Partner,Dairy,15,34.85,389.66,10.51,119.14,10,3.8,USD,"Standard order, no special handling requested by the buyer.",2024-11
ORD-101445,2023-07-02,2023-07-07,11978,user1802@example.com,North,United States,51068,Online,Dairy,30,7.83,276.59,15.41,81.01,11,4.7,USD,,2023-07
ORD-102116,2023-03-30,2023-04-10,10832,user2009@example.com,South,United States,15378,Online,Beverages,34,15.78,791.25,1.38,266.17,3,3.6,USD,,2023-03
ORD-102133,2023-09-04,2023-09-06,11609,user1293@example.com,West,Canada,78177,Online,Frozen,31,47.32,1343.3,6.71,432.66,6,3.7,USD,Escalated to the regional service desk for a damaged pallet.,2023-09
ORD-103772,2024-10-19,2024-10-23,11893,user2960@example.com,East,United States,14605,Retail,Dairy,11,17.02,142.96,4.14,,1,5.0,USD,Customer requested split delivery across two addresses.,2024-10
ORD-100912,2024-05-16,2024-05-19,11887,user960@example.com,North,United States,55316,Retail,Beverages,34,32.04,35882.56,7.78,411.17,2,4.7,USD,,2024-05
ORD-102514,2024-05-28,2024-05-29,11649,user114@example.com,West,United States,13054,Online,Produce,7,40.99,384.73,14.72,122.12,4,4.0,USD,"Standard order, no special handling requested by the buyer.",2024-05
ORD-102927,2023-01-17,2023-01-23,10087,user218@example.com,South,United States,14506,Wholesale,Bakery,5,50.61,366.26,5.81,119.32,5,4.2,USD,,2023-01
ORD-101963,2023-10-14,2023-10-21,10924,user1344@example.com,East,United States,78112,Online,Snacks,22,53.54,1051.42,4.93,344.25,7,,USD,"Standard order, no special handling requested by the buyer.",2023-10
ORD-102477,2023-06-29,2023-06-29,10048,user1368@example.com,West,Canada,19515,Retail,Dairy,11,18.98,211.03,6.15,63.51,5,,USD,Customer requested split delivery across two addresses.,2023-06
ORD-100417,2024-10-16,2024-10-16,11050,user731@example.com,north ,United States,24753,Online,Household,7,37.12,232.94,10.46,75.51,11,4.7,USD,Customer requested split delivery across two addresses.,2024-10
ORD-100412,2023-08-24,2023-08-26,12071,user2880@example.com,North,Canada,99450,Partner,Produce,19,17.52,239.96,20.48,72.23,2,5.0,USD,Customer requested split delivery across two addresses.,2023-08
ORD-100196,2023-08-04,2023-08-15,11279,user104@example.com,North,United States,33980,Online,Beverages,2,15.51,31.61,7.06,8.47,12,,USD,,2023-08
ORD-103866,2024-06-06,2024-06-15,10832,user2487@example.com,East,United States,11481,Online,Dairy,39,22.22,1127.21,14.17,349.15,9,5.0,USD,"Standard order, no special handling requested by the buyer.",2024-06
ORD-101752,2024-07-29,2024-08-04,11419,user2031@example.com,North,United States,21589,Online,Frozen,6,23.28,145.41,8.94,49.86,5,4.2,USD,Customer requested split delivery across two addresses.,2024-07
ORD-100284,2023-07-28,2023-08-05,11500,user139@example.com,East,Canada,30701,Online,Snacks,32,46.5,1562.47,0.83,522.18,5,4.0,USD,,2023-07
ORD-101135,2024-06-25,2024-07-03,12325,user573@example.com,North,United States,17172,Retail,Produce,10,17.55,179.65,4.65,59.51,7,3.4,USD,Escalated to the regional service desk for a damaged pallet.,2024-06
ORD-101568,2024-02-22,2024-03-02,10504,user36@example.com,West,United States,81654,Online,Dairy,17,12.98,311.87,3.94,101.66,6,5.0,USD,Customer requested split delivery across two addresses.,2024-02
ORD-101169,2023-12-27,2023-12-29,11469,user643@example.com,South,United States,55802,Online,Produce,12,12.77,177.71,1.03,60.24,8,4.1,USD,Escalated to the regional service desk for a damaged pallet.,2023-12
ORD-102714,2023-10-09,2023-10-09,11356,user1782@example.com,East,Mexico,14533,Online,Produce,37,27.73,911.07,7.1,296.36,3,3.5,USD,Escalated to the regional service desk for a damaged pallet.,2023-10
ORD-102732,2023-10-31,2023-11-06,10995,user1906@example.com,East,United States,29363,Wholesale,Produce,18,18.27,347.68,6.27,112.51,6,3.0,USD,Escalated to the regional service desk for a damaged pallet.,2023-10
ORD-102428,2024-09-01,2024-09-08,11681,user1666@example.com,North,United States,31886,Online,Dairy,15,36.41,502.67,10.61,159.4,10,3.4,USD,,2024-09
ORD-103571,2023-05-29,2023-06-05,10815,user1981@example.com,West,United States,90690,Online,Produce,13,23.11,402.83,9.56,127.09,4,4.5,USD,"Standard order, no special handling requested by the buyer.",2023-05
ORD-103060,2023-08-02,2023-08-03,10452,user1684@example.com,North,United States,35881,Online,Snacks,35,14.73,529.86,5.66,176.6,4,3.3,USD,Escalated to the regional service desk for a damaged pallet.,2023-08
ORD-102896,2024-03-17,2024-03-26,11354,user738@example.com,West,United States,28026,Retail,Beverages,14,22.28,387.57,14.2,126.2,12,2.7,USD,"Standard order, no special handling requested by the buyer.",2024-03
ORD-101803,2024-03-19,2024-03-27,11545,user1707@example.com,North,Canada,73562,Online,Household,38,27.38,1527.85,2.57,509.46,11,3.6,USD,,2024-03
ORD-102338,2024-11-03,2024-11-07,11625,user1609@example.com,North,Canada,60806,Wholesale,Snacks,17,31.93,580.52,4.7,186.01,1,3.9,USD,"Standard order, no special handling requested by the buyer.",2024-11
ORD-103460,2024-05-10,2024-05-17,11245,user496@example.com,North,United States,31762,Retail,Beverages,12,49.55,709.79,8.44,233.58,12,3.8,USD,Customer requested split delivery across two addresses.,2024-05
ORD-100359,2023-06-20,2023-06-24,11783,user2033@example.com,East,Mexico,53880,Online,Snacks,27,52.62,1758.9,10.17,545.59,10,4.0,USD,Customer requested split delivery across two addresses.,2023-06
ORD-103478,2024-01-05,2024-01-06,10756,user1437@example.com,South,Mexico,65328,Wholesale,Bakery,26,37.08,1329.48,0.0,446.71,6,4.5,USD,Customer requested split delivery across two addresses.,2024-01
ORD-102412,2023-05-22,2023-05-23,10698,user617@example.com,West,Mexico,81056,Wholesale,Bakery,9,18.47,260.43,1.84,84.83,9,3.8,USD,,2023-05
ORD-102572,2024-04-21,2024-04-24,11912,user668@example.com,North,United States,68435,Retail,Produce,15,34.1,631.3,4.43,209.92,2,3.5,USD,Escalated to the regional service desk for a damaged pallet.,2024-04
ORD-100574,2023-11-01,2023-11-02,11234,user2244@example.com,North,United States,19903,Online,Beverages,33,35.66,1090.48,2.99,359.26,6,4.0,USD,"Standard order, no special handling requested by the buyer.",2023-11
ORD-103543,2024-06-09,2024-06-10,11358,user1766@example.com,West,United States,89644,Online,Dairy,2,31.03,79.85,10.75,24.1,7,3.8,USD,Escalated to the regional service desk for a damaged pallet.,2024-06
ORD-102031,2023-05-23,2023-06-02,11794,user2236@example.com,South,United States,27910,Retail,Beverages,27,18.08,564.89,9.57,183.63,1,4.1,USD,Escalated to the regional service desk for a damaged pallet.,2023-05
ORD-100693,2023-12-23,2023-12-31,12017,user887@example.com,North,United States,68434,Retail,Frozen,9,21.95,190.77,12.92,59.0,6,4.7,USD,"Standard order, no special handling requested by the buyer.",2023-12
ORD-102752,2023-11-15,2023-11-17,11523,user1183@example.com,East,United States,16782,Retail,Frozen,23,33.47,632.85,4.55,203.04,4,3.5,USD,"Standard order, no special handling requested by the buyer.",2023-11
ORD-100112,2023-01-10,2023-01-20,10888,user575@example.com,West,Canada,83257,Partner,Household,13,12.91,157.52,12.77,47.54,2,2.7,USD,"Standard order, no special handling requested by the buyer.",2023-01
ORD-103174,2023-08-09,2023-08-15,11447,user1923@example.com,East,United States,39305,Retail,Dairy,27,17.2,392.97,17.07,109.96,8,4.5,USD,,2023-08
ORD-100414,2023-09-18,2023-09-21,12417,user2275@example.com,South,United States,84140,Partner,Snacks,39,29.21,775.1,0.0,266.75,12,4.0,USD,Customer requested split delivery across two addresses.,2023-09
ORD-102637,2024-09-20,2024-09-28,10815,user2541@example.com,South,Canada,49395,Retail,Household,11,28.09,232.83,2.36,76.89,5,3.9,USD,Customer requested split delivery across two addresses.,2024-09
ORD-101214,2024-11-21,2024-11-23,11511,user1848@example.com,North,United States,93448,Online,Beverages,18,36.36,652.19,14.53,194.01,2,5.0,USD,Escalated to the regional service desk for a damaged pallet.,2024-11
ORD-100338,2024-08-15,2024-08-16,12467,user914@example.com,West,United States,96111,Online,Dairy,1,34.6,33.63,13.43,16.34,12,3.0,USD,Customer requested split delivery across two addresses.,2024-08
ORD-102534,2023-01-05,2023-01-09,11134,user116@example.com,north ,United States,42246,Wholesale,Beverages,22,31.37,26647.88,2.95,321.93,2,4.8,USD,Escalated to the regional service desk for a damaged pallet.,2023-01
ORD-101076,2023-12-12,2023-12-19,10949,user1522@example.com,East,United States,52490,Online,Produce,7,27.59,209.59,8.17,66.75,5,3.7,USD,Escalated to the regional service desk for a damaged pallet.,2023-12
ORD-103100,2024-11-19,2024-11-27,11551,user1979@example.com,West,Mexico,35742,Retail,Beverages,31,13.88,360.51,15.91,100.8,12,4.0,USD,Escalated to the regional service desk for a damaged pallet.,2024-11
ORD-101089,2024-10-28,2024-10-29,11177,user828@example.com,North,United States,62547,Wholesale,Frozen,6,21.01,132.57,10.18,41.25,4,4.4,USD,,2024-10
ORD-102922,2023-04-21,2023-05-02,10967,user1509@example.com,North,Mexico,20204,Online,Household,25,28.1,1024.33,12.98,318.77,2,3.9,USD,"Standard order, no special handling requested by the buyer.",2023-04
ORD-103992,2023-01-19,2023-01-25,11195,user2740@example.com,South,United States,41880,Online,Bakery,28,29.87,1066.17,12.11,330.49,12,3.2,USD,Customer requested split delivery across two addresses.,2023-01
ORD-101826,2024-11-18,2024-11-28,10520,user1288@example.com,East,United States,33223,Online,Frozen,24,22.72,537.0,5.18,179.68,7,3.6,USD,"Standard order, no special handling requested by the buyer.",2024-11
ORD-103393,2023-06-12,2023-06-22,10106,user2290@example.com,North,United States,40999,Online,Frozen,3,22.97,88.01,16.45,21.15,7,4.0,USD,Escalated to the regional service desk for a damaged pallet.,2023-06
ORD-102891,2024-05-10,2024-05-16,10854,user714@example.com,East,United States,11323,Retail,Frozen,28,39.48,1319.59,2.46,444.61,5,2.6,USD,Customer requested split delivery across two addresses.,2024-05
ORD-103014,2023-09-06,2023-09-14,10402,user317@example.com,South,United States,86297,Wholesale,Beverages,32,20.22,674.65,2.51,235.98,9,3.9,USD,"Standard order, no special handling requested by the buyer.",2023-09
ORD-102642,2023-03-14,2023-03-16,11496,user2366@example.com,South,United States,68805,Partner,Snacks,29,13.13,424.17,7.22,140.98,8,5.0,USD,Escalated to the regional service desk for a damaged pallet.,2023-03
ORD-100927,2023-03-13,2023-03-18,11288,user2798@example.com,East,Mexico,70876,Online,Bakery,32,35.18,1642.43,18.94,479.55,1,4.3,USD,,2023-03
ORD-102356,2023-06-23,2023-07-04,10392,user1033@example.com,West,United States,11967,Online,Beverages,3,78.83,289.23,14.95,92.91,6,3.8,USD,"Standard order, no special handling requested by the buyer.",2023-06
ORD-101926,2023-06-26,2023-07-05,11663,user1324@example.com,East,United States,18218,Partner,Beverages,13,18.63,223.12,12.53,68.73,3,4.6,USD,,2023-06
ORD-103458,2024-11-01,2024-11-04,11608,user2492@example.com,West,Mexico,16397,Retail,Beverages,26,28.38,581.11,16.93,171.92,8,4.7,USD,,2024-11
ORD-101895,2023-12-29,2024-01-07,10059,user2215@example.com,North,United States,36585,Partner,Frozen,12,11.11,118.96,15.37,,3,4.3,USD,"Standard order, no special handling requested by the buyer.",2023-12
ORD-101378,2024-08-11,2024-08-22,10974,user241@example.com,South,United States,73573,Online,Snacks,22,15.15,328.88,18.71,100.06,8,5.0,USD,Escalated to the regional service desk for a damaged pallet.,2024-08
ORD-102106,2024-09-03,2024-09-13,10081,user1300@example.com,East,United States,43182,Retail,Beverages,4,17.42,1513.96,6.53,14.87,4,3.6,USD,,2024-09
ORD-100159,2023-11-22,2023-12-02,10627,user703@example.com,East,United States,52152,Partner,Beverages,38,36.87,1064.86,8.62,351.3,13,4.1,USD,,2023-11
ORD-103868,2023-01-29,2023-02-01,11772,user2948@example.com,North,Canada,95284,Retail,Snacks,31,18.91,656.37,0.0,227.36,4,3.8,USD,"Standard order, no special handling requested by the buyer.",2023-01
ORD-102234,2023-01-25,2023-02-03,10476,user2477@example.com,north ,Canada,69576,Online,Beverages,18,20.45,479.66,7.38,154.67,1,4.9,USD,"Standard order, no special handling requested by the buyer.",2023-01
ORD-100244,2023-02-16,2023-02-22,12471,user75@example.com,SOUTH,United States,72108,Online,Household,24,34.42,1151.12,5.63,378.55,10,3.3,USD,Customer requested split delivery across two addresses.,2023-02
ORD-103439,2024-11-01,2024-11-04,10665,user1852@example.com,East,Mexico,25416,Partner,Dairy,19,33.25,447.78,3.26,147.35,6,4.3,USD,Escalated to the regional service desk for a damaged pallet.,2024-11
ORD-101099,2024-06-15,2024-06-20,11453,user137@example.com,SOUTH,United States,16728,Retail,Beverages,4,15.69,66.9,12.19,,7,4.9,USD,Customer requested split delivery across two addresses.,2024-06
ORD-102205,2024-04-23,2024-04-29,11200,user816@example.com,East,United States,91924,Partner,Household,15,14.68,243.97,13.57,71.48,11,4.8,USD,,2024-04
ORD-102174,2024-09-11,2024-09-19,10403,user2935@example.com,SOUTH,United States,27973,Retail,Dairy,6,19.45,89.03,10.05,28.74,10,4.4,USD,Customer requested split delivery across two addresses.,2024-09
ORD-101768,2023-11-16,2023-11-26,11613,user779@example.com,West,United States,62072,Online,Bakery,21,38.45,786.18,8.83,251.56,5,4.4,USD,Customer requested split delivery across two addresses.,2023-11
ORD-102370,2024-11-22,2024-12-01,10691,user2683@example.com,West,Canada,72802,Wholesale,Bakery,4,23.26,106.5,13.51,34.98,9,3.9,USD,"Standard order, no special handling requested by the buyer.",2024-11
ORD-101083,2024-09-08,2024-09-13,11409,user890@example.com,South,Canada,70178,Online,Beverages,11,17.76,176.89,2.45,60.89,10,4.1,USD,,2024-09
ORD-102852,2024-06-07,2024-06-16,10305,user1545@example.com,East,Canada,19880,Retail,Beverages,35,19.18,737.35,12.03,228.1,2,3.3,USD,Customer requested split delivery across two addresses.,2024-06
ORD-103284,2024-08-17,2024-08-20,10756,user2346@example.com,East,United States,70613,Online,Produce,4,36.58,141.17,5.0,46.15,8,4.9,USD,Customer requested split delivery across two addresses.,2024-08
ORD-102825,2023-03-31,2023-03-31,11547,user23@example.com,north ,United States,77336,Online,Snacks,8,25.87,305.25,2.67,101.19,9,3.4,USD,Customer requested split delivery across two addresses.,2023-03
ORD-103175,2023-01-21,2023-01-31,10484,user1976@example.com,East,United States,14410,Online,Bakery,19,37.16,906.79,4.65,296.46,10,4.7,USD,,2023-01
ORD-103901,2023-12-14,2023-12-22,11495,user2983@example.com,South,United States,54974,Retail,Bakery,22,51.99,1061.29,10.98,328.46,7,3.4,USD,Customer requested split delivery across two addresses.,2023-12
ORD-102230,2024-04-24,2024-05-04,10580,user2436@example.com,East,United States,84448,Partner,Snacks,27,19.72,589.12,9.05,181.88,11,3.8,USD,,2024-04
ORD-102901,2024-07-24,2024-08-02,10651,user74@example.com,East,United States,94253,Online,Beverages,35,41.71,1553.12,12.52,476.59,4,3.6,USD,Escalated to the regional service desk for a damaged pallet.,2024-07
ORD-100845,2024-03-29,2024-04-04,10401,user2711@example.com,West,United States,19099,Retail,Household,8,11.53,115.28,19.42,35.91,4,4.3,USD,Escalated to the regional service desk for a damaged pallet.,2024-03
ORD-101396,2023-07-03,2023-07-12,10061,user2521@example.com,North,United States,74298,Wholesale,Snacks,10,25.03,335.72,12.33,103.38,1,4.6,USD,"Standard order, no special handling requested by the buyer.",2023-07
ORD-101544,2024-01-10,2024-01-11,10110,user579@example.com,South,United States,89679,Online,Dairy,38,24.38,1140.01,8.77,359.46,13,3.3,USD,"Standard order, no special handling requested by the buyer.",2024-01
ORD-103515,2023-05-14,2023-05-19,11467,user2524@example.com,North,United States,53765,Online,Household,7,24.26,237.52,4.72,75.22,6,,USD,Escalated to the regional service desk for a damaged pallet.,2023-05
ORD-101794,2023-07-09,2023-07-13,11749,user2183@example.com,South,United States,55577,Retail,Dairy,24,22.93,532.61,12.07,164.66,9,3.2,USD,Escalated to the regional service desk for a damaged pallet.,2023-07
ORD-101252,2023-05-31,2023-06-01,11964,user2876@example.com,North,Canada,24448,Partner,Beverages,6,39.07,238.2,19.78,72.62,11,5.0,USD,Escalated to the regional service desk for a damaged pallet.,2023-05
ORD-101773,2024-05-16,2024-05-27,11238,user632@example.com,East,United States,64693,Retail,Bakery,4,4.3,20.23,10.77,-0.08,6,,USD,Customer requested split delivery across two addresses.,2024-05
ORD-100273,2024-11-08,2024-11-17,11775,user2053@example.com,South,United States,66468,Partner,Frozen,24,27.88,484.73,6.33,160.02,7,4.3,USD,Escalated to the regional service desk for a damaged pallet.,2024-11
ORD-102923,2024-04-01,2024-04-12,10159,user991@example.com,North,United States,84967,Online,Snacks,35,18.36,947.82,11.37,293.82,4,4.4,USD,"Standard order, no special handling requested by the buyer.",2024-04
ORD-100182,2024-03-16,2024-03-27,10884,user2223@example.com,North,United States,67626,Online,Snacks,34,14.05,699.78,2.68,236.45,5,4.8,USD,,2024-03
ORD-103697,2023-11-29,2023-11-30,11548,user1702@example.com,South,Mexico,13455,Retail,Beverages,21,25.95,473.64,10.13,144.17,8,4.6,USD,"Standard order, no special handling requested by the buyer.",2023-11
ORD-101075,2024-09-06,2024-09-17,10174,user2067@example.com,South,United States,60420,Online,Household,9,86.71,709.62,0.0,236.83,3,3.5,USD,,2024-09
ORD-103269,2023-06-15,2023-06-23,10835,user1881@example.com,North,United States,15461,Online,Frozen,3,9.57,36.25,13.42,8.35,10,4.5,USD,Escalated to the regional service desk for a damaged pallet.,2023-06
ORD-101817,2023-03-23,2023-03-31,10563,user328@example.com,East,Mexico,55508,Partner,Frozen,32,19.23,690.53,5.57,220.68,4,5.0,USD,Customer requested split delivery across two addresses.,2023-03
ORD-100462,2024-11-30,2024-12-11,11028,user1490@example.com,North,United States,14129,Retail,Produce,1,27.08,23.74,11.04,6.96,2,3.4,USD,Customer requested split delivery across two addresses.,2024-11
ORD-103523,2024-07-08,2024-07-10,10008,user1546@example.com,North,Canada,37399,Retail,Dairy,3,8.07,23.43,7.81,4.85,10,5.0,USD,"Standard order, no special handling requested by the buyer.",2024-07
ORD-102137,2024-04-15,2024-04-26,12498,user999@example.com,East,United States,78897,Online,Frozen,30,8.8,386.9,7.53,132.88,10,4.6,USD,,2024-04
ORD-103296,2024-05-06,2024-05-14,11344,user501@example.com,West,United States,43873,Retail,Dairy,33,13.5,536.44,11.12,163.88,4,4.4,USD,"Standard order, no special handling requested by the buyer.",2024-05
ORD-103857,2024-01-27,2024-01-31,12187,user587@example.com,East,Canada,61522,Partner,Produce,34,21.95,746.94,16.51,227.76,10,3.8,USD,"Standard order, no special handling requested by the buyer.",2024-01
ORD-103558,2023-12-21,2023-12-30,11848,user910@example.com,South,Canada,36992,Online,Bakery,6,30.03,203.51,2.93,67.1,6,3.4,USD,,2023-12
ORD-100050,2023-05-21,2023-05-28,11512,user287@example.com,East,United States,87763,Online,Snacks,6,33.03,272.15,5.19,91.1,13,3.8,USD,Escalated to the regional service desk for a damaged pallet.,2023-05
ORD-100853,2023-07-27,2023-07-30,10524,user1508@example.com,East,Canada,57716,Online,Beverages,2,27.52,58.05,11.34,15.63,9,4.4,USD,Escalated to the regional service desk for a damaged pallet.,2023-07
ORD-102463,2024-10-14,2024-10-25,10678,user409@example.com,East,United States,45307,Online,Dairy,2,32.49,58.08,4.95,29.75,4,3.8,USD,"Standard order, no special handling requested by the buyer.",2024-10
ORD-102724,2023-06-22,2023-06-27,10869,user2397@example.com,North,United States,73778,Online,Dairy,36,38.44,1699.39,3.53,561.21,4,,USD,Escalated to the regional service desk for a damaged pallet.,2023-06
ORD-103438,2023-11-17,2023-11-21,10114,user172@example.com,South,United States, 90210 ,Online,Snacks,8,33.11,258.87,7.82,81.72,8,4.5,USD,,2023-11
ORD-100534,2024-01-16,2024-01-23,12082,user1993@example.com,North,United States,20607,Online,Produce,24,23.24,702.9,7.86,222.84,1,5.0,USD,,2024-01
ORD-101854,2023-02-07,2023-02-10,11988,user2906@example.com,East,United States,79343,Online,Household,3,44.65,182.11,13.81,52.13,6,4.8,USD,,2023-02
ORD-100234,2024-03-24,2024-03-25,11927,user512@example.com,West,Mexico,14049,Online,Beverages,3,19.61,86.64,6.95,29.13,12,5.0,USD,,2024-03
ORD-101513,2023-08-19,2023-08-30,10130,user1792@example.com,North,Canada,91258,Online,Produce,29,12.11,337.61,2.0,111.45,12,4.6,USD,"Standard order, no special handling requested by the buyer.",2023-08
ORD-100680,2023-08-27,2023-08-31,12269,user1065@example.com,East,United States,30690,Online,Household,27,17.36,438.83,7.18,139.55,9,3.9,USD,Escalated to the regional service desk for a damaged pallet.,2023-08
ORD-103728,2024-01-28,2024-02-03,10037,user219@example.com,South,United States,27488,Online,Beverages,6,14.09,111.32,13.2,30.41,3,3.1,USD,Escalated to the regional service desk for a damaged pallet.,2024-01
ORD-100581,2023-10-09,2023-10-20,11288,user1497@example.com,West,Canada,57894,Online,Produce,30,31.45,837.8,11.86,264.84,4,4.6,USD,Escalated to the regional service desk for a damaged pallet.,2023-10
ORD-102449,2023-05-04,2023-05-04,12300,user1242@example.com,South,Mexico,53119,Online,Household,18,16.6,427.09,10.04,140.28,11,4.5,USD,,2023-05
ORD-100698,2024-03-29,2024-04-06,12066,user2053@example.com,East,United States,61077,Retail,Beverages,9,16.5,185.6,2.31,64.18,11,4.4,USD,Customer requested split delivery across two addresses.,2024-03
ORD-101761,2024-10-23,2024-11-01,10134,user2023@example.com,West,United States,44468,Partner,Bakery,3,26.61,55.3,2.36,21.33,3,4.1,USD,Escalated to the regional service desk for a damaged pallet.,2024-10
ORD-100438,2024-07-28,2024-08-02,12159,user2463@example.com,North,Canada,64026,Partner,Household,37,41.94,1237.42,6.87,401.71,9,4.4,USD,"Standard order, no special handling requested by the buyer.",2024-07
ORD-100527,2024-09-29,2024-10-03,10713,user1347@example.com,South,United States,45798,Retail,Produce,8,9.87,59.22,4.14,24.76,2,3.5,USD,,2024-09
ORD-100628,2024-09-16,2024-09-22,11007,user2291@example.com,North,United States,55026,Retail,Snacks,2,77.52,117.36,5.54,43.61,13,4.3,USD,Customer requested split delivery across two addresses.,2024-09
ORD-103440,2023-06-26,2023-07-07,10314,user1124@example.com,South,Canada,33659,Partner,Household,16,27.67,407.86,22.67,110.09,8,3.3,USD,Customer requested split delivery across two addresses.,2023-06
ORD-101900,2024-09-27,2024-09-27,11209,user2151@example.com,West,United States,94585,Online,Snacks,34,25.79,776.31,8.44,249.57,3,4.5,USD,Escalated to the regional service desk for a damaged pallet.,2024-09
ORD-100717,2024-06-20,2024-06-21,11114,user1804@example.com,South,United States,48818,Online,Bakery,6,21.9,162.02,4.07,50.41,5,2.8,USD,,2024-06
ORD-101887,2023-06-01,2023-06-08,10875,user1131@example.com,West,United States,41773,Online,Beverages,25,20.7,687.17,5.89,224.82,11,4.1,USD,Escalated to the regional service desk for a damaged pallet.,2023-06
ORD-103223,2024-05-22,2024-05-24,11925,user919@example.com,East,Canada,30451,Wholesale,Beverages,3,17.36,81.36,4.55,24.54,8,4.5,USD,"Standard order, no special handling requested by the buyer.",2024-05
ORD-101463,2024-09-10,2024-09-10,10057,user1569@example.com,East,United States,60280,Wholesale,Produce,37,30.09,1148.75,17.58,338.43,4,3.1,USD,,2024-09
ORD-102180,2023-10-28,2023-11-05,12373,user1866@example.com,West,United States,92697,Wholesale,Snacks,5,7.78,40.8,8.69,,8,3.8,USD,Escalated to the regional service desk for a damaged pallet.,2023-10
ORD-100738,2024-02-17,2024-02-28,12041,user90@example.com,,United States,60866,Retail,Snacks,17,21.31,428.87,9.5,139.42,9,5.0,USD,"Standard order, no special handling requested by the buyer.",2024-02
ORD-102077,2023-05-28,2023-06-03,11908,user992@example.com,East,Canada,99114,Partner,Snacks,29,18.18,540.88,14.3,,6,,USD,"Standard order, no special handling requested by the buyer.",2023-05
ORD-102687,2023-03-21,2023-03-29,10508,user485@example.com,North,United States,57800,Online,Bakery,20,41.89,1231.13,0.0,418.78,11,3.6,USD,,2023-03
ORD-101964,2023-07-31,2023-08-09,11585,user2488@example.com,East,United States,96194,Retail,Household,11,17.56,169.68,13.24,55.41,8,4.2,USD,"Standard order, no special handling requested by the buyer.",2023-07
ORD-100238,2024-03-12,2024-03-12,11253,user1608@example.com,SOUTH,United States,63083,Partner,Dairy,6,43.15,288.09,10.63,92.55,1,4.1,USD,Customer requested split delivery across two addresses.,2024-03
ORD-102109,2024-02-18,2024-02-27,10370,user1145@example.com,East,United States,88166,Online,Dairy,-25,36.17,1266.27,12.92,384.61,5,2.8,USD,"Standard order, no special handling requested by the buyer.",2024-02
ORD-101359,2023-07-23,2023-08-01,10987,user1115@example.com,East,United States,38289,Wholesale,Frozen,18,25.7,568.04,15.78,167.45,2,4.1,USD,Customer requested split delivery across two addresses.,2023-07
ORD-101690,2024-10-27,2024-10-27,10619,user2941@example.com,South,Mexico,13343,Wholesale,Dairy,21,28.9,636.61,1.06,211.67,13,3.8,USD,Escalated to the regional service desk for a damaged pallet.,2024-10
ORD-102371,2023-12-21,2023-12-30,10860,user2033@example.com,South,United States,29476,Online,Bakery,6,56.21,380.92,8.89,120.91,11,3.9,USD,Customer requested split delivery across two addresses.,2023-12
ORD-102676,2023-11-03,2023-11-06,11159,user2677@example.com,North,United States,47492,Online,Frozen,26,70.3,1703.54,15.44,511.68,4,3.6,USD,,2023-11
ORD-103039,2024-07-16,2024-07-22,11155,user133@example.com,South,United States,74627,Retail,Beverages,25,11.39,265.98,0.21,92.19,4,3.9,USD,"Standard order, no special handling requested by the buyer.",2024-07
ORD-101878,2023-08-18,2023-08-29,11589,user2890@example.com,north ,Canada,54816,Retail,Household,20,18.96,310.04,0.0,106.24,13,3.8,USD,Escalated to the regional service desk for a damaged pallet.,2023-08
ORD-100769,2024-02-13,2024-02-17,11068,user1711@example.com,West,United States,44875,Partner,Bakery,16,6.96,117.44,4.06,39.26,3,4.4,USD,Customer requested split delivery across two addresses.,2024-02
ORD-103977,2023-11-19,2023-11-25,10461,user729@example.com,South,Canada,70778,Retail,Frozen,35,8.7,254.13,4.43,91.06,5,3.0,USD,Escalated to the regional service desk for a damaged pallet.,2023-11
ORD-103883,2023-06-01,2023-06-07,12019,user2256@example.com,West,United States,64342,Online,Bakery,7,32.24,299.67,5.08,90.77,13,5.0,USD,,2023-06
ORD-101020,2023-10-01,2023-10-10,11323,user1035@example.com,South,United States,81002,Online,Snacks,13,17.94,206.4,7.33,70.08,2,4.4,USD,"Standard order, no special handling requested by the buyer.",2023-10
ORD-100379,2023-02-13,2023-02-24,10589,user1967@example.com,North,United States,24489,Retail,Frozen,20,26.14,612.6,1.16,212.24,9,3.1,USD,Escalated to the regional service desk for a damaged pallet.,2023-02
ORD-101582,2023-02-07,2023-02-08,11571,user63@example.com,South,Mexico,90623,Retail,Frozen,38,23.78,29150.799999999996,5.36,336.9,13,3.8,USD,"Standard order, no special handling requested by the buyer.",2023-02
ORD-103587,2023-06-19,2023-06-19,11458,user2658@example.com,West,Mexico,11545,Online,Dairy,32,25.86,1028.6,0.0,350.62,1,4.6,USD,Escalated to the regional service desk for a damaged pallet.,2023-06
ORD-101975,2024-08-20,2024-08-26,11231,user2541@example.com,North,United States,28811,Online,Beverages,36,25.31,869.84,7.06,271.27,7,4.3,USD,Escalated to the regional service desk for a damaged pallet.,2024-08
ORD-100747,2024-05-26,2024-06-04,11660,user2678@example.com,North,United States,13123,Online,Household,15,27.26,551.71,0.74,187.24,10,4.1,USD,"Standard order, no special handling requested by the buyer.",2024-05
ORD-101771,2023-09-10,2023-09-15,11127,user2774@example.com,East,Canada,68333,Online,Snacks,29,16.87,442.08,8.26,138.05,4,3.6,USD,,2023-09
ORD-103102,2024-01-10,2024-01-15,10676,user2138@example.com,north ,United States,32073,Online,Produce,16,15.98,314.62,14.2,96.48,2,3.8,USD,Escalated to the regional service desk for a damaged pallet.,2024-01
ORD-101432,2023-04-17,2023-04-26,12005,user2149@example.com,North,Canada,89411,Online,Snacks,13,26.39,502.33,6.14,161.58,2,4.3,USD,Customer requested split delivery across two addresses.,2023-04
ORD-102398,2023-12-23,2023-12-28,10154,user427@example.com,South,United States,78127,Online,Produce,27,11.61,357.2,10.27,109.23,4,4.1,USD,Customer requested split delivery across two addresses.,2023-12
ORD-103320,2024-05-14,2024-05-23,12230,user39@example.com,South,United States,78818,Wholesale,Frozen,14,38.37,857.46,14.07,264.07,8,3.4,USD,,2024-05
ORD-103627,2024-06-16,2024-06-24,11376,user759@example.com,East,Canada,67805,Partner,Household,19,13.16,238.93,8.14,,7,4.1,USD,Customer requested split delivery across two addresses.,2024-06
ORD-101815,2024-07-06,2024-07-06,12337,user1282@example.com,West,United States,75895,Wholesale,Dairy,33,35.68,1551.98,9.61,490.69,6,3.6,USD,Escalated to the regional service desk for a damaged pallet.,2024-07
ORD-100051,2023-09-13,2023-09-22,10987,user333@example.com,South,United States,24927,Online,Dairy,30,16.67,449.42,7.06,148.02,9,4.3,USD,Customer requested split delivery across two addresses.,2023-09
ORD-100507,2023-12-18,2023-12-23,12205,user317@example.com,north ,Canada,86044,Online,Beverages,23,17.07,437.58,8.72,140.91,6,4.7,USD,,2023-12
ORD-103108,2023-04-06,2023-04-10,11536,user1256@example.com,South,United States,79661,Partner,Dairy,12,22.71,306.38,5.31,91.56,8,3.5,USD,"Standard order, no special handling requested by the buyer.",2023-04
ORD-103681,2023-03-19,2023-03-29,10243,user1279@example.com,West,United States,70892,Online,Frozen,32,27.17,1275.78,0.21,430.97,1,4.5,USD,"Standard order, no special handling requested by the buyer.",2023-03
ORD-103150,2023-05-12,2023-05-20,11689,user426@example.com,South,Canada,99822,Retail,Dairy,4,48.62,231.62,5.19,74.8,12,4.3,USD,Escalated to the regional service desk for a damaged pallet.,2023-05
ORD-103085,2023-08-27,2023-09-07,12049,user138@example.com,North,United States,69892,Retail,Produce,9,43.63,311.55,9.2,104.45,13,4.8,USD,,2023-08
ORD-101699,2023-12-17,2023-12-25,10563,user2693@example.com,SOUTH,United States,62706,Wholesale,Household,12,35.9,546.88,1.85,181.9,1,4.6,USD,,2023-12
ORD-101082,2024-11-07,2024-11-12,11838,user1970@example.com,South,United States,60680,Online,Bakery,20,22.96,434.71,18.28,126.1,9,4.2,USD,,2024-11
ORD-102623,2024-10-16,2024-10-24,11624,user2129@example.com,South,United States,29479,Partner,Dairy,30,22.38,459.07,9.05,146.51,2,3.2,USD,Escalated to the regional service desk for a damaged pallet.,2024-10
ORD-100233,2024-07-31,2024-08-03,10159,user569@example.com,East,United States,29508,Retail,Bakery,12,19.7,206.78,12.94,63.44,3,3.5,USD,,2024-07
ORD-101200,2024-09-07,2024-09-17,11963,user308@example.com,West,Canada,56082,Partner,Dairy,26,31.6,568.58,5.61,,0,3.8,USD,,2024-09
ORD-101285,2023-09-27,2023-10-05,10635,user344@example.com,East,Mexico,20629,Partner,Beverages,39,29.67,781.61,0.0,,2,4.4,USD,,2023-09
ORD-101436,2023-11-26,2023-11-26,11370,user2070@example.com,South,United States,44954,Partner,Beverages,17,58.92,773.76,8.39,250.8,2,3.2,USD,Customer requested split delivery across two addresses.,2023-11
ORD-102791,2023-07-17,2023-07-26,11803,user1414@example.com,South,Mexico,42794,Retail,Beverages,35,4.76,155.62,9.24,46.73,1,3.4,USD,"Standard order, no special handling requested by the buyer.",2023-07
ORD-100478,2024-01-17,2024-01-19,10509,user117@example.com,North,Canada,77144,Online,Dairy,24,23.53,714.43,3.33,238.36,6,5.0,USD,"Standard order, no special handling requested by the buyer.",2024-01
ORD-103047,2024-06-27,2024-07-03,12359,user1976@example.com,South,United States,97438,Retail,Bakery,6,24.13,146.96,5.4,48.99,12,3.9,USD,Customer requested split delivery across two addresses.,2024-06
ORD-101801,2024-01-19,2024-01-24,12465,user1873@example.com,South,Canada,73113,Online,Snacks,4,24.51,124.98,16.36,43.15,2,4.3,USD,Customer requested split delivery across two addresses.,2024-01
ORD-102241,2024-10-27,2024-11-01,10951,user508@example.com,North,United States,91486,Retail,Beverages,25,18.54,360.14,2.59,119.6,5,4.2,USD,"Standard order, no special handling requested by the buyer.",2024-10
ORD-103456,2024-03-15,2024-03-25,10152,user2419@example.com,East,Canada,14848,Retail,Snacks,16,48.29,958.29,2.76,318.96,13,4.1,USD,,2024-03
ORD-102452,2023-12-28,2024-01-08,10810,user2796@example.com,North,Canada,21803,Online,Frozen,23,38.13,1021.49,0.0,347.0,4,3.6,USD,"Standard order, no special handling requested by the buyer.",2023-12
ORD-101614,2024-03-27,2024-04-03,11970,user900@example.com,North,United States,99302,Online,Frozen,1,13.16,19.4,12.78,12.42,9,4.8,USD,Customer requested split delivery across two addresses.,2024-03
ORD-103117,2024-07-31,2024-08-03,10466,user1635@example.com,South,United States,73443,Online,Bakery,14,26.51,383.07,6.5,124.62,11,5.0,USD,Escalated to the regional service desk for a damaged pallet.,2024-07
ORD-100883,2023-06-11,2023-06-15,11164,user1540@example.com,East,Canada,59495,Online,Snacks,13,29.15,485.8,14.77,148.37,4,3.1,USD,Escalated to the regional service desk for a damaged pallet.,2023-06
ORD-102535,2024-02-14,2024-02-17,12105,user2830@example.com,South,United States,57555,Retail,Beverages,22,30.79,795.83,11.63,249.79,13,4.3,USD,"Standard order, no special handling requested by the buyer.",2024-02
ORD-103741,2023-04-27,2023-05-01,11284,user2312@example.com,East,Mexico,28419,Retail,Beverages,32,18.32,718.64,16.51,220.58,4,5.0,USD,"Standard order, no special handling requested by the buyer.",2023-04
ORD-103096,2023-04-24,2023-04-25,10365,user2172@example.com,East,United States,75228,Wholesale,Dairy,31,11.41,587.85,9.82,188.75,5,4.5,USD,"Standard order, no special handling requested by the buyer.",2023-04
ORD-103810,2024-05-31,2024-06-10,11509,user2768@example.com,South,Canada,45212,Retail,Produce,16,45.51,819.41,0.0,284.1,12,4.4,USD,Escalated to the regional service desk for a damaged pallet.,2024-05
ORD-102519,2024-11-08,2024-11-14,10260,user1822@example.com,South,United States,99495,Online,Snacks,27,10.14,260.04,1.78,88.67,10,5.0,USD,Customer requested split delivery across two addresses.,2024-11
ORD-103770,2023-03-05,2023-03-13,12347,user929@example.com,East,United States,41243,Online,Dairy,28,24.51,990.39,6.46,326.31,3,3.6,USD,Customer requested split delivery across two addresses.,2023-03
ORD-100256,2023-12-30,2024-01-02,11594,user758@example.com,North,United States,88689,Retail,Household,37,5.59,205.94,9.95,63.27,11,4.0,USD,Customer requested split delivery across two addresses.,2023-12
ORD-102942,2023-10-27,2023-11-01,10244,user2602@example.com,South,United States,82449,Online,Dairy,36,16.91,556.78,11.98,172.4,1,4.6,USD,Customer requested split delivery across two addresses.,2023-10
ORD-101584,2024-06-10,2024-06-10,10427,user1516@example.com,East,United States,96300,Retail,Produce,12,29.76,387.98,8.74,115.89,3,4.2,USD,,2024-06
ORD-103850,2023-05-08,2023-05-17,11894,user2757@example.com,East,United States,84541,Retail,Bakery,37,19.22,854.52,10.74,267.62,9,3.6,USD,Escalated to the regional service desk for a damaged pallet.,2023-05
ORD-100138,2024-02-04,2024-02-12,10937,user1513@example.com,East,Canada,69176,Online,Frozen,35,28.57,1347.11,3.06,440.13,8,4.3,USD,Customer requested split delivery across two addresses.,2024-02
ORD-102539,2023-11-09,2023-11-15,12020,user2849@example.com,South,Canada,63509,Online,Frozen,22,32.74,684.13,9.21,214.42,2,3.9,USD,"Standard order, no special handling requested by the buyer.",2023-11
ORD-101825,2023-09-04,2023-09-05,10636,user60@example.com,East,United States,72821,Online,Snacks,3,19.55,53.71,8.89,13.54,13,5.0,USD,,2023-09
ORD-101571,2023-12-26,2023-12-26,10851,user1523@example.com,South,United States,65361,Retail,Produce,10,36.39,356.08,17.82,106.43,8,3.6,USD,"Standard order, no special handling requested by the buyer.",2023-12
ORD-103318,2023-10-09,2023-10-11,12158,user1716@example.com,East,United States,44623,Partner,Household,36,12.59,306.96,8.12,98.34,12,3.9,USD,,2023-10
ORD-103194,2023-04-27,2023-04-27,11844,user797@example.com,north ,United States,66188,Retail,Snacks,8,34.9,342.25,5.5,111.28,11,4.9,USD,"Standard order, no special handling requested by the buyer.",2023-04
ORD-101977,2023-12-12,2023-12-13,11558,user2876@example.com,West,United States,28501,Online,Bakery,18,78.32,1529.91,5.71,500.56,10,2.8,USD,"Standard order, no special handling requested by the buyer.",2023-12
ORD-100578,2023-12-23,2024-01-03,11417,user1238@example.com,North,United States,13691,Retail,Frozen,25,23.04,556.23,7.69,179.02,11,5.0,USD,"Standard order, no special handling requested by the buyer.",2023-12
ORD-102754,2024-11-28,2024-12-04,11078,user995@example.com,East,United States,46517,Wholesale,Beverages,20,29.28,687.11,0.0,236.57,10,3.7,USD,Customer requested split delivery across two addresses.,2024-11
ORD-103761,2023-06-18,2023-06-21,11529,user604@example.com,West,Canada,14445,Wholesale,Beverages,27,30.9,1191.15,9.08,381.74,8,5.0,USD,Escalated to the regional service desk for a damaged pallet.,2023-06
ORD-100206,2023-07-29,2023-08-05,10785,user1943@example.com,West,Mexico,52595,Retail,Beverages,20,38.12,675.5,0.0,231.14,8,3.7,USD,"Standard order, no special handling requested by the buyer.",2023-07
ORD-103711,2023-06-01,2023-06-10,10992,user1684@example.com,North,Mexico,99261,Wholesale,Frozen,19,29.83,861.02,7.96,279.46,9,5.0,USD,,2023-06
ORD-103248,2023-03-09,2023-03-20,12256,user1915@example.com,West,United States,86006,Partner,Snacks,23,43.57,1109.55,12.05,,4,4.1,USD,"Standard order, no special handling requested by the buyer.",2023-03
ORD-100848,2023-03-09,2023-03-10,12019,user429@example.com,East,United States,25854,Retail,Dairy,29,10.89,388.52,9.16,125.04,5,3.2,USD,Customer requested split delivery across two addresses.,2023-03
ORD-103794,2023-08-03,2023-08-06,12255,user2806@example.com,West,United States,72978,Retail,Snacks,10,27.81,241.2,6.71,77.94,2,2.6,USD,"Standard order, no special handling requested by the buyer.",2023-08
ORD-101287,2024-01-04,2024-01-05,11323,user2295@example.com,West,United States,85928,Retail,Beverages,15,33.38,509.31,6.76,166.3,12,4.8,USD,"Standard order, no special handling requested by the buyer.",2024-01
ORD-100000,2023-05-27,2023-06-03,10225,user1450@example.com,South,United States,86502,Partner,Frozen,38,26.66,1042.56,0.0,353.43,9,3.3,USD,"Standard order, no special handling requested by the buyer.",2023-05
ORD-102274,2023-11-22,2023-11-27,10972,user2817@example.com,North,Mexico,76882,Online,Bakery,19,26.8,507.42,1.35,171.75,8,4.5,USD,Escalated to the regional service desk for a damaged pallet.,2023-11
ORD-103317,2024-11-10,2024-11-14,11071,user1099@example.com,north ,United States,35362,Online,Frozen,6,20.31,116.53,11.07,34.68,2,3.6,USD,Customer requested split delivery across two addresses.,2024-11
ORD-102009,2024-11-18,2024-11-25,10304,user423@example.com,South,United States,96552,Retail,Produce,28,27.52,643.1,2.22,216.04,11,,USD,Customer requested split delivery across two addresses.,2024-11
ORD-101784,2023-02-02,2023-02-13,12437,user2421@example.com,South,United States,21938,Wholesale,Household,4,56.08,343.56,2.9,111.55,6,4.1,USD,,2023-02
ORD-102297,2024-10-28,2024-11-04,10861,user77@example.com,South,United States,76335,Online,Household,7,26.65,171.48,7.99,47.64,10,,USD,"Standard order, no special handling requested by the buyer.",2024-10
ORD-103541,2024-05-03,2024-05-14,11884,user309@example.com,East,United States,40576,Retail,Household,17,34.45,709.41,0.0,238.32,5,4.0,USD,"Standard order, no special handling requested by the buyer.",2024-05
ORD-100889,2024-08-18,2024-08-29,11899,user2199@example.com,North,United States,95143,Retail,Beverages,3,33.52,81.93,8.03,24.67,5,5.0,USD,"Standard order, no special handling requested by the buyer.",2024-08
ORD-103180,2024-04-03,2024-04-12,12458,user1197@example.com,South,United States,90701,Retail,Snacks,11,24.52,337.07,10.32,98.79,9,2.8,USD,"Standard order, no special handling requested by the buyer.",2024-04
ORD-103498,2023-02-20,2023-02-27,12049,user322@example.com,North,United States,70983,Retail,Beverages,33,21.41,842.43,10.7,,6,3.5,USD,,2023-02
ORD-102753,2023-07-10,2023-07-12,11949,user676@example.com,East,Canada,42105,Online,Dairy,21,19.73,471.09,11.49,142.51,6,4.4,USD,"Standard order, no special handling requested by the buyer.",2023-07
ORD-100979,2023-03-17,2023-03-28,10669,user539@example.com,South,Mexico,96694,Online,Bakery,32,15.3,717.21,6.86,231.12,9,4.8,USD,"Standard order, no special handling requested by the buyer.",2023-03
ORD-103077,2023-06-25,2023-06-27,12450,user2144@example.com,East,Canada,94860,Online,Snacks,31,47.17,1773.64,9.25,563.49,8,3.8,USD,,2023-06
ORD-103332,2023-09-12,2023-09-14,11424,user623@example.com,West,United States,93926,Partner,Beverages,20,27.64,379.56,3.93,125.29,3,3.3,USD,,2023-09
ORD-102331,2023-08-01,2023-08-07,11188,user2093@example.com,East,Mexico,54230,Partner,Bakery,11,37.22,322.3,10.29,97.38,9,4.5,USD,,2023-08
ORD-102361,2023-11-14,2023-11-17,12223,user1797@example.com,north ,Canada,99723,Online,Dairy,39,36.75,1385.27,4.25,,2,4.2,USD,Escalated to the regional service desk for a damaged pallet.,2023-11
ORD-102644,2024-02-17,2024-02-17,11808,user1818@example.com,East,United States,55442,Online,Produce,36,18.42,926.34,4.6,307.11,2,5.0,USD,Customer requested split delivery across two addresses.,2024-02
ORD-101763,2023-08-13,2023-08-16,10158,user2214@example.com,North,United States,19332,Retail,Beverages,11,49.72,455.58,13.62,140.78,7,4.8,USD,Escalated to the regional service desk for a damaged pallet.,2023-08
ORD-100059,2024-08-05,2024-08-10,10587,user85@example.com,North,Mexico,97075,Retail,Frozen,24,26.68,548.47,14.38,170.79,12,4.0,USD,,2024-08
ORD-101369,2023-12-09,2023-12-12,10032,user2504@example.com,South,United States,20356,Online,Bakery,33,20.86,737.21,3.48,248.86,12,5.0,USD,Escalated to the regional service desk for a damaged pallet.,2023-12
ORD-100047,2023-01-05,2023-01-10,11570,user2181@example.com,South,Canada,90670,Retail,Beverages,37,33.93,1282.39,11.78,398.04,5,3.0,USD,Escalated to the regional service desk for a damaged pallet.,2023-01
ORD-103912,2023-02-10,2023-02-15,11899,user1260@example.com,West,United States,59613,Wholesale,Frozen,9,32.19,454.53,13.98,140.52,4,4.8,USD,,2023-02
ORD-103374,2023-01-19,2023-01-24,11836,user1731@example.com,East,United States,89872,Retail,Bakery,18,13.25,257.66,20.8,76.8,9,3.4,USD,,2023-01
ORD-100426,2024-03-18,2024-03-24,11030,user1733@example.com,South,United States,43426,Online,Bakery,8,21.57,253.21,10.56,84.1,4,4.3,USD,Customer requested split delivery across two addresses.,2024-03
ORD-103034,2024-08-12,2024-08-19,11092,user1049@example.com,South,United States,64006,Retail,Beverages,2,33.77,56.26,16.55,14.12,11,4.6,USD,Escalated to the regional service desk for a damaged pallet.,2024-08
ORD-103017,2024-03-09,2024-03-19,10205,user1233@example.com,West,United States,57226,Partner,Produce,5,8.05,44.63,7.73,17.25,5,3.2,USD,Escalated to the regional service desk for a damaged pallet.,2024-03
ORD-103704,2024-01-05,2024-01-08,10373,user1574@example.com,SOUTH,United States,70848,Retail,Bakery,1,22.45,22.93,4.82,6.97,7,4.3,USD,Customer requested split delivery across two addresses.,2024-01
ORD-101310,2024-04-13,2024-04-14,10238,user1788@example.com,North,United States,18105,Online,Beverages,21,29.19,899.82,7.37,292.26,12,3.4,USD,Customer requested split delivery across two addresses.,2024-04
ORD-102982,2024-09-09,2024-09-18,10989,user345@example.com,East,Mexico,87786,Retail,Beverages,20,24.44,374.31,14.94,114.18,2,4.6,USD,,2024-09
ORD-103946,2023-12-15,2023-12-20,10091,user2800@example.com,South,Canada,44902,Partner,Bakery,15,11.75,147.84,6.03,46.09,6,4.2,USD,Customer requested split delivery across two addresses.,2023-12
ORD-100758,2024-07-02,2024-07-05,10435,user857@example.com,South,United States,76331,Retail,Snacks,32,24.51,779.26,21.25,228.93,10,5.0,USD,Escalated to the regional service desk for a damaged pallet.,2024-07
ORD-100978,2024-05-29,2024-06-01,11117,user1019@example.com,West,United States,68511,Retail,Beverages,28,21.08,668.55,8.1,214.67,3,3.2,USD,Customer requested split delivery across two addresses.,2024-05
ORD-100252,2023-07-25,2023-07-30,12039,user2400@example.com,North,United States,83026,Online,Produce,18,42.71,817.9,5.76,255.77,10,3.7,USD,Customer requested split delivery across two addresses.,2023-07
ORD-103750,2023-04-25,2023-04-30,11483,user2824@example.com,South,United States,76310,Partner,Produce,37,39.24,1606.44,1.35,538.55,3,4.3,USD,,2023-04
ORD-102360,2024-04-08,2024-04-13,12480,user443@example.com,East,United States,64832,Retail,Beverages,6,16.54,123.83,0.0,39.93,4,4.1,USD,Customer requested split delivery across two addresses.,2024-04
ORD-100091,2023-03-17,2023-03-27,11791,user2783@example.com,South,United States,99409,Online,Produce,16,15.76,369.39,7.76,118.46,1,5.0,USD,"Standard order, no special handling requested by the buyer.",2023-03
ORD-100721,2024-11-11,2024-11-12,10637,user934@example.com,South,United States,51243,Online,Beverages,25,7.2,172.74,0.0,63.56,8,4.5,USD,,2024-11
ORD-101528,2024-11-22,2024-12-02,10259,user1787@example.com,East,United States,34966,Online,Produce,32,11.39,364.66,10.75,111.57,4,4.0,USD,Customer requested split delivery across two addresses.,2024-11
ORD-101265,2023-10-01,2023-10-08,12345,user197@example.com,South,United States,32512,Online,Household,16,27.46,388.83,7.74,122.6,5,3.9,USD,,2023-10
ORD-102782,2024-03-18,2024-03-25,10231,user1209@example.com,East,Mexico,57262,Retail,Snacks,7,45.65,397.37,7.26,123.83,7,5.0,USD,Escalated to the regional service desk for a damaged pallet.,2024-03
ORD-102859,2024-03-25,2024-04-01,11378,user472@example.com,North,Canada,58256,Retail,Bakery,37,40.35,1864.03,18.63,548.67,7,4.3,USD,"Standard order, no special handling requested by the buyer.",2024-03
ORD-101749,2023-09-01,2023-09-03,12095,user1575@example.com,East,Canada,51221,Online,Bakery,5,50.94,235.05,6.22,,7,2.9,USD,"Standard order, no special handling requested by the buyer.",2023-09
ORD-100459,2023-06-05,2023-06-16,11984,user1212@example.com,South,United States,91373,Partner,Household,7,20.82,145.61,11.58,41.14,1,4.8,USD,Customer requested split delivery across two addresses.,2023-06
ORD-103916,2024-09-01,2024-09-08,11912,user350@example.com,South,United States,20143,Retail,Dairy,34,28.03,743.35,6.41,239.56,2,3.7,USD,Escalated to the regional service desk for a damaged pallet.,2024-09
ORD-103532,2023-11-04,2023-11-13,11666,user1261@example.com,South,Canada,38433,Online,Household,14,30.54,399.69,7.49,123.19,10,3.9,USD,Customer requested split delivery across two addresses.,2023-11
ORD-100849,2024-10-11,2024-10-13,10904,user731@example.com,South,United States,81311,Retail,Beverages,33,16.8,418.39,8.34,130.35,5,4.6,USD,Escalated to the regional service desk for a damaged pallet.,2024-10
ORD-100383,2024-05-26,2024-05-26,10154,user603@example.com,West,United States,48031,Online,Household,20,19.52,526.75,7.37,168.28,8,4.0,USD,"Standard order, no special handling requested by the buyer.",2024-05
ORD-102065,2024-01-30,2024-02-10,11194,user2262@example.com,East,United States,55822,Wholesale,Frozen,5,26.74,202.78,4.3,64.23,5,5.0,USD,Escalated to the regional service desk for a damaged pallet.,2024-01
ORD-100955,2023-03-21,2023-03-30,10983,user2130@example.com,West,United States,82618,Wholesale,Dairy,13,30.41,664.63,9.1,214.65,8,5.0,USD,Escalated to the regional service desk for a damaged pallet.,2023-03
ORD-101066,2023-12-04,2023-12-09,10908,user1186@example.com,East,Canada,65056,Partner,Beverages,12,13.46,129.08,4.68,42.38,3,3.8,USD,"Standard order, no special handling requested by the buyer.",2023-12
ORD-103114,2024-04-04,2024-04-10,10450,user176@example.com,South,United States,70300,Wholesale,Frozen,9,45.44,689.83,8.68,218.77,10,4.3,USD,Customer requested split delivery across two addresses.,2024-04
ORD-101209,2024-10-02,2024-10-10,10392,user541@example.com,South,United States,77911,Retail,Frozen,2,21.61,32.42,5.04,11.3,13,4.7,USD,"Standard order, no special handling requested by the buyer.",2024-10
ORD-103035,2024-07-03,2024-07-09,11835,user1891@example.com,South,United States,63072,Retail,Bakery,8,31.57,249.84,14.81,75.91,5,4.4,USD,Escalated to the regional service desk for a damaged pallet.,2024-07
ORD-103062,2024-03-24,2024-04-03,11412,user2235@example.com,North,United States,93509,Retail,Produce,17,51.97,1102.64,12.46,342.13,11,5.0,USD,"Standard order, no special handling requested by the buyer.",2024-03
ORD-100114,2024-06-19,2024-06-29,12210,user1150@example.com,SOUTH,United States,86708,Partner,Beverages,23,27.24,591.59,6.27,192.61,9,3.5,USD,,2024-06
ORD-103934,2023-04-21,2023-04-29,10789,user1415@example.com,North,Canada,24313,Retail,Household,2,18.38,45.42,6.05,9.35,9,4.1,USD,Escalated to the regional service desk for a damaged pallet.,2023-04
ORD-102173,2023-10-08,2023-10-18,10559,user1592@example.com,North,United States,26929,Wholesale,Bakery,20,15.87,322.2,7.94,103.03,8,4.1,USD,Escalated to the regional service desk for a damaged pallet.,2023-10
ORD-100511,2023-01-10,2023-01-19,11324,user1461@example.com,South,United States,41503,Partner,Snacks,24,13.26,298.68,5.98,99.4,13,3.7,USD,Customer requested split delivery across two addresses.,2023-01
ORD-102124,2023-10-10,2023-10-11,11346,user2490@example.com,North,Mexico,86234,Online,Beverages,14,19.46,242.13,9.29,81.07,10,3.8,USD,"Standard order, no special handling requested by the buyer.",2023-10
ORD-102978,2024-08-09,2024-08-18,12330,user1407@example.com,South,United States,68976,Online,Frozen,8,28.3,225.16,5.31,67.45,9,3.7,USD,Escalated to the regional service desk for a damaged pallet.,2024-08
ORD-102189,2023-05-05,2023-05-15,11834,user1755@example.com,West,United States,75885,Retail,Bakery,31,29.57,1108.24,11.08,347.3,6,4.5,USD,,2023-05
ORD-103990,2024-07-11,2024-07-22,10664,user1704@example.com,North,Canada,46249,Retail,Dairy,8,20.54,156.94,21.47,52.96,12,4.0,USD,Escalated to the regional service desk for a damaged pallet.,2024-07
ORD-100585,2023-08-21,2023-08-28,10698,user267@example.com,South,Canada,76445,Retail,Dairy,38,12.86,395.36,13.03,130.46,2,4.4,USD,,2023-08
ORD-100818,2023-03-30,2023-04-09,12035,user509@example.com,East,United States,69437,Online,Frozen,32,24.74,1167.55,3.78,389.88,7,3.7,USD,,2023-03
ORD-103973,2024-06-05,2024-06-07,10115,user326@example.com,South,United States,69030,Partner,Beverages,20,34.64,689.77,1.68,235.72,6,2.5,USD,Escalated to the regional service desk for a damaged pallet.,2024-06
ORD-100787,2023-09-18,2023-09-28,12392,user2677@example.com,North,United States,40092,Online,Produce,3,32.35,86.58,1.84,28.0,5,3.9,USD,Customer requested split delivery across two addresses.,2023-09
ORD-102603,2023-12-04,2023-12-09,10570,user2170@example.com,SOUTH,United States,57551,Online,Household,12,22.49,282.77,3.72,93.93,4,5.0,USD,Escalated to the regional service desk for a damaged pallet.,2023-12
ORD-103224,2023-10-28,2023-11-05,11995,user326@example.com,North,United States,39441,Online,Household,22,53.95,1088.23,5.86,362.42,2,4.4,USD,Customer requested split delivery across two addresses.,2023-10
ORD-101056,2023-11-15,2023-11-16,12338,user2040@example.com,South,United States,89937,Online,Beverages,24,24.15,562.25,5.46,180.87,5,4.4,USD,Escalated to the regional service desk for a damaged pallet.,2023-11
ORD-100015,2023-11-01,2023-11-07,10141,user1449@example.com,East,United States,78761,Online,Household,31,32.46,932.47,7.54,302.09,8,3.8,USD,"Standard order, no special handling requested by the buyer.",2023-11
ORD-100435,2023-01-23,2023-02-01,10888,user1415@example.com,West,Canada,60790,Partner,Produce,20,28.26,557.72,3.54,181.72,7,,USD,Customer requested split delivery across two addresses.,2023-01
ORD-102546,2023-09-19,2023-09-26,12122,user2083@example.com,West,United States,86666,Partner,Beverages,18,18.06,220.92,11.28,66.12,6,4.9,USD,Escalated to the regional service desk for a damaged pallet.,2023-09
ORD-101886,2024-10-24,2024-10-26,11766,user2243@example.com,North,United States,80018,Wholesale,Frozen,16,43.05,717.37,3.77,234.41,13,3.4,USD,"Standard order, no special handling requested by the buyer.",2024-10
ORD-102667,2023-12-27,2024-01-05,11248,user1478@example.com,South,United States,82974,Retail,Dairy,19,58.08,1084.54,1.91,355.6,4,3.8,USD,Escalated to the regional service desk for a damaged pallet.,2023-12
ORD-103577,2023-02-17,2023-02-19,11457,user979@example.com,North,Canada,16609,Retail,Bakery,33,25.79,1007.54,11.45,317.93,12,4.9,USD,"Standard order, no special handling requested by the buyer.",2023-02
ORD-103760,2023-07-28,2023-08-01,12467,user2583@example.com,East,United States,98397,Retail,Bakery,1,28.81,25.64,12.06,8.93,13,4.3,USD,"Standard order, no special handling requested by the buyer.",2023-07
ORD-101427,2024-06-18,2024-06-19,11439,user2972@example.com,East,Canada,31919,Wholesale,Household,32,15.81,719.45,7.02,233.17,12,3.8,USD,"Standard order, no special handling requested by the buyer.",2024-06
ORD-103731,2023-04-22,2023-04-27,12095,user1041@example.com,West,United States,28249,Online,Bakery,29,51.28,2165.81,5.72,709.1,2,4.8,USD,Customer requested split delivery across two addresses.,2023-04
ORD-100450,2023-03-23,2023-03-28,11624,user2922@example.com,South,United States,35303,Online,Beverages,8,14.1,165.96,2.81,55.57,6,4.8,USD,Escalated to the regional service desk for a damaged pallet.,2023-03
ORD-102814,2023-03-13,2023-03-19,12105,user945@example.com,North,Mexico,15754,Online,Frozen,1,34.5,50.33,3.55,8.61,9,4.2,USD,"Standard order, no special handling requested by the buyer.",2023-03
ORD-102083,2023-09-11,2023-09-13,10576,user2036@example.com,South,United States,13092,Online,Beverages,26,36.95,866.44,15.79,263.25,0,5.0,USD,Customer requested split delivery across two addresses.,2023-09
ORD-102995,2023-04-24,2023-04-30,10348,user1562@example.com,South,United States,56527,Online,Bakery,28,20.87,848.88,8.78,272.66,2,3.7,USD,Customer requested split delivery across two addresses.,2023-04
ORD-101249,2023-12-18,2023-12-20,11696,user655@example.com,North,United States,96052,Wholesale,Dairy,36,52.22,2397.09,10.91,750.48,2,4.0,USD,Customer requested split delivery across two addresses.,2023-12
ORD-101196,2023-04-11,2023-04-15,10883,user2633@example.com,West,United States,39041,Partner,Dairy,32,25.47,914.34,19.8,267.0,4,3.8,USD,,2023-04
ORD-103029,2023-08-28,2023-09-05,10438,user1562@example.com,South,United States,28372,Retail,Produce,11,17.61,153.23,4.65,52.85,3,3.5,USD,"Standard order, no special handling requested by the buyer.",2023-08
ORD-100241,2023-03-26,2023-04-06,12250,user2140@example.com,East,United States,72902,Online,Frozen,25,51.77,1906.81,16.19,577.63,9,4.4,USD,Escalated to the regional service desk for a damaged pallet.,2023-03
ORD-100529,2024-02-08,2024-02-09,10559,user1497@example.com,North,United States,66906,Online,Bakery,23,48.01,1505.62,6.74,,3,3.5,USD,"Standard order, no special handling requested by the buyer.",2024-02
ORD-100343,2024-11-29,2024-12-10,10162,user1285@example.com,West,United States,92968,Online,Produce,12,16.77,207.27,14.19,63.49,7,4.2,USD,"Standard order, no special handling requested by the buyer.",2024-11
ORD-101180,2023-06-15,2023-06-26,10185,user521@example.com,North,Canada,16846,Retail,Frozen,26,41.36,1150.7,0.0,384.28,13,4.9,USD,,2023-06
ORD-101442,2023-07-25,2023-07-31,12025,user955@example.com,East,United States,18551,Partner,Household,2,41.47,67.3,6.53,18.42,1,3.8,USD,Customer requested split delivery across two addresses.,2023-07
ORD-101772,2024-07-06,2024-07-08,11618,user1223@example.com,South,United States,77161,Wholesale,Household,20,48.49,1278.29,11.73,397.3,7,5.0,USD,,2024-07
ORD-103924,2023-10-30,2023-11-07,11832,user844@example.com,North,United States,44250,Wholesale,Snacks,29,12.45,380.69,9.62,122.14,2,,USD,,2023-10
ORD-103930,2024-05-20,2024-05-25,10940,user870@example.com,South,United States,85466,Retail,Beverages,17,49.64,982.1,2.19,330.99,11,4.5,USD,"Standard order, no special handling requested by the buyer.",2024-05
ORD-102934,2024-07-04,2024-07-13,12139,user2811@example.com,South,Mexico,51486,Online,Household,8,19.67,182.89,4.5,63.17,10,4.7,USD,Escalated to the regional service desk for a damaged pallet.,2024-07
ORD-100506,2023-05-18,2023-05-26,11970,user711@example.com,North,United States,65990,Retail,Beverages,23,30.86,832.8,7.55,269.13,6,3.6,USD,Escalated to the regional service desk for a damaged pallet.,2023-05
ORD-101924,2024-02-27,2024-03-08,10607,user2109@example.com,SOUTH,Canada,37789,Retail,Snacks,18,21.35,465.06,16.13,133.77,3,4.7,USD,Customer requested split delivery across two addresses.,2024-02
ORD-101271,2024-08-31,2024-09-07,11924,user2481@example.com,West,Canada,12360,Online,Produce,36,31.97,1062.12,9.19,337.01,1,3.7,USD,,2024-08
ORD-101579,2024-03-09,2024-03-18,11315,user2622@example.com,South,United States,97485,Wholesale,Household,37,4.55,279.97,9.61,94.52,7,4.0,USD,"Standard order, no special handling requested by the buyer.",2024-03
ORD-102263,2024-05-12,2024-05-22,10687,user2725@example.com,South,United States,40069,Partner,Bakery,19,28.48,578.65,6.13,189.35,5,3.8,USD,Customer requested split delivery across two addresses.,2024-05
ORD-102256,2024-07-03,2024-07-09,10897,user1311@example.com,North,United States,57180,Online,Dairy,1,24.11,28.14,8.72,13.84,12,4.2,USD,Escalated to the regional service desk for a damaged pallet.,2024-07
ORD-102993,2024-07-23,2024-07-25,11275,user2377@example.com,West,Canada,40035,Online,Beverages,30,18.15,581.84,7.56,183.12,4,4.1,USD,,2024-07
ORD-100064,2023-06-25,2023-07-06,11989,user1609@example.com,West,United States, 90210 ,Wholesale,Produce,25,28.03,972.42,13.17,302.12,7,2.8,USD,,2023-06
ORD-102058,2024-07-04,2024-07-15,11340,user2461@example.com,West,United States,84545,Online,Bakery,17,19.15,378.37,3.36,130.92,8,5.0,USD,,2024-07
ORD-101751,2024-11-21,2024-11-26,10676,user1286@example.com,South,Mexico,48764,Online,Beverages,23,12.46,285.58,1.05,97.02,12,4.5,USD,Customer requested split delivery across two addresses.,2024-11
ORD-103917,2024-08-30,2024-09-01,12212,user882@example.com,South,United States,42400,Online,Snacks,33,19.23,587.23,9.75,192.47,9,4.6,USD,"Standard order, no special handling requested by the buyer.",2024-08
ORD-101647,2023-03-27,2023-03-27,12419,user1702@example.com,West,United States,31813,Retail,Produce,39,31.38,1528.53,0.0,515.39,9,5.0,USD,Escalated to the regional service desk for a damaged pallet.,2023-03
ORD-103709,2023-08-09,2023-08-14,10178,user555@example.com,North,Canada,34767,Online,Bakery,26,32.03,831.52,17.73,243.16,9,3.7,USD,Customer requested split delivery across two addresses.,2023-08
ORD-103250,2024-03-11,2024-03-16,10245,user1444@example.com,East,United States,46610,Retail,Bakery,38,26.38,1237.98,9.7,391.21,3,4.5,USD,"Standard order, no special handling requested by the buyer.",2024-03
ORD-102300,2023-03-20,2023-03-20,12333,user2863@example.com,South,United States,31508,Online,Bakery,25,27.04,992.68,0.0,335.57,2,3.4,USD,Customer requested split delivery across two addresses.,2023-03
ORD-101629,2023-05-22,2023-05-22,10646,user1176@example.com,West,United States,69359,Retail,Frozen,36,12.86,537.27,9.61,177.81,1,4.3,USD,"Standard order, no special handling requested by the buyer.",2023-05
ORD-100603,2023-03-13,2023-03-18,11814,user1332@example.com,North,Canada,87783,Retail,Household,16,26.44,523.05,5.3,166.64,6,4.5,USD,Escalated to the regional service desk for a damaged pallet.,2023-03
ORD-100805,2023-03-30,2023-03-30,10425,user2931@example.com,South,United States,65937,Retail,Bakery,5,10.39,64.93,0.3,18.08,2,4.5,USD,"Standard order, no special handling requested by the buyer.",2023-03
ORD-103333,2023-06-05,2023-06-15,10806,user2934@example.com,South,United States,22099,Online,Frozen,24,47.23,1484.86,11.88,457.96,2,5.0,USD,Customer requested split delivery across two addresses.,2023-06
ORD-101124,2023-08-27,2023-08-27,10689,user1454@example.com,North,United States,78551,Retail,Household,17,28.91,389.94,4.07,123.22,0,4.0,USD,"Standard order, no special handling requested by the buyer.",2023-08
ORD-101191,2023-11-07,2023-11-08,10630,user89@example.com,North,United States,58693,Online,Snacks,34,53.14,1704.86,11.75,529.07,8,2.9,USD,"Standard order, no special handling requested by the buyer.",2023-11
ORD-103649,2024-01-08,2024-01-09,12330,user716@example.com,East,Canada,71375,Online,Bakery,22,22.77,611.4,13.98,190.62,1,4.5,USD,"Standard order, no special handling requested by the buyer.",2024-01
ORD-100314,2023-07-11,2023-07-11,11021,user542@example.com,North,United States,20541,Wholesale,Dairy,20,6.9,178.72,6.38,55.93,12,5.0,USD,Customer requested split delivery across two addresses.,2023-07
ORD-101777,2024-04-13,2024-04-20,10087,user891@example.com,West,United States,27704,Partner,Produce,16,21.5,385.14,14.56,114.88,8,4.2,USD,,2024-04
ORD-102566,2024-07-13,2024-07-15,10877,user806@example.com,East,Canada,93153,Online,Household,24,38.8,1040.16,8.81,328.04,6,5.0,USD,,2024-07
ORD-102513,2023-02-01,2023-02-01,10805,user357@example.com,West,Canada,30303,Online,Snacks,12,27.88,446.44,2.83,157.48,4,3.9,USD,Customer requested split delivery across two addresses.,2023-02
ORD-100931,2023-07-21,2023-07-21,11821,user1109@example.com,North,Mexico,52469,Partner,Household,13,21.14,226.97,11.37,73.71,1,4.2,USD,"Standard order, no special handling requested by the buyer.",2023-07
ORD-100963,2023-04-12,2023-04-22,12020,user2519@example.com,North,Mexico,83797,Online,Bakery,17,19.83,495.54,5.79,158.77,11,4.7,USD,Customer requested split delivery across two addresses.,2023-04
ORD-101685,2023-07-21,2023-07-29,11550,user2646@example.com,South,Canada,62138,Wholesale,Dairy,39,25.7,1241.67,10.88,390.73,12,4.9,USD,,2023-07
ORD-101955,2024-01-17,2024-01-26,10249,user837@example.com,SOUTH,United States,42599,Online,Household,20,16.2,409.89,8.33,139.11,12,3.4,USD,,2024-01
ORD-102890,2024-11-08,2024-11-11,10182,user2814@example.com,East,Canada,54764,Wholesale,Snacks,19,19.88,410.45,9.26,127.1,2,4.7,USD,"Standard order, no special handling requested by the buyer.",2024-11
ORD-103716,2024-05-28,2024-06-07,11474,user700@example.com,North,United States,30192,Online,Dairy,8,44.33,475.52,10.49,148.17,1,4.8,USD,,2024-05
ORD-103518,2024-01-28,2024-01-30,11331,user1524@example.com,North,Canada,62179,Online,Bakery,11,33.11,479.57,7.88,152.44,1,3.8,USD,"Standard order, no special handling requested by the buyer.",2024-01
ORD-103537,2024-06-13,2024-06-15,10281,user1385@example.com,North,United States,84974,Online,Beverages,34,26.07,1123.51,19.99,320.96,4,2.7,USD,Escalated to the regional service desk for a damaged pallet.,2024-06
ORD-100367,2023-10-02,2023-10-02,12008,user650@example.com,North,Canada,46455,Online,Snacks,25,20.8,460.24,12.7,144.12,6,4.8,USD,Escalated to the regional service desk for a damaged pallet.,2023-10
ORD-102193,2023-12-13,2023-12-15,10867,user314@example.com,South,United States,40557,Online,Snacks,6,48.68,318.38,5.35,107.07,1,4.3,USD,"Standard order, no special handling requested by the buyer.",2023-12
ORD-100362,2024-09-21,2024-09-21,12227,user2370@example.com,West,United States,49727,Wholesale,Frozen,14,24.65,350.73,6.06,119.73,11,4.8,USD,,2024-09
ORD-103732,2024-11-07,2024-11-18,12289,user2129@example.com,South,Canada,57124,Online,Beverages,22,11.63,242.22,7.48,77.7,1,5.0,USD,"Standard order, no special handling requested by the buyer.",2024-11
ORD-100630,2024-08-23,2024-08-29,12399,user1300@example.com,South,Canada,53724,Retail,Produce,20,22.04,353.06,8.02,119.89,6,3.6,USD,"Standard order, no special handling requested by the buyer.",2024-08
ORD-102005,2024-05-09,2024-05-16,10763,user2307@example.com,north ,United States,11836,Online,Beverages,33,50.19,2338.27,8.71,740.01,6,5.0,USD,"Standard order, no special handling requested by the buyer.",2024-05
ORD-100090,2024-08-19,2024-08-21,12203,user2086@example.com,East,United States,15544,Retail,Bakery,28,34.06,774.23,4.88,250.07,1,3.0,USD,Escalated to the regional service desk for a damaged pallet.,2024-08
ORD-101788,2024-07-16,2024-07-24,11378,user1716@example.com,North,United States,63744,Retail,Produce,9,12.02,101.05,5.85,36.38,3,4.6,USD,"Standard order, no special handling requested by the buyer.",2024-07
ORD-102369,2023-07-01,2023-07-06,10606,user1358@example.com,North,Mexico,47552,Wholesale,Snacks,19,34.39,884.0,5.63,287.89,6,3.2,USD,,2023-07
ORD-102233,2023-10-06,2023-10-16,12053,user2086@example.com,North,United States,15562,Retail,Beverages,12,40.02,360.67,6.67,110.37,5,4.8,USD,,2023-10
ORD-101677,2023-06-25,2023-07-03,12329,user2011@example.com,North,United States,58360,Retail,Household,12,53.11,655.11,16.29,201.0,2,4.2,USD,Customer requested split delivery across two addresses.,2023-06
ORD-102972,2024-07-28,2024-08-02,12340,user1472@example.com,SOUTH,United States,99062,Retail,Dairy,5,17.35,76.86,13.65,27.78,11,3.4,USD,"Standard order, no special handling requested by the buyer.",2024-07
ORD-103204,2024-07-19,2024-07-19,10029,user333@example.com,SOUTH,United States,58469,Online,Snacks,8,13.3,115.72,10.67,36.97,8,4.1,USD,Customer requested split delivery across two addresses.,2024-07
ORD-102916,2023-08-11,2023-08-17,10670,user450@example.com,East,United States,60777,Wholesale,Household,24,15.13,411.53,9.92,131.38,9,4.5,USD,Customer requested split delivery across two addresses.,2023-08
ORD-101654,2024-01-12,2024-01-13,10496,user1024@example.com,South,United States,97472,Online,Dairy,28,47.24,1640.84,4.05,546.75,8,4.4,USD,,2024-01
ORD-102804,2023-05-31,2023-06-07,10747,user1240@example.com,north ,United States,63677,Retail,Dairy,13,18.51,271.68,1.45,90.44,10,4.8,USD,Escalated to the regional service desk for a damaged pallet.,2023-05
ORD-103871,2023-08-01,2023-08-10,11489,user855@example.com,West,Canada,77771,Wholesale,Dairy,33,16.08,626.6,9.4,196.73,1,,USD,Customer requested split delivery across two addresses.,2023-08
ORD-100119,2024-06-04,2024-06-06,10220,user1112@example.com,North,United States, 90210 ,Retail,Dairy,3,24.45,81.43,7.25,21.89,6,3.7,USD,Escalated to the regional service desk for a damaged pallet.,2024-06
ORD-103618,2023-10-22,2023-10-24,11975,user1448@example.com,North,United States,56677,Retail,Bakery,22,21.07,355.32,7.75,118.49,9,5.0,USD,Escalated to the regional service desk for a damaged pallet.,2023-10
ORD-101959,2024-04-14,2024-04-15,10195,user1788@example.com,South,Canada,20599,Retail,Produce,5,28.06,174.4,5.23,62.33,13,4.4,USD,,2024-04
ORD-101062,2024-03-16,2024-03-22,12222,user2558@example.com,North,United States,63928,Partner,Dairy,29,17.29,560.22,18.1,164.36,13,4.1,USD,"Standard order, no special handling requested by the buyer.",2024-03
ORD-100840,2023-05-11,2023-05-17,10369,user1108@example.com,North,United States, 90210 ,Online,Household,26,32.02,1172.68,0.69,402.03,1,4.5,USD,Customer requested split delivery across two addresses.,2023-05
ORD-100493,2024-05-15,2024-05-16,11276,user1883@example.com,West,United States,12661,Retail,Household,32,15.89,599.71,5.41,190.08,2,3.9,USD,Escalated to the regional service desk for a damaged pallet.,2024-05
ORD-100443,2024-03-25,2024-03-28,10532,user1105@example.com,South,United States,73914,Online,Produce,10,37.27,549.1,18.7,155.98,12,3.8,USD,"Standard order, no special handling requested by the buyer.",2024-03
ORD-102386,2024-06-08,2024-06-11,11846,user1931@example.com,North,Canada,95514,Retail,Dairy,20,45.84,1003.37,14.24,306.12,1,5.0,USD,,2024-06
ORD-101842,2023-07-07,2023-07-08,10090,user2948@example.com,,United States,73809,Retail,Bakery,12,15.66,183.48,0.0,68.86,6,4.8,USD,,2023-07
ORD-103156,2024-09-06,2024-09-15,10329,user688@example.com,East,United States,50881,Online,Household,19,24.8,428.47,3.86,138.84,6,4.7,USD,Customer requested split delivery across two addresses.,2024-09
ORD-100224,2023-03-30,2023-04-04,11977,user1541@example.com,North,United States,60493,Retail,Produce,12,30.56,458.33,7.23,145.68,7,3.4,USD,,2023-03
ORD-100019,2023-08-20,2023-08-23,12437,user1302@example.com,West,United States,93365,Retail,Produce,25,21.31,432.5,17.6,125.55,10,3.8,USD,Customer requested split delivery across two addresses.,2023-08
ORD-103144,2023-01-25,2023-02-04,11239,user1512@example.com,East,United States,22193,Retail,Bakery,27,15.06,449.03,10.37,146.45,12,3.8,USD,"Standard order, no special handling requested by the buyer.",2023-01
ORD-100418,2023-03-28,2023-04-07,12237,user2688@example.com,West,United States,13343,Retail,Produce,39,26.8,1305.8,4.8,425.55,7,4.5,USD,,2023-03
ORD-103147,2023-05-04,2023-05-05,10112,user465@example.com,,United States,58341,Partner,Dairy,22,24.32,583.29,13.18,186.91,1,4.9,USD,Customer requested split delivery across two addresses.,2023-05
ORD-103452,2023-11-23,2023-11-25,11782,user2635@example.com,East,Mexico,60642,Retail,Dairy,2,11.58,19.64,13.1,12.08,1,3.5,USD,Customer requested split delivery across two addresses.,2023-11
ORD-100991,2024-07-22,2024-07-26,10220,user2332@example.com,East,United States,87238,Retail,Dairy,7,26.56,169.11,14.21,53.01,0,3.8,USD,"Standard order, no special handling requested by the buyer.",2024-07
ORD-100385,2023-07-28,2023-08-08,10260,user1479@example.com,West,United States,14253,Partner,Beverages,37,25.1,743.78,14.68,216.18,2,3.8,USD,"Standard order, no special handling requested by the buyer.",2023-07
ORD-100929,2024-10-03,2024-10-03,11848,user2964@example.com,East,United States,25072,Online,Produce,10,18.03,159.65,10.14,53.25,5,4.6,USD,Escalated to the regional service desk for a damaged pallet.,2024-10
ORD-102500,2023-10-28,2023-10-30,11147,user528@example.com,East,United States,82991,Retail,Dairy,27,29.07,609.86,11.09,192.66,3,4.7,USD,"Standard order, no special handling requested by the buyer.",2023-10
ORD-100264,2024-01-03,2024-01-10,11221,user224@example.com,South,United States,33086,Wholesale,Bakery,34,28.92,1344.56,3.29,446.98,7,3.5,USD,"Standard order, no special handling requested by the buyer.",2024-01
ORD-103112,2024-02-03,2024-02-11,12338,user2960@example.com,North,United States,58186,Online,Dairy,16,23.89,513.34,19.64,143.53,11,4.7,USD,Escalated to the regional service desk for a damaged pallet.,2024-02
ORD-101452,2024-09-27,2024-10-03,12298,user1326@example.com,West,United States,30220,Online,Household,36,20.81,663.25,1.99,229.82,4,2.7,USD,Customer requested split delivery across two addresses.,2024-09
ORD-100160,2023-03-15,2023-03-24,11166,user1833@example.com,East,Canada,77797,Online,Dairy,12,18.36,322.13,4.36,108.17,12,3.7,USD,,2023-03
ORD-102158,2024-07-02,2024-07-03,10865,user2911@example.com,West,United States,10746,Retail,Produce,30,19.69,586.89,4.72,196.26,8,,USD,Escalated to the regional service desk for a damaged pallet.,2024-07
ORD-100303,2024-01-13,2024-01-15,10654,user2064@example.com,East,United States,40533,Online,Snacks,27,28.51,958.72,7.01,303.58,6,5.0,USD,Customer requested split delivery across two addresses.,2024-01
ORD-103210,2023-04-07,2023-04-16,10279,user2141@example.com,South,United States,79758,Retail,Snacks,37,23.37,1079.8,3.07,366.75,12,4.7,USD,,2023-04
ORD-102096,2024-10-15,2024-10-25,12186,user1622@example.com,East,United States,99449,Online,Frozen,21,18.29,343.8,2.38,104.75,13,4.7,USD,Customer requested split delivery across two addresses.,2024-10
ORD-100509,2024-03-29,2024-04-08,10406,user2859@example.com,South,United States,54061,Wholesale,Household,17,26.67,764.98,6.38,245.37,9,3.4,USD,"Standard order, no special handling requested by the buyer.",2024-03
ORD-102066,2023-04-07,2023-04-13,12096,user211@example.com,West,United States,87793,Retail,Dairy,20,10.64,265.74,2.92,92.54,5,4.2,USD,,2023-04
ORD-101067,2024-11-07,2024-11-12,11208,user2437@example.com,North,Mexico,98456,Retail,Produce,8,31.95,205.06,9.29,63.91,9,3.8,USD,Customer requested split delivery across two addresses.,2024-11
ORD-101297,2023-09-03,2023-09-03,11140,user620@example.com,West,United States,72994,Online,Snacks,32,13.08,384.25,9.57,126.37,5,5.0,USD,"Standard order, no special handling requested by the buyer.",2023-09
ORD-101467,2023-09-25,2023-10-02,11704,user912@example.com,East,United States,80270,Online,Frozen,13,19.06,219.64,7.5,70.97,5,4.0,USD,"Standard order, no special handling requested by the buyer.",2023-09
ORD-100934,2023-05-09,2023-05-18,10906,user2993@example.com,South,United States,72675,Online,Frozen,3,22.29,94.61,0.0,34.31,8,3.8,USD,Escalated to the regional service desk for a damaged pallet.,2023-05
ORD-103162,2023-11-16,2023-11-17,10859,user352@example.com,West,United States,99649,Online,Snacks,26,65.97,1670.04,5.62,545.42,12,2.8,USD,Customer requested split delivery across two addresses.,2023-11
ORD-100885,2023-03-17,2023-03-21,10782,user2391@example.com,West,United States,22405,Online,Frozen,5,13.86,101.52,15.5,34.09,13,4.8,USD,,2023-03
ORD-100533,2023-05-26,2023-05-31,10923,user2773@example.com,North,United States,80360,Online,Frozen,34,29.07,1337.67,7.43,439.22,12,4.6,USD,"Standard order, no special handling requested by the buyer.",2023-05
ORD-100275,2023-12-19,2023-12-28,11317,user1271@example.com,South,United States,67202,Online,Beverages,6,39.73,266.87,2.66,83.56,13,4.7,USD,Escalated to the regional service desk for a damaged pallet.,2023-12
ORD-101870,2024-05-23,2024-05-25,11142,user836@example.com,West,United States,20751,Retail,Household,26,31.53,945.88,12.34,297.39,9,3.4,USD,Customer requested split delivery across two addresses.,2024-05
ORD-101696,2023-02-10,2023-02-14,11912,user1961@example.com,West,Canada,33206,Online,Snacks,27,18.07,669.07,11.57,205.19,8,3.9,USD,,2023-02
ORD-102162,2023-06-02,2023-06-09,10300,user1382@example.com,North,United States,42904,Partner,Produce,16,33.69,544.11,7.82,176.43,10,4.3,USD,"Standard order, no special handling requested by the buyer.",2023-06
ORD-103400,2023-11-12,2023-11-23,10905,user1400@example.com,West,Mexico, 90210 ,Wholesale,Dairy,23,23.15,584.58,12.83,176.91,11,4.9,USD,Customer requested split delivery across two addresses.,2023-11
ORD-103652,2023-03-26,2023-03-29,10262,user835@example.com,West,United States,84998,Online,Frozen,4,39.93,235.31,2.27,79.5,1,5.0,USD,Escalated to the regional service desk for a damaged pallet.,2023-03
ORD-101489,2024-09-01,2024-09-03,11966,user1373@example.com,South,United States,75976,Retail,Beverages,14,9.29,101.45,11.99,29.88,8,5.0,USD,,2024-09
ORD-102775,2024-09-19,2024-09-22,11094,user1648@example.com,North,United States,78350,Online,Bakery,5,12.73,56.65,4.46,10.24,7,3.8,USD,Escalated to the regional service desk for a damaged pallet.,2024-09
ORD-101155,2024-11-05,2024-11-05,11729,user1696@example.com,South,Canada,86843,Partner,Beverages,11,21.31,168.17,2.81,,9,4.0,USD,,2024-11
ORD-102049,2024-06-01,2024-06-01,11333,user1194@example.com,North,United States,19543,Partner,Bakery,28,32.03,905.28,8.5,283.72,13,3.4,USD,Escalated to the regional service desk for a damaged pallet.,2024-06
ORD-101723,2023-10-13,2023-10-20,10867,user2162@example.com,West,Canada,62595,Wholesale,Beverages,38,51.01,1977.1,6.25,649.25,4,4.0,USD,,2023-10
ORD-100227,2023-07-08,2023-07-14,10013,user2305@example.com,South,United States,81532,Retail,Produce,8,16.24,126.29,2.16,40.88,13,2.9,USD,"Standard order, no special handling requested by the buyer.",2023-07
ORD-103762,2024-10-18,2024-10-24,10611,user1945@example.com,East,Canada,41101,Retail,Snacks,34,43.31,1122.42,0.0,379.19,5,4.4,USD,"Standard order, no special handling requested by the buyer.",2024-10
ORD-103911,2023-04-05,2023-04-15,11406,user2304@example.com,South,United States,62750,Partner,Bakery,15,23.48,396.06,10.9,116.98,7,4.1,USD,Escalated to the regional service desk for a damaged pallet.,2023-04
ORD-101717,2024-02-17,2024-02-26,11046,user506@example.com,North,United States,32272,Online,Household,28,17.22,673.55,10.88,,12,4.4,USD,Customer requested split delivery across two addresses.,2024-02
ORD-100133,2023-10-07,2023-10-14,11147,user2598@example.com,East,Canada,71230,Retail,Dairy,32,32.91,791.36,11.85,242.52,11,4.0,USD,"Standard order, no special handling requested by the buyer.",2023-10
ORD-101759,2024-05-24,2024-05-31,10438,user2923@example.com,East,Canada,22314,Online,Produce,16,19.85,431.14,6.66,138.58,2,4.1,USD,Customer requested split delivery across two addresses.,2024-05
ORD-102296,2024-09-17,2024-09-21,10652,user1866@example.com,South,Canada, 90210 ,Retail,Produce,1,8.76,6.62,4.59,4.56,9,4.1,USD,Customer requested split delivery across two addresses.,2024-09
ORD-101307,2023-08-14,2023-08-20,11350,user2413@example.com,West,Mexico,60949,Online,Frozen,27,15.26,403.44,7.66,126.61,3,4.1,USD,,2023-08
ORD-100496,2024-06-12,2024-06-17,11023,user2989@example.com,East,Canada,76784,Retail,Snacks,20,13.23,285.31,8.58,90.04,2,4.0,USD,Customer requested split delivery across two addresses.,2024-06
ORD-103752,2024-06-24,2024-07-03,11731,user2007@example.com,West,Canada,32664,Retail,Frozen,29,17.97,535.68,13.23,163.52,7,4.5,USD,Escalated to the regional service desk for a damaged pallet.,2024-06
ORD-100960,2024-01-05,2024-01-16,11791,user2073@example.com,South,United States,17894,Online,Snacks,11,16.25,215.46,2.03,67.73,8,4.0,USD,,2024-01
ORD-100335,2023-06-26,2023-07-01,11951,user1177@example.com,East,United States,35665,Partner,Frozen,10,17.92,165.09,11.25,54.54,10,4.9,USD,Escalated to the regional service desk for a damaged pallet.,2023-06
ORD-102487,2023-12-20,2023-12-28,10371,user2227@example.com,North,Canada,14939,Partner,Dairy,39,29.72,994.08,7.85,317.93,3,4.7,USD,Escalated to the regional service desk for a damaged pallet.,2023-12
ORD-103335,2024-08-08,2024-08-14,11447,user2787@example.com,East,United States,57642,Retail,Produce,18,19.61,298.68,1.98,96.12,4,3.5,USD,Customer requested split delivery across two addresses.,2024-08
ORD-103214,2024-02-16,2024-02-19,10026,user2641@example.com,West,Mexico,96348,Online,Dairy,9,16.8,210.69,0.0,71.5,7,3.6,USD,"Standard order, no special handling requested by the buyer.",2024-02
ORD-101269,2023-08-02,2023-08-08,12001,user436@example.com,West,United States,33369,Retail,Snacks,16,18.06,251.68,3.03,83.6,13,4.5,USD,,2023-08
ORD-100812,2024-03-05,2024-03-14,10934,user2889@example.com,East,United States,87113,Online,Household,4,22.2,128.35,0.0,41.35,1,5.0,USD,,2024-03
ORD-101051,2023-10-26,2023-11-03,11628,user1005@example.com,North,United States,97980,Retail,Produce,10,30.13,232.98,11.12,68.12,11,5.0,USD,"Standard order, no special handling requested by the buyer.",2023-10
ORD-100441,2023-03-09,2023-03-10,11813,user571@example.com,West,United States,70079,Online,Beverages,22,18.23,582.21,0.5,206.63,1,4.7,USD,"Standard order, no special handling requested by the buyer.",2023-03
ORD-101162,2023-04-26,2023-05-02,11756,user1402@example.com,South,United States,30995,Online,Dairy,36,47.0,2451.08,4.89,797.64,12,4.3,USD,Escalated to the regional service desk for a damaged pallet.,2023-04
ORD-101387,2023-09-30,2023-10-10,10887,user352@example.com,South,Mexico,59258,Online,Beverages,18,17.03,271.3,2.04,93.42,4,2.6,USD,"Standard order, no special handling requested by the buyer.",2023-09
ORD-103161,2023-10-09,2023-10-14,12328,user1969@example.com,West,United States,23687,Wholesale,Produce,21,33.96,724.5,5.32,232.03,7,3.6,USD,"Standard order, no special handling requested by the buyer.",2023-10
ORD-102886,2024-05-28,2024-05-30,12189,user1353@example.com,East,Canada,25564,Retail,Produce,28,32.45,1032.45,8.36,333.69,12,4.2,USD,"Standard order, no special handling requested by the buyer.",2024-05
ORD-103995,2024-06-21,2024-06-28,12473,user930@example.com,East,Canada,35688,Retail,Bakery,15,17.3,270.06,5.52,85.97,12,5.0,USD,Customer requested split delivery across two addresses.,2024-06
ORD-103095,2024-08-06,2024-08-15,10885,user733@example.com,South,United States,60490,Partner,Dairy,21,27.31,440.31,8.98,139.2,13,4.7,USD,,2024-08
ORD-103680,2024-08-20,2024-08-25,12372,user1512@example.com,East,United States,99646,Partner,Produce,20,10.28,149.7,12.7,44.33,6,4.0,USD,"Standard order, no special handling requested by the buyer.",2024-08
ORD-103151,2024-09-15,2024-09-17,11318,user2826@example.com,North,Mexico,23895,Retail,Frozen,39,28.29,836.33,4.22,280.05,2,2.8,USD,Customer requested split delivery across two addresses.,2024-09
ORD-103197,2024-11-06,2024-11-12,10568,user1553@example.com,North,United States,27949,Online,Produce,21,31.89,631.92,6.25,211.35,2,3.4,USD,,2024-11
ORD-103776,2023-03-22,2023-03-27,11586,user1594@example.com,South,United States,27836,Online,Frozen,30,17.2,758.74,5.13,244.61,3,4.6,USD,"Standard order, no special handling requested by the buyer.",2023-03
ORD-100242,2023-07-15,2023-07-26,10047,user2519@example.com,SOUTH,United States,13547,Retail,Frozen,29,25.6,699.66,12.3,212.63,2,4.5,USD,"Standard order, no special handling requested by the buyer.",2023-07
ORD-101394,2024-03-22,2024-03-28,10075,user1179@example.com,North,United States,39796,Online,Frozen,27,46.82,1859.89,7.94,590.33,12,4.3,USD,Escalated to the regional service desk for a damaged pallet.,2024-03
ORD-100683,2024-03-07,2024-03-14,10261,user2947@example.com,West,United States,66862,Online,Dairy,10,19.28,279.5,13.4,87.45,11,4.0,USD,Escalated to the regional service desk for a damaged pallet.,2024-03
ORD-101350,2023-04-05,2023-04-11,11404,user2125@example.com,North,Mexico,22845,Online,Frozen,13,59.68,1143.89,9.44,369.28,8,4.5,USD,"Standard order, no special handling requested by the buyer.",2023-04
ORD-103651,2023-02-16,2023-02-17,12460,user2850@example.com,South,Canada,21705,Retail,Produce,32,31.89,1205.1,22.5,353.49,1,4.5,USD,Customer requested split delivery across two addresses.,2023-02
ORD-100657,2023-01-11,2023-01-18,10188,user1790@example.com,North,Canada,72498,Retail,Produce,22,53.86,1240.68,12.37,374.67,6,3.4,USD,,2023-01
ORD-102552,2023-08-02,2023-08-02,12359,user2781@example.com,West,United States,58910,Online,Snacks,25,35.25,905.71,2.75,301.34,5,5.0,USD,"Standard order, no special handling requested by the buyer.",2023-08
ORD-100408,2024-04-09,2024-04-09,10060,user2355@example.com,North,United States,71146,Online,Household,9,11.43,151.39,7.71,49.08,5,4.8,USD,Escalated to the regional service desk for a damaged pallet.,2024-04
ORD-101115,2023-08-24,2023-08-25,10287,user810@example.com,North,Mexico,42379,Wholesale,Household,22,46.88,1115.2,3.66,371.51,13,4.7,USD,Escalated to the regional service desk for a damaged pallet.,2023-08
ORD-103153,2023-05-28,2023-06-04,10956,user2637@example.com,South,United States,70159,Partner,Frozen,9,23.14,213.66,6.77,70.65,11,4.7,USD,Customer requested split delivery across two addresses.,2023-05
ORD-103540,2024-10-05,2024-10-06,12131,user2823@example.com,North,Mexico,62922,Retail,Beverages,33,32.02,793.57,2.37,265.11,5,3.7,USD,"Standard order, no special handling requested by the buyer.",2024-10
ORD-101255,2023-10-13,2023-10-14,10079,user2383@example.com,East,Mexico,39442,Online,Dairy,6,32.36,173.1,5.86,56.17,3,4.2,USD,Escalated to the regional service desk for a damaged pallet.,2023-10
ORD-101525,2023-01-12,2023-01-23,12418,user2310@example.com,North,United States,43847,Online,Snacks,5,28.61,177.45,5.9,61.4,6,4.1,USD,Customer requested split delivery across two addresses.,2023-01
ORD-103109,2024-02-26,2024-03-08,12238,user2778@example.com,West,United States,36487,Online,Household,22,29.89,937.18,5.59,307.52,5,4.7,USD,"Standard order, no special handling requested by the buyer.",2024-02
ORD-101866,2023-12-13,2023-12-14,12043,user2404@example.com,East,United States,15471,Partner,Frozen,10,29.48,245.09,18.38,69.33,6,3.8,USD,"Standard order, no special handling requested by the buyer.",2023-12
ORD-103969,2024-02-19,2024-02-22,12084,user1546@example.com,East,Mexico,63367,Retail,Bakery,2,25.04,59.57,6.75,17.79,11,3.7,USD,,2024-02
ORD-100140,2024-10-05,2024-10-16,11979,user2304@example.com,North,United States,62525,Retail,Dairy,16,41.34,496.75,13.82,150.4,2,3.9,USD,"Standard order, no special handling requested by the buyer.",2024-10
ORD-102594,2024-03-29,2024-04-05,12191,user2547@example.com,North,United States,58761,Retail,Frozen,38,20.58,977.4,17.86,293.11,8,3.8,USD,"Standard order, no special handling requested by the buyer.",2024-03
ORD-100900,2024-01-15,2024-01-24,11129,user1533@example.com,West,United States,84946,Wholesale,Dairy,38,16.79,916.31,1.37,301.73,5,4.3,USD,Escalated to the regional service desk for a damaged pallet.,2024-01
ORD-102685,2023-06-13,2023-06-20,10184,user1480@example.com,North,United States,87555,Partner,Dairy,9,4.49,39.22,17.58,18.85,2,4.1,USD,"Standard order, no special handling requested by the buyer.",2023-06
ORD-101260,2023-11-11,2023-11-22,10655,user564@example.com,SOUTH,United States,97815,Retail,Beverages,1,33.86,27.44,8.4,4.43,7,3.8,USD,"Standard order, no special handling requested by the buyer.",2023-11
ORD-103885,2023-12-14,2023-12-22,12235,user317@example.com,North,United States,14045,Online,Produce,17,27.58,513.35,11.85,156.72,12,3.9,USD,"Standard order, no special handling requested by the buyer.",2023-12
ORD-103488,2023-09-20,2023-09-27,10052,user1487@example.com,South,United States,10639,Partner,Bakery,3,21.94,44.68,7.41,15.26,1,4.2,USD,"Standard order, no special handling requested by the buyer.",2023-09
ORD-103837,2024-04-07,2024-04-11,10106,user2035@example.com,North,United States,87797,Online,Snacks,20,26.01,766.26,8.21,241.33,8,3.7,USD,"Standard order, no special handling requested by the buyer.",2024-04
ORD-100688,2023-12-28,2024-01-02,12033,user975@example.com,North,United States,41529,Retail,Frozen,33,24.14,786.34,4.04,253.4,10,3.7,USD,Customer requested split delivery across two addresses.,2023-12
ORD-101628,2023-09-10,2023-09-18,11660,user10@example.com,North,United States,72912,Retail,Beverages,38,31.11,905.29,1.57,310.43,4,4.6,USD,,2023-09
ORD-102669,2023-03-28,2023-04-05,11592,user2355@example.com,North,United States,39122,Wholesale,Frozen,3,22.7,114.86,2.68,36.12,7,4.6,USD,Customer requested split delivery across two addresses.,2023-03
ORD-103864,2023-07-25,2023-08-05,11746,user252@example.com,East,Canada,40031,Online,Snacks,31,13.61,448.87,10.9,132.44,12,4.3,USD,"Standard order, no special handling requested by the buyer.",2023-07
ORD-100850,2024-08-26,2024-08-28,11556,user2830@example.com,North,United States,14258,Retail,Dairy,14,11.37,126.3,7.31,50.77,6,5.0,USD,Customer requested split delivery across two addresses.,2024-08
ORD-100583,2024-01-04,2024-01-10,10555,user1999@example.com,East,United States,31046,Retail,Snacks,3,31.73,96.83,9.82,27.06,1,4.3,USD,,2024-01
ORD-101697,2024-05-02,2024-05-12,10498,user1243@example.com,South,United States,17075,Retail,Produce,20,38.16,926.2,6.38,295.58,8,3.2,USD,Escalated to the regional service desk for a damaged pallet.,2024-05
ORD-100332,2024-03-03,2024-03-04,11900,user2123@example.com,East,United States,75376,Retail,Household,5,8.14,49.7,5.89,11.36,10,4.4,USD,Escalated to the regional service desk for a damaged pallet.,2024-03
ORD-101293,2024-03-26,2024-04-03,12231,user1952@example.com,West,United States,49821,Online,Frozen,21,28.57,884.23,0.0,297.51,13,4.8,USD,,2024-03
ORD-100539,2024-11-26,2024-12-05,10585,user2754@example.com,North,United States,18294,Retail,Produce,12,45.14,466.87,6.14,156.41,7,4.1,USD,Customer requested split delivery across two addresses.,2024-11
ORD-103409,2024-05-24,2024-05-31,10818,user471@example.com,North,United States,68363,Online,Bakery,1,29.69,40.3,3.39,16.46,12,4.1,USD,Customer requested split delivery across two addresses.,2024-05
ORD-103163,2024-07-26,2024-08-03,12144,user2612@example.com,East,Canada,27350,Partner,Dairy,26,8.61,180.07,8.66,58.38,4,4.8,USD,"Standard order, no special handling requested by the buyer.",2024-07
ORD-101104,2024-07-12,2024-07-13,11221,user142@example.com,East,United States,10793,Partner,Produce,4,9.25,31.66,10.41,14.92,2,3.4,USD,Escalated to the regional service desk for a damaged pallet.,2024-07
ORD-103775,2024-04-14,2024-04-23,11233,user2671@example.com,North,Canada,83271,Retail,Dairy,17,26.1,551.53,5.2,177.7,1,5.0,USD,Escalated to the regional service desk for a damaged pallet.,2024-04
ORD-101945,2023-08-01,2023-08-05,11234,user160@example.com,East,United States,57760,Online,Snacks,16,68.2,1126.26,0.0,388.7,8,3.2,USD,Customer requested split delivery across two addresses.,2023-08
