account_id,signup_date,plan_tier,industry,seats,monthly_recurring_revenue,tenure_months,support_tickets_90d,monthly_logins,nps_score,churned,renewal_date
ACC-2000,2024-10-12,Starter,Healthcare,5,77.34,9,5,11.0,34.0,0,2025-06-08
ACC-2001,2021-09-09,Growth,Education,4,56.65,35,3,20.0,36.0,0,2025-06-27
ACC-2002,2021-01-22,Enterprise,Healthcare,175,5541.48,10,5,22.0,29.0,0,2025-09-14
ACC-2003,2024-06-01,Scale,Public sector,40,1022.93,23,2,32.0,27.0,1,2025-09-28
ACC-2004,2023-03-11,Starter,Healthcare,3,38.44,15,4,25.0,27.0,0,2025-07-09
ACC-2005,2023-06-27,Scale,Education,51,1182.78,29,2,21.0,56.0,1,2025-05-16
ACC-2006,2024-01-25,Starter,Finance,1,13.05,13,2,14.0,58.0,0,2025-04-12
ACC-2007,2022-10-15,Starter,Education,7,91.7,9,3,28.0,44.0,0,2025-10-21
ACC-2008,2023-02-11,Enterprise,Education,194,4512.13,4,6,21.0,51.0,0,2026-03-28
ACC-2009,2024-08-24,Starter,Public sector,4,47.47,20,5,11.0,56.0,1,2025-12-03
ACC-2010,2021-06-05,Starter,Education,4,47.6,44,1,22.0,10.0,0,2026-05-04
ACC-2011,2022-03-21,Scale,Public sector,51,1243.12,3,12,15.0,25.0,1,2025-08-07
ACC-2012,2021-02-02,Growth,Education,12,216.94,13,4,23.0,-10.0,0,2025-08-24
ACC-2013,2023-05-09,Starter,Retail,3,37.56,8,8,32.0,-17.0,0,2025-11-01
ACC-2014,2022-01-29,Scale,Manufacturing,34,838.64,8,5,5.0,54.0,1,2025-04-07
ACC-2015,2021-04-20,Scale,Healthcare,46,1157.69,25,4,29.0,63.0,0,2026-03-11
ACC-2016,2021-04-14,Scale,Retail,41,811.23,11,3,16.0,49.0,1,2026-04-13
ACC-2017,2024-12-10,Growth,Healthcare,9,185.92,8,1,28.0,100.0,0,2025-02-12
ACC-2018,2023-07-02,Starter,Education,1,11.42,24,1,23.0,7.0,0,2025-11-30
ACC-2019,2022-11-04,Scale,Education,44,1165.94,33,8,5.0,-5.0,0,2025-04-09
ACC-2020,2023-04-18,Growth,Finance,11,213.58,16,2,9.0,39.0,1,2025-03-18
ACC-2021,2021-07-07,Scale,Retail,47,1109.64,46,1,14.0,27.0,0,2026-04-04
ACC-2022,2021-11-22,Growth,Education,18,269.52,33,4,42.0,4.0,1,2026-05-07
ACC-2023,2024-11-16,Starter,Finance,4,47.17,6,7,20.0,20.0,0,2025-01-19
ACC-2024,2024-06-18,Starter,Retail,4,45.84,9,4,5.0,-3.0,0,2025-10-22
ACC-2025,2023-12-14,Growth,Healthcare,14,290.98,31,4,11.0,37.0,0,2025-12-27
ACC-2026,2021-08-04,Enterprise,Retail,185,5812.46,32,4,32.0,17.0,1,2025-02-07
ACC-2027,2022-04-28,Growth,Retail,11,180.93,24,7,21.0,47.0,0,2025-10-11
ACC-2028,2022-09-06,Scale,Manufacturing,36,826.18,3,5,17.0,45.0,1,2025-07-03
ACC-2029,2024-01-27,Starter,Manufacturing,2,32.81,7,6,15.0,-3.0,1,2026-03-25
ACC-2030,2024-03-26,Starter,Healthcare,1,10.41,18,4,18.0,23.0,0,2025-05-22
ACC-2031,2024-06-26,Starter,Finance,6,78.0,39,2,24.0,1.0,0,2025-09-26
ACC-2032,2024-06-06,Starter,Manufacturing,1,13.21,2,5,14.0,-1.0,1,2025-08-25
ACC-2033,2024-10-20,Growth,Manufacturing,12,169.16,22,1,22.0,71.0,1,2025-09-02
ACC-2034,2024-02-06,Starter,Education,6,69.98,1,7,10.0,-1.0,1,2026-01-26
ACC-2035,2023-04-09,Scale,Public sector,47,1118.96,20,4,7.0,23.0,0,2025-12-10
ACC-2036,2021-02-01,Enterprise,Manufacturing,192,6316.43,5,12,11.0,21.0,0,2025-11-02
ACC-2037,2023-10-05,Growth,Healthcare,10,165.66,41,1,13.0,10.0,0,2025-04-01
ACC-2038,2022-12-23,Starter,Public sector,3,36.56,39,2,12.0,13.0,0,2025-12-07
ACC-2039,2021-12-18,Scale,Healthcare,50,1318.92,31,2,13.0,35.0,0,2025-05-20
ACC-2040,2022-11-13,Growth,Manufacturing,11,185.42,2,6,1.0,17.0,0,2025-12-06
ACC-2041,2024-02-18,Starter,Healthcare,4,46.19,31,1,23.0,57.0,0,2026-04-09
ACC-2042,2021-08-15,Growth,Retail,15,249.29,14,2,21.0,47.0,1,2025-04-12
ACC-2043,2022-04-12,Starter,Retail,4,39.06,43,2,13.0,26.0,1,2025-12-15
ACC-2044,2023-07-20,Starter,Finance,1,12.93,42,3,16.0,75.0,0,2025-05-19
ACC-2045,2022-10-02,Scale,Manufacturing,50,1081.46,36,4,24.0,20.0,0,2025-11-18
ACC-2046,2023-05-13,Starter,Retail,2,26.86,26,1,16.0,5.0,0,2026-02-11
ACC-2047,2021-02-07,Starter,Public sector,6,90.51,23,3,28.0,58.0,0,2025-05-27
ACC-2048,2022-09-25,Scale,Education,41,1013.35,12,5,20.0,40.0,0,2025-04-06
ACC-2049,2021-01-01,Starter,Finance,4,34.42,34,2,22.0,43.0,0,2025-01-31
ACC-2050,2022-12-09,Enterprise,Finance,167,5059.18,34,1,11.0,79.0,0,2025-03-12
ACC-2051,2024-03-13,Growth,Education,13,241.89,33,0,14.0,17.0,0,2026-04-29
ACC-2052,2021-03-13,Starter,Manufacturing,3,36.26,23,4,30.0,42.0,1,2025-12-02
ACC-2053,2022-05-30,Scale,Manufacturing,44,1168.82,9,5,13.0,64.0,0,2025-09-12
ACC-2054,2023-07-26,Starter,Healthcare,9,102.33,38,3,25.0,16.0,1,2026-04-15
ACC-2055,2022-01-20,Growth,Healthcare,13,246.18,16,5,4.0,19.0,0,2025-04-20
ACC-2056,2023-04-30,Scale,Healthcare,39,1004.71,12,7,5.0,-5.0,0,2025-12-27
ACC-2057,2021-05-11,Growth,Public sector,13,215.24,25,4,13.0,-5.0,0,2025-05-06
ACC-2058,2023-04-29,Starter,Education,3,34.76,28,3,36.0,20.0,0,2026-02-04
ACC-2059,2021-10-28,Growth,Retail,17,293.68,28,2,16.0,22.0,0,2025-08-19
ACC-2060,2023-12-29,Scale,Finance,47,959.99,26,6,6.0,8.0,0,2026-03-16
ACC-2061,2021-06-25,Growth,Public sector,17,297.17,38,2,19.0,59.0,0,2026-01-26
ACC-2062,2021-12-31,Scale,Education,43,1168.19,33,3,11.0,58.0,0,2025-08-20
ACC-2063,2021-11-18,Growth,Finance,17,305.07,19,5,14.0,84.0,1,2026-03-08
ACC-2064,2022-09-04,Starter,Healthcare,1,11.04,10,5,18.0,45.0,1,2025-03-25
ACC-2065,2023-12-13,Growth,Retail,9,180.13,22,6,27.0,28.0,0,2025-03-05
ACC-2066,2023-08-05,Starter,Manufacturing,4,55.57,45,1,27.0,57.0,0,2026-05-08
ACC-2067,2023-01-28,Scale,Healthcare,49,1034.54,39,1,28.0,26.0,0,2026-03-31
ACC-2068,2022-10-13,Scale,Finance,48,1177.41,30,2,44.0,39.0,0,2025-09-10
ACC-2069,2022-11-25,Scale,Finance,42,997.38,47,0,27.0,38.0,0,2025-04-20
ACC-2070,2022-01-07,Growth,Public sector,13,182.73,22,5,20.0,50.0,1,2025-06-17
ACC-2071,2021-05-16,Growth,Manufacturing,15,266.37,21,5,6.0,71.0,1,2025-05-22
ACC-2072,2023-06-29,Growth,Education,13,202.08,46,2,27.0,26.0,1,2026-03-18
ACC-2073,2024-05-17,Growth,Education,11,214.86,12,6,16.0,24.0,0,2025-09-19
ACC-2074,2022-12-27,Starter,Finance,2,21.87,33,0,28.0,45.0,0,2025-01-25
ACC-2075,2021-11-19,Growth,Retail,14,212.35,11,3,12.0,42.0,0,2026-04-10
ACC-2076,2021-02-23,Enterprise,Retail,190,6238.48,25,3,10.0,47.0,0,2025-06-21
ACC-2077,2022-02-05,Starter,Public sector,1,11.68,32,2,22.0,38.0,0,2025-10-08
ACC-2078,2023-10-31,Starter,Retail,5,54.19,27,4,14.0,-23.0,0,2025-11-18
ACC-2079,2025-02-05,Growth,Retail,16,296.06,44,1,35.0,10.0,0,2025-05-15
ACC-2080,2021-08-19,Growth,Finance,17,257.83,13,1,18.0,6.0,1,2026-02-07
ACC-2081,2023-10-11,Starter,Public sector,2,19.15,47,0,16.0,26.0,0,2025-06-02
ACC-2082,2022-11-20,Starter,Finance,1,12.15,5,2,26.0,41.0,1,2025-07-04
ACC-2083,2021-01-21,Starter,Manufacturing,8,100.6,41,2,17.0,39.0,1,2025-10-03
ACC-2084,2024-05-21,Starter,Retail,8,90.65,7,4,17.0,31.0,0,2025-09-02
ACC-2085,2021-08-31,Growth,Retail,11,182.12,30,5,14.0,47.0,0,2025-06-12
ACC-2086,2022-08-15,Enterprise,Public sector,190,5865.05,25,4,14.0,48.0,1,2026-04-02
ACC-2087,2024-05-15,Growth,Healthcare,14,242.73,17,4,15.0,21.0,0,2025-12-21
ACC-2088,2022-10-05,Enterprise,Education,196,7545.1,33,2,14.0,38.0,0,2025-05-16
ACC-2089,2024-10-05,Scale,Manufacturing,41,833.8,46,1,16.0,40.0,0,2026-02-17
ACC-2090,2024-05-12,Starter,Retail,1,10.54,28,2,26.0,-1.0,0,2026-01-14
ACC-2091,2023-02-19,Growth,Retail,15,248.41,18,4,24.0,21.0,0,2025-04-26
ACC-2092,2023-12-26,Growth,Public sector,5,90.22,29,2,19.0,28.0,1,2026-04-08
ACC-2093,2024-12-02,Scale,Retail,44,1084.45,14,9,18.0,49.0,1,2025-05-09
ACC-2094,2022-10-27,Starter,Retail,1,14.46,41,1,7.0,31.0,1,2025-03-09
ACC-2095,2021-05-12,Starter,Healthcare,1,10.06,36,3,26.0,28.0,0,2025-07-22
ACC-2096,2024-08-04,Starter,Education,3,36.78,22,5,34.0,27.0,1,2025-11-16
ACC-2097,2021-12-14,Enterprise,Public sector,172,5332.57,2,4,13.0,30.0,1,2025-08-07
ACC-2098,2021-05-10,Starter,Finance,3,35.74,17,3,32.0,22.0,1,2025-09-02
ACC-2099,2021-12-31,Enterprise,Retail,182,6840.54,7,5,11.0,100.0,1,2025-11-21
ACC-2100,2024-10-03,Enterprise,Education,183,5124.96,15,2,14.0,26.0,1,2025-03-16
ACC-2101,2024-04-15,Growth,Education,12,245.94,27,2,6.0,52.0,0,2026-02-27
ACC-2102,2022-07-22,Enterprise,Public sector,176,5764.48,23,1,26.0,56.0,1,2026-01-06
ACC-2103,2021-07-26,Enterprise,Education,173,6189.33,21,5,26.0,21.0,0,2025-03-31
ACC-2104,2021-09-04,Starter,Finance,1,12.31,34,4,25.0,49.0,0,2025-05-10
ACC-2105,2022-02-17,Growth,Retail,9,169.22,10,2,8.0,33.0,0,2025-03-02
ACC-2106,2021-11-21,Scale,Public sector,47,1013.86,2,9,7.0,2.0,0,2026-01-01
ACC-2107,2024-12-16,Enterprise,Education,195,5620.88,9,5,21.0,22.0,0,2025-08-10
ACC-2108,2021-12-03,Starter,Healthcare,1,12.45,18,6,23.0,31.0,0,2026-03-13
ACC-2109,2021-10-21,Growth,Education,13,244.99,45,1,27.0,-16.0,0,2025-04-09
ACC-2110,2023-12-23,Starter,Education,1,11.22,39,4,15.0,12.0,0,2026-04-28
ACC-2111,2025-01-27,Starter,Retail,1,12.76,11,9,17.0,46.0,0,2025-12-24
ACC-2112,2021-07-28,Scale,Healthcare,44,1096.96,23,5,12.0,30.0,0,2026-04-13
ACC-2113,2022-10-29,Starter,Retail,4,52.06,7,9,0.0,40.0,1,2026-05-13
ACC-2114,2021-10-15,Growth,Manufacturing,9,172.86,36,5,18.0,28.0,0,2025-02-09
ACC-2115,2023-09-30,Starter,Finance,2,22.07,35,1,23.0,40.0,0,2025-05-07
ACC-2116,2024-03-26,Growth,Manufacturing,12,271.19,8,7,13.0,46.0,1,2026-01-27
ACC-2117,2021-03-13,Starter,Healthcare,5,64.23,10,7,16.0,63.0,1,2025-08-16
ACC-2118,2023-07-18,Starter,Healthcare,4,49.66,40,0,21.0,42.0,0,2025-06-28
ACC-2119,2023-06-05,Scale,Finance,58,1209.89,38,3,19.0,-20.0,0,2026-01-22
ACC-2120,2022-11-27,Growth,Healthcare,11,180.22,5,3,33.0,15.0,0,2025-11-07
ACC-2121,2024-03-24,Growth,Retail,7,123.94,23,3,19.0,50.0,0,2025-07-17
ACC-2122,2022-07-08,Starter,Healthcare,1,12.57,41,2,29.0,41.0,0,2025-04-08
ACC-2123,2022-09-04,Starter,Public sector,6,76.86,9,7,11.0,35.0,0,2025-08-23
ACC-2124,2023-02-01,Growth,Healthcare,15,288.41,26,3,18.0,41.0,0,2025-07-04
ACC-2125,2022-10-11,Growth,Manufacturing,10,191.94,6,8,23.0,21.0,0,2025-10-15
ACC-2126,2021-10-26,Scale,Finance,59,1368.99,18,3,29.0,-0.0,0,2025-04-11
ACC-2127,2023-10-16,Enterprise,Retail,184,5196.5,12,5,8.0,47.0,0,2025-08-27
ACC-2128,2021-10-12,Growth,Retail,16,314.46,3,4,9.0,35.0,0,2025-10-03
ACC-2129,2023-03-17,Starter,Manufacturing,3,33.7,22,3,29.0,8.0,0,2025-03-13
ACC-2130,2022-12-22,Starter,Healthcare,2,27.52,31,1,34.0,24.0,0,2026-04-15
ACC-2131,2023-05-13,Scale,Finance,41,879.79,12,4,17.0,16.0,0,2025-09-05
ACC-2132,2021-01-25,Starter,Healthcare,3,39.32,35,3,21.0,49.0,0,2025-05-31
ACC-2133,2021-08-05,Starter,Education,4,43.43,21,8,21.0,64.0,0,2025-05-31
ACC-2134,2022-02-02,Starter,Manufacturing,5,45.63,40,0,17.0,21.0,0,2025-04-04
ACC-2135,2023-12-07,Starter,Education,2,26.81,24,4,18.0,41.0,0,2025-10-25
ACC-2136,2024-11-01,Starter,Public sector,3,32.07,43,0,28.0,45.0,0,2026-03-26
ACC-2137,2024-09-13,Starter,Public sector,3,29.24,6,8,20.0,63.0,0,2026-02-20
ACC-2138,2025-01-16,Starter,Healthcare,3,32.8,22,5,20.0,39.0,1,2025-01-25
ACC-2139,2023-12-24,Starter,Public sector,8,100.82,44,1,17.0,51.0,0,2025-05-29
ACC-2140,2024-07-21,Scale,Healthcare,40,955.07,2,12,4.0,41.0,1,2025-12-27
ACC-2141,2022-09-09,Starter,Education,2,23.74,25,5,15.0,11.0,1,2025-07-27
ACC-2142,2024-10-08,Starter,Retail,3,34.97,37,1,22.0,58.0,0,2025-08-12
ACC-2143,2023-06-03,Starter,Public sector,4,46.74,28,5,8.0,1.0,0,2026-02-18
ACC-2144,2024-10-31,Starter,Education,1,11.81,42,3,14.0,24.0,0,2025-09-18
ACC-2145,2022-09-18,Scale,Healthcare,53,1164.66,46,1,13.0,24.0,0,2025-05-28
ACC-2146,2024-04-24,Scale,Education,38,767.95,40,2,24.0,31.0,0,2026-02-05
ACC-2147,2021-08-17,Scale,Manufacturing,54,1181.01,30,2,14.0,37.0,0,2025-12-22
ACC-2148,2023-02-08,Starter,Education,3,30.29,29,7,14.0,8.0,0,2025-10-14
ACC-2149,2021-04-14,Starter,Finance,1,13.07,9,3,10.0,1.0,0,2025-12-09
ACC-2150,2024-12-10,Starter,Finance,2,25.26,20,2,28.0,38.0,0,2025-11-25
ACC-2151,2021-09-05,Growth,Education,10,174.57,40,3,31.0,52.0,0,2025-05-20
ACC-2152,2024-02-25,Enterprise,Manufacturing,178,7345.88,14,9,8.0,21.0,1,2025-08-26
ACC-2153,2022-03-06,Scale,Public sector,46,1066.5,14,7,6.0,0.0,1,2025-11-28
ACC-2154,2023-06-30,Growth,Manufacturing,13,280.42,47,1,18.0,-23.0,0,2025-01-05
ACC-2155,2021-05-29,Growth,Education,8,152.44,8,8,2.0,22.0,1,2025-02-17
ACC-2156,2022-08-28,Growth,Manufacturing,10,191.22,20,5,12.0,50.0,1,2026-01-05
ACC-2157,2024-01-03,Starter,Retail,4,45.55,33,3,25.0,40.0,0,2026-03-21
ACC-2158,2022-09-17,Scale,Healthcare,45,1069.3,22,4,10.0,25.0,0,2025-03-02
ACC-2159,2021-06-30,Growth,Manufacturing,16,246.66,9,2,14.0,24.0,1,2026-02-24
ACC-2160,2022-02-12,Starter,Public sector,3,33.24,23,4,21.0,5.0,0,2026-03-21
ACC-2161,2023-08-23,Starter,Finance,4,42.26,28,5,8.0,6.0,0,2025-05-09
ACC-2162,2023-11-25,Scale,Finance,60,1342.73,1,5,12.0,9.0,0,2025-03-03
ACC-2163,2021-10-27,Starter,Public sector,4,46.14,37,1,27.0,20.0,0,2025-12-25
ACC-2164,2024-09-11,Starter,Public sector,3,42.22,2,7,21.0,30.0,0,2025-06-02
ACC-2165,2024-10-06,Scale,Public sector,55,1523.52,37,4,19.0,33.0,0,2025-09-01
ACC-2166,2022-03-21,Scale,Healthcare,39,986.6,29,3,15.0,13.0,0,2026-01-22
ACC-2167,2024-12-15,Starter,Education,1,12.25,11,3,28.0,13.0,0,2025-06-17
ACC-2168,2023-04-17,Growth,Healthcare,8,166.88,22,6,22.0,39.0,0,2025-04-21
ACC-2169,2024-03-05,Starter,Finance,2,23.74,31,5,25.0,-19.0,0,2025-05-15
ACC-2170,2023-04-07,Growth,Education,15,324.98,7,5,18.0,-12.0,0,2025-06-07
ACC-2171,2024-02-08,Growth,Retail,11,174.81,45,1,32.0,50.0,0,2025-02-07
ACC-2172,2023-08-23,Growth,Retail,8,158.88,14,7,10.0,42.0,0,2025-04-03
ACC-2173,2024-02-10,Scale,Retail,47,1121.57,27,3,32.0,41.0,0,2025-11-28
ACC-2174,2024-06-19,Scale,Retail,48,976.84,18,6,18.0,4.0,1,2026-02-23
ACC-2175,2021-03-22,Growth,Retail,16,239.5,37,3,10.0,13.0,1,2025-05-10
ACC-2176,2023-12-07,Scale,Healthcare,40,873.6,47,2,27.0,20.0,0,2025-07-12
ACC-2177,2024-04-04,Scale,Public sector,49,1148.15,5,1,20.0,49.0,0,2025-09-28
ACC-2178,2022-11-17,Scale,Retail,38,958.11,46,1,26.0,42.0,0,2026-05-13
ACC-2179,2021-11-20,Starter,Public sector,1,11.91,7,7,8.0,42.0,1,2025-02-24
ACC-2180,2021-10-09,Starter,Healthcare,1,11.02,10,4,17.0,21.0,0,2025-10-27
ACC-2181,2022-01-31,Enterprise,Finance,169,4522.31,17,8,11.0,47.0,1,2025-10-28
ACC-2182,2023-10-24,Scale,Finance,45,1188.85,36,2,17.0,16.0,0,2025-11-26
ACC-2183,2024-10-23,Enterprise,Finance,170,5503.64,38,3,10.0,79.0,0,2025-01-26
ACC-2184,2023-08-23,Starter,Finance,2,24.52,14,8,11.0,36.0,1,2026-04-30
ACC-2185,2022-04-08,Enterprise,Public sector,194,6033.49,39,4,25.0,12.0,0,2025-09-07
ACC-2186,2021-02-17,Starter,Healthcare,3,35.75,21,2,32.0,78.0,0,2025-09-12
ACC-2187,2024-03-20,Starter,Manufacturing,3,39.23,31,4,27.0,28.0,0,2025-03-25
ACC-2188,2023-07-08,Starter,Finance,1,11.43,26,1,23.0,18.0,0,2025-05-20
ACC-2189,2023-08-19,Scale,Finance,47,1003.82,35,1,23.0,-3.0,0,2026-02-11
ACC-2190,2023-06-06,Growth,Finance,9,184.55,28,3,15.0,65.0,0,2026-02-23
ACC-2191,2024-04-10,Scale,Finance,38,889.66,42,2,22.0,-11.0,0,2025-07-04
ACC-2192,2023-01-13,Scale,Education,40,812.92,20,4,22.0,37.0,1,2025-09-21
ACC-2193,2023-01-05,Growth,Public sector,15,315.47,35,2,17.0,15.0,0,2025-07-21
ACC-2194,2022-04-11,Starter,Finance,4,40.06,30,2,25.0,4.0,0,2025-06-12
ACC-2195,2024-10-01,Starter,Public sector,3,35.88,38,1,24.0,12.0,0,2025-01-05
ACC-2196,2024-12-17,Scale,Manufacturing,40,890.56,15,4,6.0,-1.0,1,2025-09-09
ACC-2197,2021-12-23,Starter,Retail,2,28.59,27,4,13.0,9.0,1,2026-05-02
ACC-2198,2021-01-10,Growth,Public sector,12,211.37,38,2,19.0,85.0,0,2025-09-23
ACC-2199,2022-05-10,Growth,Retail,14,236.65,42,2,18.0,31.0,0,2025-01-31
ACC-2200,2021-02-03,Starter,Manufacturing,2,26.4,4,7,25.0,30.0,0,2025-05-11
ACC-2201,2022-03-08,Starter,Healthcare,2,24.92,24,2,26.0,41.0,0,2026-04-26
ACC-2202,2023-11-10,Enterprise,Healthcare,181,6133.28,24,7,14.0,50.0,0,2025-12-02
ACC-2203,2023-02-27,Enterprise,Retail,176,4478.39,29,4,30.0,-10.0,0,2025-08-15
ACC-2204,2021-01-11,Growth,Healthcare,10,201.41,46,2,21.0,48.0,1,2025-03-13
ACC-2205,2023-10-14,Growth,Healthcare,13,196.35,30,4,18.0,23.0,0,2025-03-19
ACC-2206,2022-09-03,Starter,Healthcare,3,34.18,35,1,27.0,66.0,0,2025-07-30
ACC-2207,2024-01-29,Growth,Retail,8,169.01,41,3,11.0,34.0,0,2025-03-20
ACC-2208,2024-05-16,Starter,Retail,1,11.02,45,0,13.0,13.0,0,2025-02-27
ACC-2209,2023-06-13,Starter,Public sector,4,48.47,25,4,34.0,52.0,0,2025-09-19
ACC-2210,2024-11-29,Starter,Retail,4,51.19,21,1,30.0,28.0,0,2025-02-26
ACC-2211,2021-03-26,Growth,Retail,14,221.8,14,4,12.0,53.0,1,2025-02-11
ACC-2212,2024-12-26,Scale,Retail,41,926.32,6,6,7.0,32.0,1,2025-06-03
ACC-2213,2023-09-29,Starter,Public sector,1,11.27,2,9,9.0,35.0,0,2025-02-19
ACC-2214,2022-01-21,Enterprise,Healthcare,176,6272.62,16,4,17.0,-12.0,0,2025-10-13
ACC-2215,2024-10-25,Scale,Healthcare,47,874.11,37,3,13.0,33.0,0,2026-05-06
ACC-2216,2021-05-24,Starter,Retail,1,12.55,37,2,20.0,27.0,1,2026-04-12
ACC-2217,2023-02-02,Starter,Education,3,39.85,26,7,13.0,24.0,0,2025-03-04
ACC-2218,2023-10-03,Starter,Education,2,20.73,35,3,20.0,-14.0,1,2025-03-29
ACC-2219,2024-05-27,Starter,Public sector,2,27.27,25,3,11.0,1.0,0,2025-03-12
ACC-2220,2024-08-15,Growth,Finance,8,116.87,36,2,25.0,49.0,0,2025-11-09
ACC-2221,2021-10-08,Starter,Finance,5,48.38,36,0,33.0,59.0,0,2025-07-26
ACC-2222,2023-03-10,Starter,Public sector,1,11.98,18,4,29.0,38.0,1,2025-11-17
ACC-2223,2021-12-15,Scale,Education,45,892.02,46,2,15.0,24.0,0,2025-01-24
ACC-2224,2023-08-24,Scale,Retail,51,1197.12,25,3,14.0,16.0,1,2025-09-06
ACC-2225,2022-02-09,Starter,Retail,4,56.28,18,5,17.0,26.0,1,2025-08-16
ACC-2226,2023-12-07,Enterprise,Finance,195,6138.19,32,1,30.0,27.0,0,2025-06-15
ACC-2227,2023-01-02,Starter,Manufacturing,2,23.34,46,2,27.0,32.0,0,2025-09-08
ACC-2228,2021-08-14,Starter,Education,4,39.66,1,6,12.0,8.0,0,2025-12-16
ACC-2229,2021-01-26,Growth,Education,12,173.74,9,4,14.0,1.0,0,2025-07-08
ACC-2230,2023-07-04,Starter,Retail,1,13.28,4,4,19.0,7.0,1,2025-10-13
ACC-2231,2023-08-02,Growth,Public sector,17,354.01,37,1,18.0,25.0,0,2026-01-02
ACC-2232,2023-02-18,Starter,Manufacturing,2,22.03,4,5,19.0,76.0,1,2026-01-17
ACC-2233,2023-01-04,Starter,Finance,3,32.66,15,7,9.0,39.0,1,2025-12-29
ACC-2234,2023-02-09,Starter,Retail,1,14.82,18,2,18.0,33.0,0,2025-03-01
ACC-2235,2021-08-10,Growth,Public sector,10,183.46,31,3,27.0,37.0,0,2026-04-03
ACC-2236,2024-04-02,Starter,Education,1,12.35,44,2,15.0,-7.0,1,2025-01-16
ACC-2237,2023-11-17,Starter,Healthcare,1,12.25,35,6,7.0,73.0,1,2026-04-18
ACC-2238,2021-11-12,Starter,Manufacturing,3,37.06,1,5,25.0,43.0,0,2025-11-20
ACC-2239,2023-10-22,Growth,Retail,17,286.29,41,1,23.0,74.0,0,2025-07-23
ACC-2240,2021-08-02,Starter,Healthcare,6,84.9,2,6,17.0,23.0,0,2026-02-19
ACC-2241,2021-01-24,Growth,Education,11,208.47,7,3,11.0,-5.0,0,2025-07-20
ACC-2242,2022-03-03,Growth,Education,10,188.78,31,5,18.0,2.0,0,2026-04-27
ACC-2243,2022-10-20,Starter,Retail,1,8.97,27,1,16.0,66.0,0,2025-06-06
ACC-2244,2024-07-01,Scale,Finance,43,924.27,13,5,23.0,37.0,0,2025-12-16
ACC-2245,2022-05-31,Growth,Healthcare,14,307.22,17,2,8.0,73.0,0,2026-03-11
ACC-2246,2022-06-28,Enterprise,Healthcare,177,6134.57,14,7,10.0,55.0,1,2025-05-09
ACC-2247,2022-01-07,Scale,Public sector,54,1114.26,19,6,32.0,-29.0,1,2025-01-22
ACC-2248,2022-09-30,Starter,Public sector,2,23.35,24,2,28.0,67.0,0,2026-03-17
ACC-2249,2024-09-28,Scale,Public sector,39,823.18,26,2,19.0,31.0,0,2025-06-01
ACC-2250,2024-05-03,Growth,Manufacturing,11,193.03,47,0,18.0,13.0,0,2025-12-29
ACC-2251,2021-02-27,Growth,Education,14,248.52,34,0,35.0,25.0,0,2025-06-06
ACC-2252,2022-12-02,Starter,Retail,4,39.4,21,1,14.0,-19.0,0,2025-11-15
ACC-2253,2023-10-24,Starter,Manufacturing,4,51.79,5,4,23.0,33.0,0,2025-01-04
ACC-2254,2023-06-12,Starter,Public sector,3,41.48,15,4,19.0,15.0,0,2026-04-26
ACC-2255,2023-08-21,Starter,Public sector,4,59.22,3,4,15.0,40.0,1,2025-02-17
ACC-2256,2021-09-22,Scale,Education,33,819.44,30,4,17.0,46.0,0,2025-06-08
ACC-2257,2021-07-30,Starter,Healthcare,3,37.36,45,0,27.0,38.0,0,2026-01-08
ACC-2258,2023-08-12,Growth,Healthcare,12,250.2,47,2,21.0,39.0,0,2025-10-21
ACC-2259,2024-02-03,Scale,Finance,48,1281.46,47,0,24.0,42.0,0,2025-02-04
ACC-2260,2023-11-15,Growth,Retail,7,123.51,36,2,17.0,30.0,0,2026-04-16
ACC-2261,2023-03-14,Growth,Retail,20,361.51,41,0,22.0,51.0,0,2025-09-21
ACC-2262,2024-09-25,Growth,Healthcare,9,114.57,42,0,30.0,40.0,0,2026-03-13
ACC-2263,2023-10-02,Growth,Public sector,5,91.94,14,8,14.0,13.0,0,2025-08-10
ACC-2264,2022-12-26,Scale,Retail,48,1116.94,9,5,0.0,23.0,1,2025-01-15
ACC-2265,2022-10-22,Starter,Retail,3,35.02,47,2,26.0,61.0,0,2025-09-05
ACC-2266,2024-08-03,Growth,Retail,11,201.32,17,3,15.0,-3.0,0,2025-12-19
ACC-2267,2024-03-03,Starter,Retail,5,60.01,22,3,16.0,64.0,0,2026-04-19
ACC-2268,2022-06-18,Growth,Healthcare,13,180.67,13,4,23.0,64.0,0,2025-07-22
ACC-2269,2022-10-30,Growth,Public sector,12,192.37,40,4,16.0,31.0,0,2026-01-10
ACC-2270,2021-11-04,Starter,Finance,3,35.07,17,3,22.0,32.0,1,2025-12-02
ACC-2271,2023-07-29,Starter,Manufacturing,5,54.06,18,2,29.0,37.0,0,2025-08-10
ACC-2272,2022-01-16,Scale,Retail,36,792.05,28,1,32.0,14.0,0,2025-06-09
ACC-2273,2023-10-24,Starter,Manufacturing,1,11.28,5,3,19.0,1.0,0,2025-02-12
ACC-2274,2021-04-21,Starter,Healthcare,3,36.58,47,0,21.0,49.0,0,2026-04-08
ACC-2275,2024-12-25,Growth,Manufacturing,12,203.92,38,1,25.0,20.0,0,2025-07-11
ACC-2276,2023-06-24,Starter,Education,3,32.64,24,3,25.0,17.0,0,2025-08-24
ACC-2277,2023-01-29,Scale,Education,39,987.93,38,2,12.0,26.0,1,2026-01-31
ACC-2278,2023-05-14,Scale,Manufacturing,39,902.15,21,6,23.0,14.0,1,2026-04-28
ACC-2279,2021-07-26,Growth,Retail,17,284.51,7,4,24.0,17.0,0,2025-07-04
ACC-2280,2021-06-28,Scale,Manufacturing,48,1072.92,14,4,13.0,33.0,1,2025-12-19
ACC-2281,2022-03-02,Enterprise,Retail,180,4917.5,4,8,0.0,27.0,1,2025-06-26
ACC-2282,2021-03-08,Growth,Public sector,13,242.73,14,2,26.0,31.0,0,2025-09-22
ACC-2283,2024-10-10,Starter,Public sector,2,22.99,42,2,23.0,49.0,0,2026-03-28
ACC-2284,2021-09-02,Starter,Public sector,1,10.46,47,2,25.0,22.0,0,2026-05-10
ACC-2285,2022-03-23,Starter,Healthcare,3,36.01,23,5,27.0,29.0,1,2025-01-15
ACC-2286,2023-05-05,Growth,Manufacturing,8,150.87,7,7,4.0,34.0,0,2026-05-14
ACC-2287,2023-10-26,Starter,Healthcare,5,43.23,11,3,13.0,35.0,0,2025-05-28
ACC-2288,2024-03-07,Starter,Education,1,12.16,14,1,15.0,18.0,0,2026-04-02
ACC-2289,2023-02-10,Starter,Education,4,42.94,47,3,24.0,-12.0,0,2025-05-31
ACC-2290,2024-12-30,Starter,Manufacturing,2,27.42,42,3,13.0,21.0,1,2025-09-07
ACC-2291,2023-03-27,Growth,Retail,13,271.85,8,6,22.0,-11.0,0,2025-08-10
ACC-2292,2021-09-16,Starter,Education,2,23.72,14,5,13.0,43.0,0,2025-10-08
ACC-2293,2024-03-03,Growth,Healthcare,13,242.95,22,2,14.0,45.0,0,2026-03-23
ACC-2294,2022-02-02,Growth,Finance,12,243.74,36,1,21.0,34.0,0,2025-09-13
ACC-2295,2025-01-25,Scale,Manufacturing,48,1433.48,46,0,25.0,37.0,0,2026-03-09
ACC-2296,2025-01-17,Starter,Public sector,3,40.93,40,3,22.0,-27.0,0,2025-09-04
ACC-2297,2022-03-06,Growth,Healthcare,19,341.72,41,2,29.0,5.0,0,2025-10-15
ACC-2298,2022-08-29,Starter,Healthcare,3,32.01,30,2,22.0,43.0,0,2025-04-18
ACC-2299,2025-02-06,Growth,Public sector,10,189.73,19,2,26.0,61.0,0,2025-03-03
ACC-2300,2022-09-24,Scale,Healthcare,41,1105.13,38,2,16.0,26.0,0,2025-08-21
ACC-2301,2022-11-13,Growth,Manufacturing,16,286.98,4,4,8.0,0.0,0,2025-10-05
ACC-2302,2021-04-20,Scale,Public sector,43,1023.19,35,4,20.0,66.0,0,2025-07-29
ACC-2303,2021-05-15,Starter,Finance,4,55.63,37,1,10.0,21.0,1,2026-04-26
ACC-2304,2021-03-22,Scale,Public sector,50,1214.52,40,1,23.0,30.0,0,2025-07-23
ACC-2305,2023-12-27,Growth,Retail,10,186.86,22,6,11.0,55.0,0,2025-02-08
ACC-2306,2022-10-22,Scale,Finance,51,1282.74,38,1,27.0,20.0,0,2025-02-15
ACC-2307,2022-11-09,Growth,Public sector,8,159.78,44,2,19.0,42.0,0,2025-04-27
ACC-2308,2022-07-29,Starter,Manufacturing,2,22.27,15,7,4.0,7.0,0,2025-01-14
ACC-2309,2021-12-07,Growth,Manufacturing,16,256.86,31,3,13.0,43.0,1,2025-12-29
ACC-2310,2022-11-02,Starter,Education,5,51.76,17,5,23.0,2.0,1,2025-06-28
ACC-2311,2023-01-06,Starter,Public sector,6,61.58,15,7,17.0,53.0,0,2025-04-01
ACC-2312,2022-02-03,Starter,Finance,3,42.85,17,4,12.0,74.0,0,2025-09-23
ACC-2313,2023-06-22,Scale,Manufacturing,49,1246.69,41,1,29.0,35.0,0,2025-03-16
ACC-2314,2023-02-19,Starter,Healthcare,5,57.26,45,0,13.0,25.0,0,2025-04-28
ACC-2315,2021-09-04,Starter,Manufacturing,6,84.45,37,3,29.0,31.0,0,2026-01-17
ACC-2316,2023-12-15,Scale,Retail,50,1005.82,25,2,22.0,30.0,0,2026-03-25
ACC-2317,2021-09-15,Scale,Public sector,45,1318.38,4,5,13.0,1.0,1,2026-01-22
ACC-2318,2022-08-09,Growth,Manufacturing,11,225.05,47,5,18.0,2.0,0,2025-04-24
ACC-2319,2022-12-21,Starter,Manufacturing,1,12.21,35,5,34.0,34.0,0,2025-03-10
ACC-2320,2021-09-22,Starter,Healthcare,3,27.88,15,9,11.0,40.0,0,2025-12-26
ACC-2321,2023-08-02,Growth,Finance,5,88.62,11,3,24.0,-32.0,0,2025-06-04
ACC-2322,2021-11-15,Enterprise,Education,186,4659.91,32,2,31.0,35.0,0,2025-03-27
ACC-2323,2021-07-19,Growth,Retail,14,214.67,3,9,14.0,29.0,0,2026-05-08
ACC-2324,2021-06-17,Scale,Healthcare,42,1072.95,14,4,14.0,23.0,0,2026-03-01
ACC-2325,2024-07-10,Growth,Public sector,10,156.33,17,4,11.0,72.0,0,2025-10-09
ACC-2326,2021-03-06,Enterprise,Retail,188,4856.26,19,2,35.0,29.0,0,2025-07-22
ACC-2327,2021-06-20,Growth,Retail,11,189.24,32,2,21.0,35.0,0,2025-12-02
ACC-2328,2025-01-07,Scale,Healthcare,52,1058.06,27,3,6.0,37.0,0,2025-08-25
ACC-2329,2022-08-16,Enterprise,Healthcare,157,4764.59,3,5,14.0,43.0,0,2025-11-25
ACC-2330,2022-03-17,Growth,Manufacturing,11,179.17,5,7,9.0,38.0,1,2025-04-18
ACC-2331,2023-04-06,Starter,Public sector,1,13.13,35,4,12.0,-31.0,0,2025-05-25
ACC-2332,2021-12-02,Growth,Manufacturing,17,308.21,36,6,5.0,56.0,0,2026-02-03
ACC-2333,2022-07-12,Growth,Healthcare,11,242.59,17,5,18.0,31.0,0,2025-05-04
ACC-2334,2024-12-13,Scale,Retail,60,1355.18,10,7,23.0,39.0,0,2025-10-04
ACC-2335,2024-06-02,Growth,Public sector,17,293.04,38,3,12.0,2.0,0,2025-04-24
ACC-2336,2023-06-11,Starter,Finance,5,65.32,27,8,15.0,17.0,1,2025-12-30
ACC-2337,2023-12-11,Growth,Finance,11,180.72,25,3,13.0,-1.0,1,2025-05-17
ACC-2338,2021-01-28,Growth,Public sector,16,272.39,8,2,14.0,20.0,1,2025-11-09
ACC-2339,2022-03-29,Growth,Public sector,16,299.94,5,7,11.0,-14.0,0,2026-04-03
ACC-2340,2021-07-05,Starter,Manufacturing,1,13.65,23,1,32.0,28.0,0,2025-06-12
ACC-2341,2022-06-16,Starter,Retail,4,51.87,33,2,18.0,16.0,0,2025-12-13
ACC-2342,2022-12-13,Starter,Finance,1,12.17,36,4,20.0,7.0,1,2026-03-31
ACC-2343,2021-11-18,Starter,Retail,4,48.85,16,3,18.0,47.0,0,2025-02-25
ACC-2344,2024-04-05,Scale,Retail,47,1144.05,9,9,11.0,16.0,0,2025-12-11
ACC-2345,2023-07-27,Growth,Public sector,10,137.41,27,1,18.0,40.0,0,2025-05-28
ACC-2346,2023-05-11,Starter,Public sector,1,13.22,9,2,13.0,38.0,0,2025-11-27
ACC-2347,2021-09-20,Enterprise,Retail,194,7443.24,7,8,1.0,49.0,1,2025-09-19
ACC-2348,2021-03-15,Scale,Education,42,927.0,10,5,12.0,8.0,1,2025-11-18
ACC-2349,2024-11-02,Growth,Retail,13,211.97,27,2,20.0,-14.0,0,2025-12-23
ACC-2350,2025-01-09,Starter,Finance,3,31.29,19,6,20.0,8.0,0,2025-09-18
ACC-2351,2024-02-03,Starter,Finance,2,20.86,21,6,10.0,20.0,1,2025-03-16
ACC-2352,2024-08-05,Enterprise,Public sector,173,5644.21,24,6,11.0,77.0,0,2025-10-12
ACC-2353,2022-01-11,Scale,Manufacturing,44,1043.04,24,4,13.0,60.0,0,2025-08-12
ACC-2354,2023-05-19,Growth,Public sector,9,168.33,21,4,7.0,30.0,0,2025-05-25
ACC-2355,2024-02-01,Starter,Finance,2,25.11,16,12,7.0,40.0,1,2026-03-03
ACC-2356,2022-09-08,Starter,Healthcare,2,23.99,38,3,21.0,29.0,0,2025-03-14
ACC-2357,2024-06-02,Starter,Public sector,1,15.31,40,1,18.0,-8.0,0,2025-04-06
ACC-2358,2021-05-19,Enterprise,Public sector,180,5039.2,35,3,12.0,-9.0,0,2025-11-20
ACC-2359,2023-02-22,Starter,Public sector,1,10.08,17,2,15.0,37.0,0,2026-04-05
ACC-2360,2022-02-04,Growth,Healthcare,13,220.22,4,3,12.0,17.0,1,2025-12-07
ACC-2361,2021-07-21,Enterprise,Manufacturing,176,6018.91,8,4,12.0,40.0,1,2025-11-01
ACC-2362,2021-03-19,Starter,Retail,3,28.72,18,1,28.0,-12.0,0,2025-08-10
ACC-2363,2024-04-09,Starter,Retail,5,53.23,28,3,12.0,40.0,0,2025-01-18
ACC-2364,2021-04-16,Scale,Finance,62,1518.28,36,5,8.0,36.0,0,2026-03-21
ACC-2365,2022-05-11,Scale,Finance,40,1051.66,34,6,16.0,21.0,1,2026-01-30
ACC-2366,2024-08-09,Starter,Education,4,53.69,41,1,27.0,47.0,0,2025-07-30
ACC-2367,2022-02-04,Growth,Manufacturing,14,263.58,37,4,18.0,20.0,1,2025-11-07
ACC-2368,2021-01-10,Growth,Manufacturing,9,129.32,9,7,7.0,33.0,0,2025-04-02
ACC-2369,2021-03-01,Starter,Manufacturing,4,54.27,47,2,25.0,16.0,0,2026-03-14
ACC-2370,2021-01-14,Starter,Healthcare,1,9.63,31,1,13.0,53.0,0,2025-09-04
ACC-2371,2022-04-07,Starter,Education,4,54.95,37,4,18.0,23.0,1,2025-11-06
ACC-2372,2022-09-04,Growth,Finance,13,272.48,44,2,15.0,-8.0,0,2025-04-10
ACC-2373,2023-08-19,Growth,Education,14,317.8,4,5,0.0,3.0,1,2025-01-12
ACC-2374,2024-10-16,Growth,Finance,8,179.53,10,6,19.0,27.0,0,2025-06-12
ACC-2375,2024-07-27,Starter,Public sector,4,47.73,6,6,17.0,43.0,1,2025-04-12
ACC-2376,2024-07-25,Scale,Healthcare,37,730.14,38,3,10.0,69.0,0,2025-07-28
ACC-2377,2024-04-21,Starter,Public sector,3,26.25,43,2,13.0,35.0,0,2026-05-11
ACC-2378,2024-01-21,Starter,Manufacturing,2,25.03,18,3,32.0,32.0,0,2025-05-22
ACC-2379,2021-07-13,Growth,Finance,21,371.02,11,3,15.0,43.0,0,2026-03-02
ACC-2380,2021-05-19,Growth,Manufacturing,9,181.37,6,7,30.0,61.0,0,2026-02-24
ACC-2381,2022-06-07,Scale,Manufacturing,45,855.75,24,7,11.0,32.0,0,2025-11-09
ACC-2382,2023-10-06,Growth,Finance,8,148.32,13,1,16.0,-10.0,1,2025-05-28
ACC-2383,2021-01-17,Growth,Retail,11,228.83,5,2,17.0,21.0,0,2025-05-20
ACC-2384,2024-02-08,Starter,Retail,3,37.21,6,5,13.0,8.0,1,2025-05-05
ACC-2385,2022-12-22,Scale,Public sector,50,1170.53,25,3,23.0,52.0,0,2026-04-27
ACC-2386,2023-03-31,Scale,Education,39,820.59,35,1,22.0,31.0,0,2025-03-11
ACC-2387,2022-08-25,Growth,Retail,13,237.27,36,0,21.0,65.0,0,2026-03-12
ACC-2388,2023-05-22,Scale,Education,42,895.29,45,1,25.0,19.0,0,2025-07-20
ACC-2389,2022-08-11,Growth,Manufacturing,10,164.05,40,3,23.0,16.0,1,2026-01-28
ACC-2390,2023-08-15,Starter,Public sector,3,28.23,43,4,10.0,35.0,0,2025-01-31
ACC-2391,2022-03-31,Scale,Finance,45,1055.22,47,1,30.0,21.0,0,2025-08-08
ACC-2392,2021-02-27,Starter,Retail,6,74.74,2,9,18.0,11.0,0,2026-02-13
ACC-2393,2023-11-17,Growth,Retail,7,114.46,32,1,16.0,21.0,0,2026-03-28
ACC-2394,2024-08-01,Scale,Public sector,49,1071.94,40,2,23.0,45.0,1,2025-03-27
ACC-2395,2024-09-01,Scale,Manufacturing,59,1352.22,2,5,19.0,28.0,0,2025-03-02
ACC-2396,2021-05-15,Scale,Healthcare,42,1110.6,1,9,3.0,44.0,1,2025-07-12
ACC-2397,2023-06-03,Starter,Healthcare,4,35.29,25,4,8.0,14.0,0,2025-11-17
ACC-2398,2021-07-15,Starter,Finance,5,62.08,45,2,17.0,28.0,0,2026-01-12
ACC-2399,2021-02-03,Starter,Finance,1,10.55,39,1,22.0,26.0,0,2025-07-22
ACC-2400,2025-01-18,Starter,Education,3,39.92,47,2,15.0,32.0,0,2025-02-07
ACC-2401,2021-07-21,Enterprise,Healthcare,198,6556.79,38,2,21.0,14.0,0,2026-03-17
ACC-2402,2024-05-25,Growth,Finance,11,226.4,40,3,20.0,47.0,0,2025-01-28
ACC-2403,2023-07-13,Starter,Public sector,2,22.65,37,6,4.0,25.0,0,2025-07-31
ACC-2404,2021-10-19,Starter,Finance,3,38.14,36,1,22.0,31.0,1,2025-12-25
ACC-2405,2021-07-07,Growth,Retail,14,253.46,10,5,9.0,94.0,1,2025-08-04
ACC-2406,2022-03-05,Scale,Public sector,35,870.41,38,1,8.0,42.0,1,2025-02-09
ACC-2407,2021-02-09,Starter,Education,2,19.71,23,3,24.0,4.0,0,2026-04-20
ACC-2408,2022-11-30,Starter,Public sector,3,41.1,7,6,6.0,-0.0,0,2025-06-20
ACC-2409,2024-02-29,Scale,Retail,38,929.48,7,6,10.0,58.0,0,2025-08-23
ACC-2410,2021-07-18,Growth,Retail,16,327.68,9,7,10.0,45.0,0,2026-02-14
ACC-2411,2021-01-24,Starter,Retail,4,40.39,14,3,21.0,5.0,1,2025-07-17
ACC-2412,2021-05-22,Starter,Manufacturing,4,46.69,16,9,7.0,26.0,0,2025-08-25
ACC-2413,2022-03-09,Scale,Education,36,911.48,35,1,22.0,18.0,0,2026-05-04
ACC-2414,2021-09-08,Starter,Manufacturing,4,31.0,18,3,21.0,30.0,0,2026-04-07
ACC-2415,2024-12-02,Growth,Healthcare,12,276.78,37,1,20.0,36.0,0,2025-01-30
ACC-2416,2022-10-12,Scale,Education,51,1251.71,44,1,17.0,11.0,0,2026-01-05
ACC-2417,2023-02-26,Growth,Retail,20,345.23,9,7,25.0,28.0,0,2026-02-18
ACC-2418,2024-12-09,Enterprise,Healthcare,182,4883.89,14,6,14.0,37.0,1,2026-04-01
ACC-2419,2021-03-18,Scale,Public sector,33,605.39,17,4,25.0,30.0,0,2025-02-03
ACC-2420,2024-05-17,Starter,Education,5,67.4,45,1,19.0,33.0,0,2026-04-02
ACC-2421,2023-07-06,Starter,Retail,6,76.97,14,1,24.0,58.0,0,2026-03-29
ACC-2422,2022-04-22,Scale,Manufacturing,49,1009.96,9,3,15.0,24.0,0,2025-11-10
ACC-2423,2022-10-20,Growth,Manufacturing,20,390.28,27,5,9.0,12.0,0,2025-12-24
ACC-2424,2021-03-08,Starter,Education,1,11.84,30,0,22.0,-2.0,0,2026-04-22
ACC-2425,2022-06-15,Scale,Public sector,53,1125.75,41,1,21.0,43.0,0,2025-09-15
ACC-2426,2022-12-15,Growth,Healthcare,12,244.65,22,2,12.0,37.0,0,2025-10-01
ACC-2427,2023-11-27,Starter,Public sector,6,70.49,36,3,24.0,38.0,0,2026-04-21
ACC-2428,2021-09-20,Enterprise,Finance,191,6573.25,22,3,26.0,50.0,0,2025-11-02
ACC-2429,2021-08-29,Enterprise,Finance,165,4316.67,16,4,10.0,21.0,0,2025-05-26
ACC-2430,2022-10-23,Enterprise,Healthcare,191,5569.4,21,4,32.0,14.0,0,2025-05-14
ACC-2431,2021-02-19,Scale,Manufacturing,45,1046.77,18,4,20.0,36.0,0,2025-08-20
ACC-2432,2023-07-26,Growth,Healthcare,13,227.34,6,4,12.0,37.0,1,2026-03-13
ACC-2433,2022-07-20,Starter,Retail,4,35.75,39,2,23.0,31.0,0,2025-07-22
ACC-2434,2022-07-15,Growth,Healthcare,19,402.78,17,5,12.0,18.0,0,2025-05-16
ACC-2435,2022-08-21,Enterprise,Finance,177,5711.31,24,4,13.0,-23.0,0,2025-02-13
ACC-2436,2021-03-01,Starter,Healthcare,5,55.74,25,4,17.0,65.0,0,2025-11-30
ACC-2437,2024-04-11,Scale,Manufacturing,48,1040.67,20,2,25.0,31.0,0,2025-03-23
ACC-2438,2022-06-07,Starter,Finance,3,40.53,12,2,20.0,41.0,0,2025-02-08
ACC-2439,2023-04-17,Starter,Finance,1,10.06,7,8,13.0,41.0,0,2026-04-23
ACC-2440,2021-11-14,Starter,Retail,1,13.5,29,6,23.0,10.0,0,2025-04-07
ACC-2441,2021-07-16,Enterprise,Public sector,201,7145.92,32,2,20.0,69.0,0,2025-09-27
ACC-2442,2021-07-01,Scale,Retail,33,792.35,43,1,25.0,79.0,1,2026-03-11
ACC-2443,2023-02-17,Starter,Healthcare,3,36.12,15,3,17.0,25.0,1,2025-11-11
ACC-2444,2022-01-02,Growth,Education,9,171.47,10,7,12.0,58.0,0,2026-01-20
ACC-2445,2023-02-16,Enterprise,Manufacturing,157,4984.81,29,4,16.0,47.0,1,2025-07-22
ACC-2446,2022-05-06,Starter,Healthcare,5,67.12,18,2,21.0,14.0,0,2026-01-28
ACC-2447,2024-03-06,Growth,Retail,13,215.67,23,2,32.0,14.0,1,2026-04-03
ACC-2448,2024-07-28,Scale,Healthcare,39,1042.63,18,1,21.0,-21.0,0,2025-05-12
ACC-2449,2025-01-15,Starter,Education,2,23.03,20,3,13.0,59.0,0,2025-02-11
ACC-2450,2021-09-23,Starter,Retail,3,32.44,8,6,9.0,48.0,1,2025-02-13
ACC-2451,2023-03-28,Growth,Manufacturing,9,131.91,35,2,22.0,39.0,0,2025-01-03
ACC-2452,2023-06-01,Growth,Retail,10,162.81,37,1,30.0,58.0,0,2025-12-18
ACC-2453,2023-04-29,Growth,Healthcare,7,124.94,1,8,18.0,-9.0,1,2026-01-16
ACC-2454,2024-08-06,Scale,Retail,51,1137.14,29,4,18.0,-3.0,0,2026-01-07
ACC-2455,2021-06-13,Starter,Public sector,1,12.53,44,2,8.0,57.0,0,2025-12-20
ACC-2456,2021-09-05,Starter,Public sector,3,41.02,9,9,1.0,3.0,0,2026-04-24
ACC-2457,2021-06-17,Scale,Manufacturing,48,1113.42,4,3,21.0,34.0,1,2025-10-06
ACC-2458,2024-12-31,Growth,Finance,10,182.21,3,4,10.0,35.0,1,2026-02-26
ACC-2459,2021-03-22,Starter,Retail,4,44.33,1,2,17.0,29.0,0,2026-03-26
ACC-2460,2022-03-17,Growth,Education,13,268.55,25,3,1.0,-12.0,0,2025-03-05
ACC-2461,2022-07-16,Starter,Education,1,11.84,11,4,21.0,8.0,0,2025-03-26
ACC-2462,2021-02-23,Growth,Finance,11,220.9,16,4,10.0,4.0,1,2026-02-06
ACC-2463,2024-11-29,Growth,Healthcare,12,233.36,44,1,28.0,29.0,0,2026-01-09
ACC-2464,2024-01-27,Starter,Finance,2,22.1,16,6,13.0,33.0,0,2026-03-10
ACC-2465,2022-09-17,Starter,Finance,1,12.55,23,5,9.0,14.0,0,2025-10-07
ACC-2466,2023-02-28,Growth,Healthcare,8,169.81,25,4,16.0,46.0,1,2025-03-26
ACC-2467,2023-08-15,Scale,Public sector,58,1452.25,30,5,12.0,-8.0,0,2026-03-27
ACC-2468,2022-01-16,Enterprise,Public sector,159,3723.57,3,3,26.0,28.0,0,2025-09-02
ACC-2469,2022-12-30,Scale,Healthcare,44,1266.52,12,1,31.0,34.0,1,2025-08-23
ACC-2470,2025-01-23,Growth,Retail,16,306.56,15,7,14.0,68.0,0,2025-12-31
ACC-2471,2024-08-30,Starter,Finance,4,60.92,29,1,28.0,31.0,0,2025-04-12
ACC-2472,2022-04-30,Starter,Retail,4,38.53,39,1,31.0,48.0,0,2026-02-23
ACC-2473,2023-08-06,Scale,Manufacturing,47,1216.15,46,3,22.0,33.0,0,2026-04-03
ACC-2474,2022-03-22,Starter,Manufacturing,3,39.89,32,0,13.0,23.0,0,2025-03-28
ACC-2475,2023-01-03,Starter,Healthcare,1,13.84,13,9,14.0,57.0,0,2026-05-10
ACC-2476,2021-11-26,Growth,Public sector,8,152.8,23,5,21.0,86.0,0,2026-04-02
ACC-2477,2023-03-21,Scale,Finance,48,1023.31,37,4,10.0,8.0,0,2025-09-07
ACC-2478,2023-08-02,Starter,Manufacturing,2,23.76,45,0,23.0,26.0,0,2025-03-15
ACC-2479,2021-06-21,Scale,Retail,40,875.61,23,4,18.0,14.0,0,2025-04-22
ACC-2480,2023-08-17,Growth,Manufacturing,11,213.42,24,3,19.0,69.0,0,2026-01-31
ACC-2481,2023-11-24,Starter,Public sector,2,22.63,13,6,11.0,80.0,0,2025-06-15
ACC-2482,2024-01-14,Starter,Public sector,2,21.73,8,8,15.0,15.0,1,2025-11-12
ACC-2483,2022-01-08,Scale,Public sector,50,1083.3,12,3,17.0,48.0,0,2025-05-14
ACC-2484,2021-12-20,Growth,Public sector,10,185.91,40,2,16.0,29.0,0,2025-07-14
ACC-2485,2022-06-20,Starter,Manufacturing,4,41.54,16,3,12.0,51.0,0,2025-08-27
ACC-2486,2022-08-13,Growth,Healthcare,11,212.14,24,5,18.0,59.0,0,2026-04-01
ACC-2487,2022-08-10,Growth,Retail,8,144.41,31,5,6.0,14.0,0,2025-01-09
ACC-2488,2021-12-07,Starter,Healthcare,3,38.28,15,11,3.0,17.0,0,2025-10-29
ACC-2489,2022-01-26,Growth,Manufacturing,9,159.42,17,4,12.0,16.0,1,2026-01-16
ACC-2490,2023-05-11,Starter,Retail,1,12.96,16,5,9.0,35.0,0,2025-03-07
ACC-2491,2022-02-04,Starter,Public sector,4,55.84,44,2,7.0,57.0,0,2025-05-20
ACC-2492,2024-03-28,Starter,Manufacturing,5,44.55,30,2,30.0,34.0,0,2026-04-13
ACC-2493,2022-02-19,Scale,Healthcare,44,1261.62,20,4,3.0,54.0,1,2025-10-05
ACC-2494,2021-08-22,Scale,Manufacturing,36,704.37,7,4,17.0,29.0,0,2025-05-17
ACC-2495,2024-03-12,Starter,Healthcare,4,45.27,38,2,23.0,17.0,0,2025-10-12
ACC-2496,2023-02-01,Starter,Healthcare,5,66.72,46,4,8.0,43.0,0,2025-03-12
ACC-2497,2022-12-19,Growth,Public sector,9,154.23,15,0,27.0,28.0,0,2026-03-21
ACC-2498,2023-01-14,Starter,Healthcare,1,13.65,14,3,28.0,20.0,0,2025-12-01
ACC-2499,2024-04-16,Starter,Finance,4,51.93,34,3,5.0,53.0,0,2025-11-18
ACC-2500,2022-04-02,Starter,Retail,2,22.9,30,3,20.0,-1.0,0,2025-03-15
ACC-2501,2024-12-29,Enterprise,Education,168,5439.56,22,4,7.0,42.0,0,2025-03-09
ACC-2502,2023-07-25,Starter,Education,3,31.61,22,2,21.0,64.0,0,2025-04-11
ACC-2503,2022-03-31,Scale,Public sector,50,988.81,40,2,22.0,28.0,0,2026-01-10
ACC-2504,2023-03-13,Growth,Education,9,154.8,45,1,22.0,6.0,0,2025-12-02
ACC-2505,2024-04-15,Scale,Public sector,50,1125.57,21,4,6.0,65.0,0,2025-03-03
ACC-2506,2023-12-24,Growth,Public sector,13,238.8,5,9,8.0,-25.0,0,2026-04-19
ACC-2507,2023-03-13,Starter,Finance,2,26.22,22,2,17.0,-8.0,0,2025-06-20
ACC-2508,2021-02-12,Growth,Finance,18,384.21,2,7,6.0,18.0,1,2025-04-11
ACC-2509,2022-08-12,Growth,Finance,18,338.49,19,6,5.0,49.0,0,2025-08-22
ACC-2510,2024-04-30,Growth,Education,16,251.18,17,5,20.0,43.0,0,2026-02-11
ACC-2511,2022-05-20,Starter,Public sector,3,27.8,44,2,26.0,42.0,0,2025-04-16
ACC-2512,2024-07-24,Enterprise,Retail,204,5159.45,31,4,23.0,74.0,0,2025-04-18
ACC-2513,2024-02-21,Starter,Education,2,23.95,20,2,34.0,14.0,0,2025-12-22
ACC-2514,2024-09-24,Growth,Retail,15,202.43,27,1,30.0,45.0,0,2025-07-24
ACC-2515,2021-04-07,Enterprise,Education,191,5025.82,10,7,6.0,-6.0,1,2025-09-24
ACC-2516,2024-07-27,Starter,Finance,4,48.77,8,7,8.0,38.0,0,2025-06-18
ACC-2517,2024-12-06,Scale,Manufacturing,64,1726.46,42,5,7.0,53.0,0,2025-10-31
ACC-2518,2023-11-21,Enterprise,Retail,170,5828.53,10,3,22.0,37.0,1,2025-05-29
ACC-2519,2023-07-17,Growth,Education,20,410.1,22,1,29.0,9.0,0,2025-02-07
ACC-2520,2022-11-04,Starter,Healthcare,6,75.18,38,2,12.0,-9.0,0,2026-03-31
ACC-2521,2021-08-26,Growth,Healthcare,9,141.93,27,4,8.0,63.0,0,2026-01-01
ACC-2522,2021-10-21,Starter,Public sector,3,29.41,9,4,1.0,17.0,1,2026-01-20
ACC-2523,2021-06-20,Starter,Public sector,1,11.22,37,2,16.0,42.0,0,2025-10-27
ACC-2524,2022-03-10,Starter,Finance,3,37.85,31,3,31.0,33.0,0,2025-10-11
ACC-2525,2023-03-28,Growth,Retail,14,268.39,39,3,24.0,18.0,0,2025-02-21
ACC-2526,2021-05-06,Starter,Education,1,12.1,36,2,17.0,35.0,0,2025-11-05
ACC-2527,2021-05-05,Growth,Retail,8,152.09,40,6,17.0,36.0,0,2025-04-27
ACC-2528,2022-01-31,Scale,Manufacturing,36,1113.54,37,1,17.0,77.0,0,2026-01-20
ACC-2529,2023-08-14,Starter,Healthcare,2,21.2,38,1,14.0,1.0,0,2026-03-16
ACC-2530,2022-04-27,Scale,Education,47,910.01,15,2,20.0,71.0,0,2025-01-07
ACC-2531,2022-02-23,Growth,Healthcare,3,49.6,3,3,25.0,48.0,0,2025-11-07
ACC-2532,2022-07-09,Growth,Finance,14,210.06,23,4,23.0,4.0,0,2026-04-07
ACC-2533,2023-12-30,Starter,Finance,9,99.0,11,2,21.0,17.0,0,2025-03-19
ACC-2534,2021-05-01,Enterprise,Retail,170,5054.62,17,4,16.0,10.0,0,2025-09-14
ACC-2535,2024-06-21,Starter,Manufacturing,5,57.91,1,7,26.0,54.0,0,2025-03-04
ACC-2536,2023-11-15,Starter,Finance,2,25.61,30,1,19.0,35.0,0,2025-02-21
ACC-2537,2022-11-21,Growth,Finance,10,143.3,27,1,24.0,57.0,0,2025-05-28
ACC-2538,2021-11-12,Starter,Healthcare,1,9.63,28,5,11.0,8.0,0,2025-10-05
ACC-2539,2021-05-06,Enterprise,Public sector,199,5492.6,16,7,0.0,55.0,1,2026-02-09
ACC-2540,2021-05-06,Scale,Finance,38,720.59,4,9,5.0,16.0,0,2025-11-05
ACC-2541,2021-07-21,Growth,Healthcare,8,150.0,22,4,18.0,21.0,0,2025-06-23
ACC-2542,2021-01-30,Growth,Retail,15,293.25,4,14,3.0,49.0,1,2025-10-22
ACC-2543,2021-08-05,Starter,Public sector,1,11.85,45,2,19.0,11.0,0,2025-07-29
ACC-2544,2021-10-03,Starter,Finance,3,36.58,4,6,19.0,15.0,0,2025-05-14
ACC-2545,2022-04-15,Growth,Retail,21,419.93,29,3,19.0,49.0,0,2026-04-16
ACC-2546,2021-05-26,Scale,Public sector,40,812.51,30,2,26.0,33.0,1,2026-02-17
ACC-2547,2024-06-27,Growth,Public sector,19,324.77,39,4,24.0,28.0,1,2025-01-31
ACC-2548,2024-10-04,Growth,Finance,14,283.81,39,2,15.0,32.0,0,2025-12-19
ACC-2549,2022-06-16,Starter,Public sector,4,40.28,4,7,23.0,52.0,1,2025-07-27
ACC-2550,2023-07-07,Starter,Finance,2,19.91,26,4,25.0,22.0,0,2025-04-17
ACC-2551,2021-10-11,Growth,Public sector,19,316.88,27,3,39.0,41.0,0,2025-10-27
ACC-2552,2024-10-03,Starter,Healthcare,3,40.82,33,2,17.0,-28.0,0,2025-11-25
ACC-2553,2023-01-25,Scale,Finance,34,997.28,4,10,15.0,63.0,0,2025-12-21
ACC-2554,2023-08-21,Growth,Manufacturing,19,341.77,20,4,14.0,23.0,0,2025-01-21
ACC-2555,2023-05-20,Growth,Public sector,11,216.96,9,5,13.0,51.0,1,2025-08-10
ACC-2556,2021-07-17,Growth,Manufacturing,12,231.6,22,6,15.0,52.0,0,2025-07-01
ACC-2557,2024-03-21,Growth,Education,9,154.85,24,2,12.0,27.0,0,2026-03-14
ACC-2558,2022-07-10,Scale,Healthcare,50,977.38,29,2,25.0,52.0,0,2026-02-28
ACC-2559,2023-07-16,Starter,Education,2,20.23,21,6,15.0,-11.0,0,2025-05-18
ACC-2560,2023-03-03,Enterprise,Finance,203,6415.35,1,6,19.0,11.0,1,2025-05-11
ACC-2561,2022-02-21,Starter,Retail,1,11.53,24,4,13.0,45.0,0,2025-01-28
ACC-2562,2024-01-09,Starter,Education,1,12.86,45,1,16.0,56.0,0,2026-03-10
ACC-2563,2022-03-18,Enterprise,Healthcare,192,6697.44,12,4,22.0,32.0,0,2025-01-03
ACC-2564,2024-10-25,Starter,Retail,1,11.98,47,1,21.0,29.0,0,2025-11-25
ACC-2565,2023-12-31,Starter,Retail,3,34.79,39,0,18.0,23.0,0,2025-06-24
ACC-2566,2023-11-04,Scale,Healthcare,50,1036.78,21,6,8.0,18.0,0,2026-02-23
ACC-2567,2023-05-12,Starter,Education,5,73.15,45,1,35.0,19.0,0,2025-07-25
ACC-2568,2024-12-29,Growth,Manufacturing,14,214.16,8,8,1.0,40.0,1,2026-03-08
ACC-2569,2024-09-22,Starter,Manufacturing,3,40.43,35,2,32.0,36.0,0,2025-08-01
ACC-2570,2024-01-19,Growth,Healthcare,16,206.11,47,3,22.0,49.0,0,2026-01-22
ACC-2571,2021-12-30,Scale,Education,43,923.97,13,2,19.0,34.0,0,2025-11-28
ACC-2572,2024-05-15,Starter,Healthcare,1,13.17,41,1,15.0,31.0,0,2025-10-05
ACC-2573,2024-06-28,Scale,Healthcare,34,757.07,37,3,20.0,44.0,0,2025-04-09
ACC-2574,2022-02-22,Starter,Finance,1,11.2,41,1,31.0,26.0,0,2025-04-06
ACC-2575,2023-11-25,Scale,Retail,44,1078.1,6,6,4.0,45.0,1,2026-04-18
ACC-2576,2023-12-10,Starter,Retail,3,36.32,17,5,19.0,25.0,1,2025-10-04
ACC-2577,2024-11-11,Growth,Retail,13,259.0,14,5,22.0,47.0,0,2026-05-01
ACC-2578,2024-08-25,Scale,Finance,30,916.29,3,9,5.0,53.0,0,2025-03-16
ACC-2579,2021-04-30,Scale,Public sector,51,1304.4,27,2,26.0,44.0,0,2025-03-01
ACC-2580,2023-03-29,Scale,Healthcare,39,1109.51,1,6,7.0,53.0,0,2025-01-02
ACC-2581,2022-03-04,Starter,Public sector,1,12.94,37,3,17.0,21.0,0,2026-04-13
ACC-2582,2023-04-04,Growth,Finance,21,409.71,28,7,20.0,6.0,0,2025-03-16
ACC-2583,2022-11-08,Scale,Finance,41,1108.3,28,2,15.0,54.0,0,2026-04-25
ACC-2584,2024-10-25,Growth,Manufacturing,11,188.08,3,8,10.0,32.0,1,2025-03-11
ACC-2585,2025-02-04,Growth,Manufacturing,13,233.04,3,6,21.0,44.0,0,2025-12-14
ACC-2586,2023-12-09,Enterprise,Finance,213,8040.27,5,5,19.0,8.0,0,2025-02-12
ACC-2587,2024-09-20,Starter,Retail,1,12.17,27,4,18.0,41.0,0,2026-01-15
ACC-2588,2024-02-24,Growth,Finance,11,222.82,41,2,21.0,36.0,0,2025-12-15
ACC-2589,2023-10-14,Growth,Manufacturing,9,162.43,16,3,24.0,43.0,1,2025-06-16
ACC-2590,2022-07-09,Scale,Manufacturing,62,1650.21,9,8,8.0,52.0,0,2025-06-20
ACC-2591,2022-09-25,Starter,Finance,4,52.53,23,7,7.0,47.0,0,2026-01-28
ACC-2592,2021-12-23,Starter,Manufacturing,3,41.47,44,1,12.0,92.0,0,2025-02-07
ACC-2593,2022-09-16,Scale,Public sector,48,1000.37,7,4,13.0,40.0,0,2025-09-21
ACC-2594,2021-03-14,Growth,Education,13,292.45,10,8,9.0,76.0,0,2025-02-14
ACC-2595,2022-05-18,Growth,Retail,10,168.23,44,3,30.0,33.0,0,2025-10-16
ACC-2596,2022-07-14,Scale,Healthcare,48,1097.26,41,1,20.0,2.0,0,2025-02-06
ACC-2597,2021-12-12,Starter,Manufacturing,3,34.88,47,3,18.0,16.0,0,2026-05-14
ACC-2598,2021-11-24,Starter,Public sector,2,23.4,16,3,22.0,1.0,0,2025-03-18
ACC-2599,2021-08-13,Starter,Education,3,38.03,33,2,1.0,30.0,0,2026-05-06
ACC-2600,2024-08-28,Starter,Retail,2,25.76,38,2,15.0,37.0,0,2025-11-21
ACC-2601,2022-05-09,Growth,Education,9,184.56,13,4,24.0,41.0,0,2026-03-05
ACC-2602,2021-12-22,Scale,Healthcare,57,1116.29,15,2,38.0,54.0,0,2025-10-17
ACC-2603,2021-05-24,Growth,Manufacturing,10,172.99,12,1,29.0,53.0,0,2026-01-14
ACC-2604,2023-09-13,Growth,Finance,12,260.69,25,6,24.0,1.0,0,2025-11-02
ACC-2605,2025-01-15,Growth,Manufacturing,15,290.57,11,1,29.0,43.0,0,2026-05-02
ACC-2606,2021-03-16,Growth,Education,8,173.17,20,5,11.0,39.0,0,2026-03-02
ACC-2607,2021-11-18,Growth,Finance,20,358.39,38,3,4.0,46.0,0,2025-08-03
ACC-2608,2021-12-20,Scale,Public sector,39,867.64,32,1,28.0,47.0,0,2025-12-01
ACC-2609,2024-02-02,Starter,Finance,7,76.98,36,6,17.0,41.0,0,2025-08-04
ACC-2610,2024-11-10,Starter,Healthcare,3,44.63,13,4,19.0,28.0,0,2026-04-29
ACC-2611,2024-07-01,Growth,Public sector,13,288.39,9,3,11.0,35.0,0,2025-10-02
ACC-2612,2022-09-15,Starter,Manufacturing,2,29.35,41,1,22.0,45.0,0,2025-02-21
ACC-2613,2023-01-23,Starter,Public sector,3,35.9,24,4,16.0,39.0,1,2026-04-14
ACC-2614,2023-09-16,Starter,Manufacturing,2,24.75,26,4,12.0,-2.0,0,2025-11-30
ACC-2615,2021-09-25,Growth,Education,12,204.37,29,4,9.0,11.0,1,2025-06-24
ACC-2616,2021-03-16,Starter,Education,3,38.52,16,2,23.0,34.0,0,2025-03-24
ACC-2617,2024-03-11,Starter,Education,7,82.4,32,2,25.0,13.0,1,2025-02-12
ACC-2618,2022-07-04,Growth,Manufacturing,11,209.26,11,7,20.0,34.0,1,2025-05-10
ACC-2619,2023-08-12,Starter,Retail,1,13.29,29,6,10.0,61.0,0,2025-04-20
ACC-2620,2022-05-15,Scale,Healthcare,51,1151.85,14,4,12.0,24.0,0,2026-03-24
ACC-2621,2022-05-19,Starter,Retail,5,66.66,25,7,12.0,5.0,0,2026-04-05
ACC-2622,2024-06-25,Growth,Healthcare,12,194.66,30,7,26.0,14.0,0,2025-04-29
ACC-2623,2022-01-05,Enterprise,Manufacturing,173,5866.82,27,3,19.0,44.0,0,2026-03-16
ACC-2624,2024-12-09,Starter,Public sector,1,11.34,40,3,26.0,-5.0,0,2025-10-30
ACC-2625,2024-05-24,Growth,Retail,12,231.82,3,4,11.0,22.0,0,2025-03-30
ACC-2626,2022-05-23,Growth,Retail,10,183.34,34,1,29.0,48.0,0,2026-03-29
ACC-2627,2021-11-10,Growth,Manufacturing,13,211.08,38,1,29.0,-4.0,0,2025-08-09
ACC-2628,2022-02-12,Scale,Education,56,1400.23,3,4,14.0,57.0,0,2025-08-11
ACC-2629,2022-06-07,Scale,Finance,39,991.45,45,1,23.0,3.0,0,2025-07-25
ACC-2630,2021-07-15,Starter,Retail,1,9.3,45,1,23.0,-4.0,0,2025-09-25
ACC-2631,2022-03-06,Growth,Education,18,313.73,36,3,29.0,44.0,0,2025-10-02
ACC-2632,2022-11-15,Growth,Healthcare,12,236.51,31,2,24.0,24.0,0,2026-03-19
ACC-2633,2022-02-10,Starter,Public sector,3,30.26,14,2,23.0,8.0,0,2025-07-24
ACC-2634,2021-04-22,Starter,Public sector,1,13.24,13,5,10.0,56.0,1,2025-01-04
ACC-2635,2024-08-20,Starter,Public sector,3,38.89,8,6,9.0,39.0,0,2025-07-28
ACC-2636,2022-11-03,Scale,Retail,62,1502.18,1,7,12.0,27.0,0,2025-04-10
ACC-2637,2023-05-13,Growth,Manufacturing,13,248.31,31,1,13.0,26.0,0,2025-04-15
ACC-2638,2022-11-13,Starter,Healthcare,4,45.99,22,7,14.0,54.0,0,2025-06-16
ACC-2639,2022-08-15,Growth,Healthcare,15,271.05,11,2,27.0,-22.0,1,2025-06-06
ACC-2640,2021-06-23,Growth,Manufacturing,8,158.23,47,2,30.0,20.0,0,2026-04-22
ACC-2641,2022-02-04,Starter,Finance,3,30.53,12,3,17.0,17.0,0,2026-03-29
ACC-2642,2024-03-08,Starter,Retail,2,23.99,27,1,36.0,57.0,0,2025-09-05
ACC-2643,2024-03-11,Growth,Healthcare,13,253.3,44,8,10.0,6.0,0,2025-07-12
ACC-2644,2023-02-04,Scale,Education,46,808.44,27,3,26.0,24.0,1,2025-07-12
ACC-2645,2025-02-06,Growth,Finance,20,302.71,18,4,2.0,-21.0,0,2025-07-03
ACC-2646,2024-08-02,Enterprise,Manufacturing,197,4675.33,11,4,27.0,-8.0,0,2025-03-22
ACC-2647,2024-05-03,Starter,Finance,3,42.26,5,6,15.0,26.0,1,2025-12-04
ACC-2648,2022-10-07,Starter,Finance,1,8.75,22,5,18.0,-1.0,0,2026-05-04
ACC-2649,2021-01-23,Growth,Finance,7,141.24,33,4,19.0,25.0,0,2025-05-22
ACC-2650,2021-12-02,Scale,Public sector,60,1466.61,23,7,23.0,15.0,0,2025-01-15
ACC-2651,2022-01-05,Starter,Finance,10,106.09,44,1,16.0,9.0,0,2025-01-29
ACC-2652,2022-07-20,Starter,Education,2,26.86,3,5,14.0,49.0,0,2025-07-21
ACC-2653,2023-03-28,Scale,Manufacturing,39,1061.59,28,4,20.0,20.0,0,2026-03-24
ACC-2654,2025-01-11,Growth,Finance,8,132.31,29,3,23.0,-2.0,0,2026-04-05
ACC-2655,2022-05-27,Growth,Education,11,189.18,19,4,13.0,30.0,1,2026-05-11
ACC-2656,2021-09-30,Growth,Education,17,358.01,17,3,20.0,66.0,0,2025-02-22
ACC-2657,2022-03-18,Growth,Finance,14,332.93,26,2,25.0,85.0,0,2025-06-09
ACC-2658,2022-06-17,Growth,Retail,6,121.21,20,4,26.0,1.0,0,2026-03-25
ACC-2659,2024-08-09,Growth,Public sector,10,169.93,25,3,20.0,27.0,0,2026-01-02
ACC-2660,2022-04-30,Starter,Manufacturing,2,25.78,29,5,7.0,22.0,1,2025-11-05
ACC-2661,2023-04-01,Starter,Healthcare,6,64.94,47,2,24.0,50.0,0,2026-04-21
ACC-2662,2021-09-20,Starter,Education,2,21.45,27,4,22.0,13.0,0,2026-01-23
ACC-2663,2022-10-20,Starter,Public sector,4,46.45,16,5,13.0,11.0,0,2025-07-02
ACC-2664,2021-07-18,Scale,Education,34,822.83,20,7,17.0,49.0,0,2025-12-02
ACC-2665,2023-01-01,Enterprise,Education,179,6484.81,45,2,20.0,26.0,0,2025-09-01
ACC-2666,2022-01-29,Starter,Retail,3,40.47,19,6,20.0,42.0,0,2025-08-20
ACC-2667,2021-02-27,Growth,Finance,12,179.6,16,5,8.0,35.0,1,2026-03-23
ACC-2668,2022-10-06,Growth,Retail,10,195.98,17,4,20.0,61.0,0,2025-02-20
ACC-2669,2023-01-24,Starter,Education,1,12.15,29,5,12.0,15.0,0,2026-03-28
ACC-2670,2024-10-05,Starter,Retail,4,51.23,36,1,20.0,16.0,0,2025-05-11
ACC-2671,2024-02-07,Scale,Public sector,40,922.71,26,6,17.0,42.0,1,2025-08-11
ACC-2672,2024-08-23,Enterprise,Retail,192,6701.96,31,2,17.0,42.0,0,2025-11-21
ACC-2673,2024-08-12,Enterprise,Public sector,194,6492.84,17,1,31.0,13.0,0,2026-03-16
ACC-2674,2022-04-02,Scale,Healthcare,48,1084.97,6,7,13.0,34.0,0,2025-08-03
ACC-2675,2021-01-13,Scale,Healthcare,41,1163.86,46,2,20.0,34.0,0,2025-10-23
ACC-2676,2022-12-24,Starter,Education,6,76.86,34,1,24.0,9.0,0,2025-01-03
ACC-2677,2023-10-24,Growth,Retail,16,312.05,33,3,18.0,-1.0,0,2025-04-28
ACC-2678,2022-09-26,Starter,Healthcare,1,14.36,44,3,28.0,3.0,0,2026-02-08
ACC-2679,2023-07-29,Starter,Finance,1,13.06,35,5,20.0,31.0,0,2025-11-14
ACC-2680,2023-07-04,Starter,Finance,3,37.54,23,4,18.0,5.0,0,2025-08-18
ACC-2681,2023-03-19,Scale,Healthcare,53,1236.55,7,6,16.0,66.0,0,2025-04-10
ACC-2682,2021-04-05,Starter,Public sector,2,26.85,44,0,27.0,16.0,0,2025-12-05
ACC-2683,2022-02-13,Starter,Healthcare,2,24.02,3,5,13.0,36.0,0,2026-02-26
ACC-2684,2021-11-17,Enterprise,Manufacturing,189,5956.71,36,2,8.0,36.0,0,2025-01-21
ACC-2685,2021-12-19,Starter,Finance,4,40.98,42,1,11.0,37.0,0,2025-05-17
ACC-2686,2023-01-22,Growth,Retail,12,204.69,29,3,20.0,7.0,0,2025-02-12
ACC-2687,2021-10-31,Growth,Public sector,15,306.39,39,0,34.0,17.0,0,2025-09-04
ACC-2688,2023-08-29,Starter,Public sector,5,70.51,46,3,12.0,54.0,0,2025-12-14
ACC-2689,2022-12-20,Starter,Public sector,3,37.71,22,6,21.0,56.0,1,2025-09-24
ACC-2690,2022-03-06,Growth,Retail,19,364.03,31,1,20.0,25.0,0,2026-03-08
ACC-2691,2021-06-19,Growth,Manufacturing,13,221.4,9,8,17.0,57.0,0,2025-07-07
ACC-2692,2024-03-24,Growth,Finance,10,148.34,42,0,20.0,24.0,0,2025-07-07
ACC-2693,2021-03-07,Growth,Healthcare,11,180.55,11,2,31.0,46.0,0,2025-09-19
ACC-2694,2024-11-21,Starter,Manufacturing,5,57.0,38,0,36.0,23.0,0,2025-08-20
ACC-2695,2021-11-19,Scale,Public sector,48,1205.19,4,6,7.0,7.0,1,2025-03-02
ACC-2696,2023-12-17,Starter,Healthcare,2,26.14,22,6,35.0,-18.0,0,2025-06-28
ACC-2697,2023-05-02,Enterprise,Retail,185,4999.23,29,3,16.0,42.0,1,2025-03-29
ACC-2698,2022-03-29,Starter,Education,1,7.74,3,6,31.0,39.0,0,2025-03-29
ACC-2699,2024-08-11,Starter,Education,5,54.15,9,6,27.0,30.0,1,2025-06-28
ACC-2700,2025-01-03,Growth,Healthcare,13,186.36,3,4,18.0,14.0,0,2025-05-22
ACC-2701,2023-03-16,Starter,Education,3,27.75,41,2,18.0,50.0,0,2025-06-18
ACC-2702,2022-02-18,Growth,Retail,11,236.22,35,6,26.0,52.0,1,2025-01-11
ACC-2703,2023-01-24,Scale,Finance,60,1194.25,14,3,26.0,54.0,0,2025-10-14
ACC-2704,2021-03-26,Scale,Finance,48,1253.14,41,1,19.0,70.0,1,2025-06-03
ACC-2705,2022-11-24,Starter,Education,2,27.11,12,3,29.0,48.0,0,2026-01-10
ACC-2706,2022-05-27,Growth,Finance,10,165.12,20,6,19.0,24.0,1,2026-02-19
ACC-2707,2024-05-10,Starter,Healthcare,2,20.93,46,4,19.0,64.0,0,2025-11-02
ACC-2708,2021-07-21,Starter,Healthcare,1,11.4,8,5,6.0,58.0,1,2025-11-09
ACC-2709,2021-02-27,Starter,Healthcare,6,77.76,45,1,19.0,23.0,0,2025-07-25
ACC-2710,2021-07-24,Starter,Retail,5,58.91,28,4,19.0,49.0,0,2026-02-20
ACC-2711,2024-08-21,Scale,Public sector,55,1001.49,37,2,18.0,-4.0,0,2026-01-31
ACC-2712,2023-01-08,Scale,Manufacturing,44,1040.63,19,5,7.0,4.0,0,2025-01-02
ACC-2713,2023-12-10,Starter,Healthcare,6,82.05,44,1,12.0,-0.0,0,2026-04-19
ACC-2714,2023-02-15,Starter,Education,4,57.64,13,8,14.0,26.0,1,2025-04-19
ACC-2715,2024-05-06,Starter,Public sector,2,21.04,22,3,16.0,52.0,0,2025-08-08
ACC-2716,2021-04-07,Starter,Manufacturing,6,70.18,23,5,18.0,-1.0,0,2025-02-27
ACC-2717,2021-03-20,Starter,Healthcare,1,10.66,20,3,10.0,9.0,0,2025-03-14
ACC-2718,2024-06-20,Starter,Education,2,26.87,1,7,12.0,9.0,0,2025-04-22
ACC-2719,2023-01-31,Growth,Finance,13,237.47,7,5,12.0,18.0,0,2025-01-08
ACC-2720,2022-08-08,Growth,Public sector,17,369.58,44,0,16.0,11.0,0,2025-10-24
ACC-2721,2023-02-04,Growth,Education,12,225.77,15,3,28.0,61.0,0,2026-01-07
ACC-2722,2023-11-08,Enterprise,Finance,176,5160.91,31,2,23.0,45.0,0,2025-04-17
ACC-2723,2023-07-25,Starter,Public sector,4,51.43,42,2,38.0,31.0,0,2025-08-11
ACC-2724,2023-01-12,Growth,Retail,12,211.56,3,5,18.0,34.0,1,2025-12-30
ACC-2725,2021-12-02,Growth,Retail,11,191.7,4,7,10.0,3.0,1,2026-01-01
ACC-2726,2024-07-01,Starter,Finance,4,47.93,45,0,19.0,25.0,0,2025-02-04
ACC-2727,2022-11-22,Growth,Finance,8,172.72,20,1,20.0,-26.0,1,2025-05-16
ACC-2728,2021-06-25,Scale,Finance,45,924.75,6,8,5.0,19.0,0,2025-04-20
ACC-2729,2022-10-09,Starter,Education,3,29.78,43,3,18.0,-42.0,0,2025-06-07
ACC-2730,2024-09-21,Scale,Retail,45,1172.25,14,4,11.0,11.0,0,2025-04-22
ACC-2731,2022-06-01,Growth,Public sector,11,201.5,30,1,28.0,3.0,0,2025-03-11
ACC-2732,2023-10-15,Starter,Retail,3,30.93,12,6,13.0,37.0,0,2026-03-29
ACC-2733,2021-09-09,Starter,Finance,2,19.25,38,3,19.0,51.0,0,2026-04-24
ACC-2734,2022-12-21,Growth,Retail,13,198.24,18,3,17.0,1.0,0,2025-04-03
ACC-2735,2024-01-12,Growth,Finance,14,231.13,32,5,12.0,13.0,1,2025-01-31
ACC-2736,2021-06-27,Starter,Public sector,2,23.96,19,2,4.0,1.0,0,2025-12-18
ACC-2737,2022-04-16,Starter,Healthcare,4,35.23,3,6,17.0,39.0,1,2025-06-26
ACC-2738,2022-07-19,Starter,Healthcare,2,24.0,34,4,11.0,45.0,0,2025-07-28
ACC-2739,2023-01-26,Starter,Healthcare,1,12.61,29,1,26.0,11.0,0,2025-03-19
ACC-2740,2021-04-21,Starter,Manufacturing,4,53.15,1,9,7.0,25.0,0,2026-01-07
ACC-2741,2021-09-15,Growth,Public sector,7,135.6,43,2,21.0,58.0,0,2026-04-09
ACC-2742,2024-04-21,Starter,Retail,2,25.23,16,4,20.0,50.0,0,2026-03-10
ACC-2743,2024-08-09,Scale,Education,36,897.08,47,0,25.0,25.0,0,2025-01-21
ACC-2744,2021-05-06,Scale,Education,52,1243.02,31,4,15.0,21.0,0,2025-11-05
ACC-2745,2024-11-30,Starter,Retail,2,22.99,15,4,23.0,16.0,0,2025-06-29
ACC-2746,2023-08-10,Growth,Healthcare,9,181.38,22,2,19.0,41.0,0,2025-06-28
ACC-2747,2023-07-20,Enterprise,Retail,172,4792.02,35,3,27.0,18.0,1,2025-09-28
ACC-2748,2022-03-14,Growth,Manufacturing,5,88.65,9,4,16.0,41.0,1,2025-02-05
ACC-2749,2021-07-08,Starter,Education,1,12.05,3,5,13.0,22.0,1,2025-08-28
ACC-2750,2025-01-19,Starter,Education,2,20.82,24,4,11.0,66.0,0,2025-05-22
ACC-2751,2023-01-17,Growth,Public sector,20,324.01,42,0,32.0,-4.0,0,2026-01-03
ACC-2752,2025-01-07,Starter,Retail,3,39.89,25,4,19.0,5.0,0,2025-06-02
ACC-2753,2024-11-10,Growth,Manufacturing,13,221.85,11,6,14.0,8.0,1,2025-06-26
ACC-2754,2022-10-18,Scale,Education,48,1307.22,30,4,10.0,13.0,0,2025-11-29
ACC-2755,2024-03-12,Starter,Public sector,2,18.24,24,6,12.0,27.0,0,2025-12-14
ACC-2756,2024-06-17,Scale,Finance,57,1047.11,6,5,16.0,55.0,1,2026-02-21
ACC-2757,2024-07-31,Starter,Retail,1,11.51,9,7,15.0,18.0,0,2026-02-24
ACC-2758,2021-09-19,Growth,Healthcare,14,207.0,11,2,12.0,21.0,1,2025-08-12
ACC-2759,2023-03-20,Scale,Manufacturing,37,962.23,17,4,24.0,30.0,1,2026-03-15
ACC-2760,2021-05-12,Starter,Healthcare,3,34.25,31,1,24.0,-3.0,0,2025-07-23
ACC-2761,2024-01-15,Starter,Public sector,2,24.9,42,3,18.0,45.0,0,2026-04-03
ACC-2762,2021-05-03,Starter,Education,3,35.57,11,5,21.0,35.0,0,2025-09-01
ACC-2763,2022-04-17,Growth,Retail,10,143.97,3,5,8.0,29.0,0,2025-12-16
ACC-2764,2021-01-16,Scale,Finance,48,1013.02,12,2,21.0,39.0,0,2025-07-03
ACC-2765,2021-08-14,Growth,Education,12,190.85,23,7,16.0,12.0,0,2025-12-25
ACC-2766,2021-02-18,Growth,Healthcare,14,247.44,45,0,20.0,54.0,0,2025-08-24
ACC-2767,2025-02-04,Scale,Retail,49,1256.78,32,6,10.0,-24.0,0,2025-11-07
ACC-2768,2022-06-16,Growth,Healthcare,10,130.63,22,8,19.0,36.0,0,2025-10-26
ACC-2769,2024-12-24,Starter,Finance,4,37.96,4,7,8.0,65.0,1,2025-08-21
ACC-2770,2021-08-30,Scale,Healthcare,46,1077.4,24,6,14.0,34.0,1,2025-05-26
ACC-2771,2023-11-01,Scale,Education,45,959.73,42,0,31.0,36.0,0,2025-08-12
ACC-2772,2021-04-10,Starter,Retail,3,31.29,26,6,20.0,47.0,0,2025-09-23
ACC-2773,2021-06-20,Growth,Finance,10,169.65,36,0,28.0,37.0,0,2026-01-14
ACC-2774,2022-05-26,Growth,Retail,13,254.19,6,7,14.0,32.0,0,2025-09-30
ACC-2775,2021-03-28,Scale,Retail,42,1148.48,38,0,27.0,8.0,0,2026-04-08
ACC-2776,2024-02-28,Starter,Manufacturing,1,13.37,3,3,19.0,49.0,0,2025-12-07
ACC-2777,2025-02-01,Starter,Manufacturing,2,28.23,10,6,22.0,54.0,1,2025-03-08
ACC-2778,2022-06-30,Starter,Manufacturing,2,25.13,13,6,11.0,9.0,1,2025-04-16
ACC-2779,2021-07-05,Growth,Healthcare,15,282.02,21,3,22.0,66.0,0,2025-02-19
ACC-2780,2021-01-08,Enterprise,Healthcare,169,5468.26,23,2,17.0,61.0,1,2026-02-19
ACC-2781,2024-08-13,Growth,Retail,13,200.1,7,6,20.0,42.0,0,2026-05-10
ACC-2782,2023-08-26,Starter,Public sector,4,52.91,10,6,28.0,20.0,0,2025-08-23
ACC-2783,2021-07-28,Growth,Manufacturing,16,321.09,7,8,0.0,18.0,1,2025-10-23
ACC-2784,2022-04-18,Growth,Retail,12,205.98,23,2,14.0,20.0,0,2025-02-21
ACC-2785,2023-03-26,Growth,Education,16,285.25,31,1,26.0,76.0,0,2025-02-13
ACC-2786,2023-01-20,Growth,Public sector,12,206.16,15,8,4.0,34.0,0,2025-02-26
ACC-2787,2021-09-07,Growth,Manufacturing,16,289.34,28,4,21.0,-13.0,1,2025-02-23
ACC-2788,2022-10-21,Enterprise,Healthcare,194,5355.28,22,1,22.0,29.0,0,2026-01-27
ACC-2789,2021-07-13,Enterprise,Manufacturing,181,4541.12,17,7,18.0,-1.0,0,2025-04-09
ACC-2790,2021-08-25,Scale,Healthcare,39,1080.71,47,0,34.0,35.0,0,2025-05-21
ACC-2791,2022-12-14,Starter,Retail,1,11.04,16,4,21.0,-2.0,1,2026-04-07
ACC-2792,2021-09-03,Growth,Retail,10,150.3,36,0,36.0,35.0,0,2025-03-27
ACC-2793,2022-08-15,Growth,Retail,17,302.82,46,1,21.0,27.0,0,2025-12-30
ACC-2794,2021-09-28,Growth,Manufacturing,11,204.28,41,4,22.0,59.0,0,2026-04-01
ACC-2795,2021-02-08,Starter,Education,2,23.26,40,1,23.0,-1.0,0,2026-03-04
ACC-2796,2021-04-01,Scale,Finance,50,1178.02,12,5,15.0,35.0,0,2025-02-27
ACC-2797,2023-01-02,Scale,Public sector,34,921.77,40,4,19.0,11.0,0,2026-01-26
ACC-2798,2022-01-19,Growth,Retail,13,221.77,30,2,29.0,62.0,0,2025-08-31
ACC-2799,2023-05-04,Scale,Healthcare,50,1098.94,5,8,7.0,21.0,0,2025-03-21
ACC-2800,2023-04-07,Starter,Retail,3,36.58,38,2,23.0,72.0,0,2025-09-22
ACC-2801,2023-04-29,Starter,Healthcare,7,90.95,18,8,19.0,29.0,1,2026-03-02
ACC-2802,2023-10-26,Scale,Public sector,47,1074.78,11,4,23.0,44.0,0,2025-11-07
ACC-2803,2024-01-05,Starter,Healthcare,2,27.85,13,4,35.0,41.0,0,2025-12-08
ACC-2804,2025-01-02,Starter,Manufacturing,2,22.82,9,6,12.0,54.0,1,2025-03-17
ACC-2805,2022-08-16,Starter,Public sector,5,59.75,21,3,35.0,24.0,0,2025-12-17
ACC-2806,2021-01-27,Growth,Retail,8,140.34,17,6,12.0,79.0,1,2025-03-21
ACC-2807,2021-06-02,Growth,Healthcare,15,246.38,16,7,8.0,17.0,1,2026-01-17
ACC-2808,2021-12-04,Starter,Healthcare,3,35.27,7,5,14.0,41.0,1,2025-05-20
ACC-2809,2022-05-21,Growth,Public sector,14,286.79,12,6,21.0,49.0,0,2025-02-26
ACC-2810,2022-10-13,Scale,Retail,50,1238.05,6,5,19.0,-4.0,0,2026-01-04
ACC-2811,2024-02-06,Starter,Public sector,2,31.15,43,4,19.0,30.0,0,2025-06-20
ACC-2812,2022-02-05,Scale,Healthcare,46,1199.66,21,8,4.0,54.0,0,2025-11-16
ACC-2813,2021-12-14,Starter,Public sector,2,24.19,11,6,10.0,-7.0,0,2025-02-14
ACC-2814,2024-09-23,Growth,Healthcare,11,211.0,38,5,16.0,28.0,1,2025-02-28
ACC-2815,2023-12-20,Starter,Finance,6,72.49,3,2,33.0,44.0,0,2026-04-16
ACC-2816,2021-07-06,Growth,Finance,8,168.72,2,9,13.0,5.0,1,2026-04-26
ACC-2817,2021-09-06,Starter,Healthcare,2,27.93,18,6,9.0,22.0,0,2025-11-15
ACC-2818,2024-05-14,Scale,Education,60,1143.63,8,4,23.0,35.0,0,2026-01-24
ACC-2819,2021-12-21,Growth,Retail,16,299.87,9,5,19.0,17.0,1,2025-05-19
ACC-2820,2024-08-21,Enterprise,Public sector,157,5125.49,36,2,32.0,33.0,0,2025-03-21
ACC-2821,2023-11-26,Growth,Retail,10,177.05,8,4,14.0,6.0,1,2026-03-13
ACC-2822,2022-03-02,Scale,Finance,40,864.27,42,1,27.0,68.0,0,2025-08-17
ACC-2823,2023-04-20,Scale,Finance,46,1264.56,40,1,36.0,34.0,0,2026-02-07
ACC-2824,2023-10-21,Starter,Public sector,4,46.1,2,1,27.0,15.0,0,2026-03-18
ACC-2825,2022-11-21,Enterprise,Public sector,170,5758.68,9,2,16.0,37.0,0,2026-02-27
ACC-2826,2021-01-02,Growth,Retail,11,193.92,44,3,16.0,20.0,0,2025-06-25
ACC-2827,2023-08-08,Starter,Retail,5,59.4,11,3,9.0,34.0,0,2025-07-28
ACC-2828,2022-01-21,Scale,Healthcare,38,848.42,5,5,25.0,15.0,0,2025-08-14
ACC-2829,2024-07-25,Starter,Retail,1,12.36,16,8,13.0,7.0,1,2025-07-09
ACC-2830,2023-11-08,Growth,Retail,13,273.09,42,2,23.0,28.0,1,2025-09-05
ACC-2831,2023-07-27,Starter,Healthcare,5,54.98,10,5,3.0,70.0,1,2025-04-21
ACC-2832,2021-02-24,Enterprise,Education,191,5107.63,6,4,20.0,-7.0,1,2025-05-13
ACC-2833,2023-01-13,Scale,Education,40,931.08,22,4,10.0,36.0,1,2025-08-28
ACC-2834,2023-12-26,Growth,Education,14,262.47,37,5,21.0,57.0,1,2026-04-12
ACC-2835,2024-07-08,Starter,Public sector,2,27.63,10,7,10.0,3.0,1,2025-01-20
ACC-2836,2021-05-10,Starter,Public sector,5,56.42,16,4,5.0,42.0,0,2025-03-19
ACC-2837,2023-10-26,Starter,Manufacturing,2,23.29,41,2,14.0,11.0,0,2025-04-13
ACC-2838,2025-01-27,Scale,Public sector,47,1262.43,46,0,21.0,18.0,0,2025-11-16
ACC-2839,2021-05-30,Growth,Retail,14,211.16,21,2,14.0,38.0,0,2026-03-17
ACC-2840,2021-08-22,Growth,Healthcare,12,207.46,2,6,10.0,35.0,0,2026-02-18
ACC-2841,2021-10-06,Starter,Education,1,10.66,20,4,9.0,19.0,1,2025-05-19
ACC-2842,2023-06-30,Growth,Retail,16,297.7,38,1,32.0,84.0,0,2025-09-30
ACC-2843,2021-12-26,Scale,Finance,30,754.35,45,1,14.0,67.0,0,2025-10-26
ACC-2844,2024-03-28,Starter,Public sector,2,27.33,45,1,23.0,-9.0,0,2025-02-26
ACC-2845,2022-09-26,Growth,Finance,17,225.61,45,1,27.0,12.0,0,2025-03-03
ACC-2846,2025-01-19,Scale,Education,38,981.89,12,1,8.0,52.0,0,2025-06-07
ACC-2847,2023-07-02,Starter,Public sector,2,22.38,10,2,28.0,22.0,0,2025-11-27
ACC-2848,2024-10-19,Starter,Retail,5,66.26,8,7,35.0,43.0,0,2025-09-22
ACC-2849,2022-07-20,Starter,Manufacturing,8,91.91,14,3,0.0,52.0,1,2026-02-02
ACC-2850,2022-04-24,Growth,Public sector,11,191.95,30,2,9.0,25.0,0,2025-09-29
ACC-2851,2023-05-27,Enterprise,Healthcare,180,5643.74,38,2,17.0,21.0,0,2025-01-28
ACC-2852,2024-06-12,Scale,Finance,37,876.58,41,1,21.0,44.0,0,2026-02-23
ACC-2853,2022-01-02,Scale,Manufacturing,46,1079.67,1,2,21.0,9.0,0,2026-02-04
ACC-2854,2021-11-19,Starter,Public sector,3,35.36,15,6,15.0,12.0,0,2025-01-10
ACC-2855,2024-07-19,Growth,Healthcare,5,100.65,16,2,11.0,31.0,1,2025-02-12
ACC-2856,2023-11-15,Growth,Public sector,5,113.64,2,7,14.0,4.0,1,2025-03-24
ACC-2857,2021-11-02,Scale,Education,46,1139.85,46,1,23.0,-0.0,0,2025-06-19
ACC-2858,2021-08-02,Growth,Healthcare,8,182.28,8,3,21.0,18.0,1,2025-12-11
ACC-2859,2021-06-11,Starter,Retail,2,28.33,41,2,23.0,-6.0,0,2025-05-04
ACC-2860,2024-03-18,Growth,Retail,15,243.4,45,2,24.0,10.0,0,2026-04-26
ACC-2861,2022-01-04,Scale,Manufacturing,46,1067.45,38,7,2.0,21.0,0,2025-06-10
ACC-2862,2023-01-03,Scale,Public sector,59,1487.88,22,5,8.0,26.0,0,2025-10-10
ACC-2863,2021-09-26,Starter,Healthcare,3,38.73,37,2,23.0,100.0,0,2025-04-14
ACC-2864,2025-01-15,Starter,Public sector,2,23.66,36,3,28.0,37.0,0,2025-09-15
ACC-2865,2023-09-09,Growth,Finance,12,244.3,23,1,33.0,15.0,0,2026-01-20
ACC-2866,2023-09-08,Starter,Healthcare,3,33.67,26,2,21.0,-33.0,0,2026-04-04
ACC-2867,2024-10-26,Starter,Manufacturing,3,38.84,7,3,28.0,-11.0,0,2025-10-03
ACC-2868,2024-05-09,Starter,Education,5,45.43,23,4,35.0,42.0,0,2025-07-27
ACC-2869,2022-10-09,Scale,Retail,34,839.85,35,0,23.0,8.0,0,2025-02-09
ACC-2870,2022-07-10,Enterprise,Retail,186,5762.72,7,9,1.0,56.0,1,2025-08-19
ACC-2871,2021-09-25,Growth,Education,12,199.73,14,8,22.0,50.0,0,2025-08-01
ACC-2872,2024-01-20,Growth,Education,12,169.57,34,2,27.0,32.0,0,2025-10-27
ACC-2873,2021-11-04,Scale,Education,48,1250.58,6,6,16.0,23.0,1,2026-02-06
ACC-2874,2024-06-01,Growth,Public sector,10,184.57,45,3,10.0,3.0,0,2025-03-18
ACC-2875,2022-01-26,Starter,Education,4,42.95,43,4,16.0,19.0,0,2025-02-25
ACC-2876,2022-01-14,Growth,Public sector,10,157.15,32,0,20.0,41.0,0,2026-01-31
ACC-2877,2021-09-06,Growth,Retail,4,75.27,34,4,10.0,47.0,0,2026-02-06
ACC-2878,2022-10-17,Scale,Public sector,48,1406.59,23,3,31.0,-10.0,0,2026-02-16
ACC-2879,2022-04-19,Scale,Manufacturing,44,1031.06,45,1,30.0,31.0,0,2025-08-10
ACC-2880,2023-05-26,Starter,Healthcare,4,35.84,23,5,13.0,68.0,1,2026-05-13
ACC-2881,2024-09-29,Scale,Education,35,959.61,44,3,15.0,46.0,0,2025-12-03
ACC-2882,2023-12-30,Growth,Education,9,153.46,20,4,5.0,26.0,0,2026-05-06
ACC-2883,2023-08-17,Growth,Public sector,13,187.19,12,4,15.0,-30.0,0,2025-06-16
ACC-2884,2021-12-23,Scale,Retail,37,937.21,42,0,30.0,38.0,0,2026-01-27
ACC-2885,2023-04-22,Starter,Finance,1,11.79,8,4,18.0,34.0,1,2025-04-06
ACC-2886,2024-07-21,Starter,Public sector,3,27.94,45,1,27.0,8.0,0,2025-07-04
ACC-2887,2022-12-06,Starter,Manufacturing,4,43.36,33,2,24.0,44.0,0,2026-02-23
ACC-2888,2021-05-12,Growth,Retail,9,163.83,23,6,11.0,32.0,1,2025-11-13
ACC-2889,2024-05-06,Scale,Education,58,1480.57,9,4,20.0,25.0,1,2025-04-26
ACC-2890,2022-09-29,Growth,Public sector,13,243.64,14,5,18.0,61.0,0,2025-04-15
ACC-2891,2022-02-01,Scale,Public sector,46,1174.06,24,6,23.0,55.0,1,2025-05-26
ACC-2892,2025-01-07,Growth,Finance,10,190.07,19,3,28.0,28.0,1,2025-02-26
ACC-2893,2021-06-17,Starter,Manufacturing,3,38.38,40,2,8.0,43.0,0,2025-05-01
ACC-2894,2021-08-26,Enterprise,Public sector,181,5758.74,16,6,10.0,54.0,1,2025-03-11
ACC-2895,2021-04-27,Growth,Manufacturing,8,154.02,40,0,26.0,81.0,0,2025-08-04
ACC-2896,2024-01-04,Growth,Finance,11,221.2,38,2,18.0,-10.0,0,2026-02-21
ACC-2897,2022-05-25,Growth,Retail,13,250.47,37,2,24.0,37.0,0,2025-06-17
ACC-2898,2024-02-19,Scale,Education,47,1230.39,29,4,13.0,44.0,1,2025-07-13
ACC-2899,2024-07-03,Growth,Healthcare,10,159.71,6,4,16.0,54.0,0,2026-05-15
ACC-2900,2023-12-27,Growth,Healthcare,10,191.02,3,4,26.0,21.0,0,2025-03-28
ACC-2901,2021-07-26,Starter,Healthcare,3,35.41,11,6,24.0,19.0,0,2026-04-21
ACC-2902,2021-01-11,Starter,Healthcare,3,38.02,6,3,24.0,33.0,0,2025-10-12
ACC-2903,2024-11-05,Growth,Manufacturing,7,116.76,14,5,21.0,17.0,0,2025-11-09
ACC-2904,2023-05-16,Starter,Retail,3,42.4,27,1,18.0,17.0,0,2025-03-27
ACC-2905,2023-05-24,Starter,Education,7,84.54,9,5,3.0,21.0,1,2025-03-17
ACC-2906,2023-02-01,Starter,Healthcare,2,26.66,10,5,21.0,59.0,1,2025-01-16
ACC-2907,2022-11-22,Starter,Finance,5,66.95,43,0,22.0,49.0,0,2025-11-25
ACC-2908,2023-09-05,Growth,Public sector,12,236.39,47,0,19.0,45.0,0,2025-11-20
ACC-2909,2023-10-18,Starter,Education,4,42.76,42,1,22.0,34.0,0,2025-03-01
ACC-2910,2022-07-16,Growth,Retail,7,111.81,22,8,20.0,-16.0,0,2026-03-28
ACC-2911,2021-06-10,Starter,Finance,3,37.78,23,2,9.0,20.0,0,2025-09-21
ACC-2912,2023-12-05,Starter,Healthcare,4,50.32,13,1,15.0,33.0,0,2025-12-05
ACC-2913,2024-12-11,Growth,Healthcare,15,307.18,31,3,19.0,94.0,0,2025-02-12
ACC-2914,2023-08-29,Growth,Public sector,13,214.13,26,4,11.0,30.0,0,2025-02-28
ACC-2915,2024-02-23,Scale,Manufacturing,45,1049.71,44,0,22.0,21.0,0,2025-02-06
ACC-2916,2021-10-11,Starter,Healthcare,4,41.73,32,1,21.0,-6.0,0,2025-04-30
ACC-2917,2022-07-17,Growth,Public sector,9,166.44,41,4,9.0,16.0,0,2025-09-12
ACC-2918,2022-03-20,Enterprise,Education,176,5713.71,19,6,14.0,6.0,0,2026-02-12
ACC-2919,2025-01-30,Starter,Finance,2,24.98,22,7,10.0,68.0,0,2025-05-20
ACC-2920,2022-03-24,Starter,Public sector,3,36.94,6,6,16.0,75.0,1,2025-12-03
ACC-2921,2023-05-08,Growth,Finance,11,197.05,34,2,22.0,58.0,0,2025-11-10
ACC-2922,2023-05-30,Starter,Manufacturing,2,23.37,8,9,21.0,46.0,1,2025-09-25
ACC-2923,2024-08-26,Growth,Retail,10,248.24,22,3,20.0,14.0,0,2025-10-16
ACC-2924,2022-11-25,Enterprise,Finance,195,5273.73,9,9,18.0,29.0,1,2025-12-17
ACC-2925,2022-11-03,Growth,Education,12,166.85,35,4,21.0,12.0,1,2025-08-15
ACC-2926,2024-06-24,Growth,Healthcare,11,237.41,39,1,28.0,72.0,0,2025-10-06
ACC-2927,2022-12-29,Starter,Retail,2,27.15,22,3,32.0,33.0,0,2026-01-21
ACC-2928,2022-04-27,Enterprise,Public sector,178,4933.12,47,1,25.0,100.0,0,2025-04-09
ACC-2929,2023-07-27,Growth,Education,21,402.69,7,3,12.0,-13.0,0,2025-04-27
ACC-2930,2022-04-01,Scale,Public sector,46,855.57,24,0,24.0,16.0,0,2026-01-09
ACC-2931,2022-12-04,Scale,Retail,60,1284.92,26,2,15.0,41.0,0,2025-04-25
ACC-2932,2025-01-03,Starter,Retail,2,18.42,14,3,27.0,47.0,0,2025-09-08
ACC-2933,2021-03-17,Starter,Education,3,39.71,30,6,25.0,37.0,1,2025-08-10
ACC-2934,2021-08-01,Starter,Retail,1,12.94,19,6,16.0,25.0,0,2026-03-02
ACC-2935,2024-05-18,Growth,Finance,9,185.68,2,10,16.0,10.0,0,2025-08-12
ACC-2936,2024-06-22,Growth,Education,16,268.51,12,6,17.0,37.0,0,2026-04-30
ACC-2937,2024-07-08,Starter,Public sector,1,11.32,45,0,27.0,32.0,0,2025-10-04
ACC-2938,2022-10-30,Starter,Retail,5,50.75,21,2,13.0,27.0,0,2025-10-09
ACC-2939,2021-03-03,Starter,Retail,5,73.32,44,1,20.0,10.0,0,2025-09-29
ACC-2940,2023-12-08,Growth,Public sector,9,125.11,13,6,21.0,61.0,1,2025-09-07
ACC-2941,2023-08-25,Starter,Manufacturing,4,64.77,10,5,14.0,14.0,1,2025-12-29
ACC-2942,2021-08-08,Growth,Finance,14,278.21,25,1,29.0,17.0,0,2026-04-06
ACC-2943,2022-09-15,Growth,Retail,10,214.77,47,2,21.0,46.0,0,2025-05-21
ACC-2944,2021-10-23,Growth,Public sector,9,168.62,8,9,18.0,54.0,1,2025-05-10
ACC-2945,2023-05-11,Scale,Education,41,1048.85,20,5,22.0,35.0,0,2025-10-24
ACC-2946,2024-12-28,Starter,Public sector,3,36.18,31,0,16.0,40.0,0,2026-05-06
ACC-2947,2024-09-06,Scale,Finance,55,1145.45,15,4,13.0,41.0,0,2025-07-29
ACC-2948,2021-11-23,Starter,Finance,2,28.82,31,4,34.0,52.0,0,2025-04-30
ACC-2949,2024-10-22,Scale,Retail,43,1169.28,45,1,20.0,48.0,0,2025-10-10
ACC-2950,2021-05-17,Growth,Manufacturing,9,158.35,27,1,29.0,44.0,0,2025-10-19
ACC-2951,2021-02-28,Starter,Education,4,36.59,11,5,6.0,23.0,1,2025-10-05
ACC-2952,2022-08-17,Starter,Public sector,1,8.88,18,7,25.0,34.0,0,2026-01-03
ACC-2953,2021-02-19,Enterprise,Retail,154,4480.38,22,1,25.0,25.0,1,2025-05-31
ACC-2954,2024-09-19,Starter,Retail,2,19.3,6,6,27.0,44.0,1,2025-01-13
ACC-2955,2023-05-23,Scale,Retail,45,1092.75,14,8,12.0,23.0,1,2025-06-05
ACC-2956,2021-09-25,Growth,Education,12,229.27,24,0,26.0,55.0,0,2025-10-19
ACC-2957,2022-08-07,Scale,Retail,54,1137.84,45,3,20.0,35.0,0,2026-03-17
ACC-2958,2021-10-07,Growth,Education,13,227.42,36,4,25.0,27.0,0,2025-12-25
ACC-2959,2023-10-31,Scale,Manufacturing,42,980.09,44,1,21.0,-5.0,0,2025-02-12
ACC-2960,2021-12-25,Starter,Healthcare,3,36.22,9,5,18.0,27.0,0,2025-07-02
ACC-2961,2023-03-26,Growth,Public sector,10,170.95,26,2,21.0,36.0,0,2025-06-12
ACC-2962,2022-07-24,Growth,Education,11,207.77,18,2,15.0,25.0,1,2025-05-03
ACC-2963,2025-01-17,Growth,Manufacturing,14,277.09,5,7,8.0,29.0,1,2025-02-22
ACC-2964,2021-01-08,Scale,Manufacturing,63,1600.9,30,4,28.0,11.0,0,2025-07-03
ACC-2965,2022-01-14,Growth,Retail,5,99.08,39,2,33.0,21.0,0,2025-06-18
ACC-2966,2024-07-16,Scale,Education,39,1060.36,18,5,15.0,47.0,0,2026-05-09
ACC-2967,2021-04-30,Starter,Healthcare,5,56.24,15,2,16.0,37.0,1,2025-02-05
ACC-2968,2023-02-22,Starter,Education,2,22.5,40,0,30.0,20.0,0,2025-02-23
ACC-2969,2021-04-22,Scale,Finance,45,1076.57,19,4,17.0,-4.0,1,2025-05-27
ACC-2970,2021-07-25,Growth,Finance,9,182.71,24,4,24.0,34.0,0,2025-10-07
ACC-2971,2023-09-05,Scale,Education,46,1043.51,35,1,19.0,57.0,0,2026-03-11
ACC-2972,2021-12-09,Scale,Manufacturing,47,1180.38,46,0,31.0,41.0,0,2025-04-20
ACC-2973,2023-04-20,Growth,Finance,13,223.84,21,4,22.0,39.0,0,2025-03-30
ACC-2974,2024-02-20,Starter,Public sector,2,27.42,20,1,6.0,52.0,1,2025-11-21
ACC-2975,2023-04-02,Enterprise,Healthcare,175,6478.97,7,4,19.0,57.0,0,2025-10-07
ACC-2976,2023-11-12,Growth,Finance,15,292.34,18,2,20.0,7.0,0,2026-02-20
ACC-2977,2023-01-14,Enterprise,Retail,181,6016.76,31,2,14.0,-0.0,0,2025-08-15
ACC-2978,2024-08-13,Scale,Healthcare,39,1019.57,39,2,28.0,34.0,0,2025-10-10
ACC-2979,2022-12-10,Scale,Public sector,48,1057.04,1,6,12.0,11.0,0,2026-03-07
ACC-2980,2025-01-21,Starter,Healthcare,4,47.31,30,3,32.0,49.0,0,2025-08-16
ACC-2981,2023-08-26,Enterprise,Education,179,4097.01,29,6,17.0,60.0,1,2026-01-19
ACC-2982,2021-07-18,Enterprise,Finance,170,5310.3,43,0,26.0,70.0,0,2025-05-25
ACC-2983,2022-03-28,Enterprise,Manufacturing,197,7991.07,41,3,22.0,33.0,1,2025-08-06
ACC-2984,2021-09-15,Starter,Healthcare,6,78.88,39,3,21.0,53.0,0,2025-07-02
ACC-2985,2024-09-22,Starter,Public sector,6,74.54,28,2,38.0,64.0,0,2025-06-07
ACC-2986,2022-11-23,Starter,Public sector,1,11.77,8,4,39.0,34.0,0,2025-09-12
ACC-2987,2021-04-30,Starter,Manufacturing,5,60.3,11,2,23.0,-4.0,1,2025-11-17
ACC-2988,2023-02-16,Starter,Public sector,5,65.94,31,4,24.0,24.0,1,2025-09-13
ACC-2989,2021-06-18,Growth,Retail,11,181.77,26,3,8.0,11.0,0,2026-02-09
ACC-2990,2023-10-09,Scale,Public sector,45,1059.0,30,2,18.0,65.0,0,2025-02-06
ACC-2991,2021-06-08,Scale,Finance,50,1226.59,10,8,24.0,19.0,1,2026-04-22
ACC-2992,2021-05-17,Growth,Healthcare,14,258.48,7,3,8.0,52.0,1,2025-01-30
ACC-2993,2021-11-24,Growth,Healthcare,11,197.95,19,4,19.0,1.0,0,2025-04-02
ACC-2994,2022-06-09,Growth,Education,11,188.08,6,7,5.0,11.0,1,2025-02-19
ACC-2995,2024-08-28,Enterprise,Public sector,171,4878.14,16,6,5.0,24.0,1,2026-04-12
ACC-2996,2021-11-15,Growth,Manufacturing,12,224.66,44,1,13.0,11.0,0,2026-05-01
ACC-2997,2022-11-07,Starter,Finance,1,11.94,26,1,30.0,3.0,0,2025-02-17
ACC-2998,2024-04-30,Enterprise,Healthcare,189,4673.64,3,6,22.0,17.0,0,2025-06-24
ACC-2999,2024-03-31,Growth,Retail,17,267.79,3,3,14.0,44.0,0,2026-01-15
ACC-3000,2023-01-13,Starter,Healthcare,2,21.52,3,5,8.0,16.0,1,2025-01-06
ACC-3001,2022-10-09,Starter,Public sector,4,49.57,34,1,29.0,20.0,0,2025-11-12
ACC-3002,2024-05-11,Starter,Education,7,92.69,40,1,25.0,39.0,0,2025-07-20
ACC-3003,2023-08-25,Growth,Healthcare,12,208.69,12,3,29.0,19.0,0,2025-04-01
ACC-3004,2022-04-23,Growth,Manufacturing,15,323.64,46,0,16.0,45.0,0,2025-08-25
ACC-3005,2023-08-19,Starter,Retail,3,27.07,5,7,10.0,33.0,1,2025-05-15
ACC-3006,2024-10-24,Starter,Retail,7,85.55,24,3,18.0,40.0,0,2025-02-08
ACC-3007,2021-01-17,Starter,Retail,3,31.21,16,3,26.0,41.0,0,2025-03-04
ACC-3008,2023-08-15,Scale,Public sector,39,955.87,7,4,16.0,-10.0,0,2025-04-04
ACC-3009,2024-09-12,Growth,Education,11,175.26,6,2,16.0,6.0,0,2025-10-29
ACC-3010,2024-11-01,Growth,Healthcare,13,230.86,47,0,23.0,25.0,0,2026-01-15
ACC-3011,2024-11-09,Growth,Retail,11,216.61,3,11,0.0,55.0,1,2025-09-03
ACC-3012,2021-07-14,Growth,Healthcare,7,126.0,35,0,15.0,-15.0,0,2025-12-23
ACC-3013,2022-09-23,Growth,Public sector,17,346.72,23,4,17.0,-13.0,1,2025-12-18
ACC-3014,2024-09-14,Growth,Public sector,12,227.26,29,3,19.0,51.0,0,2026-03-03
ACC-3015,2023-09-13,Growth,Public sector,10,198.58,42,1,39.0,41.0,0,2025-10-28
ACC-3016,2021-03-23,Starter,Education,1,11.53,33,6,13.0,21.0,0,2026-04-04
ACC-3017,2021-11-17,Growth,Education,12,164.4,34,2,17.0,45.0,0,2025-12-19
ACC-3018,2022-03-23,Scale,Finance,57,1359.96,4,6,4.0,3.0,0,2026-04-19
ACC-3019,2024-02-17,Starter,Manufacturing,2,23.79,27,5,3.0,60.0,0,2025-12-05
ACC-3020,2024-01-05,Enterprise,Finance,159,4585.56,13,6,22.0,43.0,1,2025-08-28
ACC-3021,2024-11-03,Growth,Healthcare,11,203.45,28,4,30.0,17.0,0,2026-02-17
ACC-3022,2022-10-10,Scale,Healthcare,38,903.86,29,5,14.0,35.0,0,2026-02-18
ACC-3023,2022-01-05,Starter,Public sector,2,25.54,4,5,18.0,25.0,1,2025-07-23
ACC-3024,2021-06-11,Growth,Healthcare,16,348.86,32,2,21.0,5.0,0,2025-06-10
ACC-3025,2022-10-07,Growth,Manufacturing,14,236.22,6,4,16.0,26.0,0,2026-03-13
ACC-3026,2022-12-07,Starter,Retail,6,81.85,36,4,19.0,62.0,0,2025-01-21
ACC-3027,2021-12-30,Enterprise,Public sector,194,5575.44,19,7,5.0,48.0,1,2025-01-04
ACC-3028,2024-06-19,Growth,Retail,9,196.27,7,2,0.0,27.0,0,2025-09-15
ACC-3029,2021-06-14,Scale,Retail,45,1148.31,21,4,22.0,27.0,0,2025-09-30
ACC-3030,2022-04-11,Starter,Education,2,26.65,32,1,28.0,41.0,0,2025-11-26
ACC-3031,2023-10-25,Starter,Finance,6,62.87,24,4,10.0,2.0,0,2025-10-15
ACC-3032,2024-03-28,Growth,Manufacturing,11,217.64,14,2,18.0,46.0,0,2026-02-11
ACC-3033,2024-12-22,Scale,Finance,43,1108.54,4,8,15.0,52.0,1,2026-03-20
ACC-3034,2024-11-06,Growth,Healthcare,16,252.85,24,4,17.0,6.0,0,2025-04-18
ACC-3035,2021-08-12,Growth,Healthcare,8,143.7,12,8,3.0,61.0,1,2025-07-08
ACC-3036,2021-05-07,Starter,Healthcare,4,43.06,7,3,21.0,26.0,1,2025-01-06
ACC-3037,2023-10-19,Growth,Education,11,188.19,28,4,20.0,45.0,1,2026-05-06
ACC-3038,2022-03-05,Scale,Finance,24,600.68,38,1,10.0,43.0,0,2025-06-11
ACC-3039,2024-02-21,Starter,Public sector,4,41.82,39,1,23.0,39.0,0,2025-07-20
ACC-3040,2023-05-10,Growth,Public sector,19,347.87,26,3,16.0,52.0,0,2025-08-05
ACC-3041,2023-08-09,Starter,Healthcare,4,51.4,29,4,17.0,34.0,0,2025-11-15
ACC-3042,2021-02-16,Growth,Healthcare,18,320.23,14,4,21.0,26.0,0,2025-02-14
ACC-3043,2021-12-04,Scale,Manufacturing,44,843.11,14,10,1.0,17.0,1,2026-02-02
ACC-3044,2024-01-26,Starter,Retail,3,35.53,4,7,6.0,10.0,0,2025-10-23
ACC-3045,2021-11-15,Starter,Education,4,51.76,17,4,10.0,44.0,0,2025-08-24
ACC-3046,2024-11-07,Enterprise,Public sector,188,7083.82,22,7,10.0,1.0,0,2026-05-08
ACC-3047,2022-07-12,Scale,Healthcare,50,1405.74,44,2,18.0,55.0,0,2026-03-21
ACC-3048,2023-10-08,Growth,Finance,13,187.49,43,0,21.0,39.0,0,2025-11-13
ACC-3049,2025-01-12,Growth,Healthcare,13,201.22,24,3,20.0,39.0,0,2025-04-09
ACC-3050,2023-08-18,Starter,Education,1,11.14,38,0,24.0,4.0,0,2025-12-28
ACC-3051,2022-07-24,Scale,Retail,45,1115.17,17,3,17.0,38.0,0,2025-10-31
ACC-3052,2024-03-27,Growth,Healthcare,12,208.15,6,4,30.0,46.0,0,2025-06-01
ACC-3053,2024-06-23,Scale,Education,52,1199.9,14,5,11.0,64.0,0,2025-11-18
ACC-3054,2024-05-26,Growth,Public sector,11,213.76,4,5,17.0,8.0,0,2025-07-31
ACC-3055,2023-04-20,Growth,Healthcare,14,259.12,15,5,30.0,17.0,0,2026-05-15
ACC-3056,2024-08-26,Scale,Finance,40,932.1,34,2,15.0,57.0,0,2025-12-27
ACC-3057,2022-01-13,Scale,Manufacturing,48,1026.5,17,4,25.0,27.0,0,2025-06-23
ACC-3058,2021-09-02,Starter,Public sector,5,56.64,35,1,26.0,74.0,0,2025-10-07
ACC-3059,2022-02-18,Growth,Retail,15,283.64,5,1,11.0,27.0,0,2025-12-26
ACC-3060,2021-07-27,Growth,Education,8,139.88,34,3,32.0,48.0,1,2026-01-08
ACC-3061,2021-09-10,Enterprise,Retail,158,3622.9,32,3,7.0,18.0,0,2026-03-10
ACC-3062,2022-12-21,Starter,Retail,2,23.29,35,1,21.0,33.0,0,2025-08-31
ACC-3063,2022-06-21,Growth,Manufacturing,4,67.41,10,2,8.0,-8.0,0,2025-06-10
ACC-3064,2023-01-28,Starter,Finance,2,26.9,29,4,28.0,28.0,1,2025-05-27
ACC-3065,2022-05-13,Starter,Finance,6,88.67,39,1,27.0,69.0,0,2026-04-13
ACC-3066,2023-07-16,Growth,Public sector,10,119.85,14,3,20.0,2.0,0,2025-10-04
ACC-3067,2023-05-18,Starter,Education,3,39.42,21,4,1.0,19.0,0,2025-10-28
ACC-3068,2023-10-08,Growth,Education,7,139.76,47,1,22.0,43.0,0,2025-02-09
ACC-3069,2023-10-28,Starter,Manufacturing,1,11.37,17,7,0.0,10.0,1,2025-12-08
ACC-3070,2021-09-03,Starter,Retail,3,31.17,6,8,15.0,33.0,1,2025-12-20
ACC-3071,2021-04-26,Starter,Finance,7,79.66,40,5,18.0,37.0,0,2025-04-27
ACC-3072,2024-08-29,Enterprise,Education,172,6159.23,9,4,17.0,47.0,1,2025-03-26
ACC-3073,2024-02-16,Scale,Public sector,58,1399.07,24,4,20.0,47.0,0,2025-09-29
ACC-3074,2021-02-01,Scale,Manufacturing,43,1142.62,42,1,25.0,26.0,0,2025-03-24
ACC-3075,2024-07-27,Starter,Finance,4,48.56,37,2,26.0,49.0,0,2025-10-03
ACC-3076,2023-05-08,Starter,Education,2,21.51,33,4,15.0,24.0,0,2025-01-17
ACC-3077,2022-08-07,Scale,Manufacturing,45,1221.91,10,9,6.0,56.0,1,2026-03-10
ACC-3078,2023-11-30,Starter,Education,3,34.84,47,2,26.0,64.0,0,2025-05-21
ACC-3079,2023-07-12,Growth,Public sector,11,170.77,46,2,38.0,57.0,0,2025-07-08
ACC-3080,2022-12-19,Growth,Finance,9,143.27,46,0,28.0,-10.0,0,2025-03-09
ACC-3081,2023-05-03,Growth,Finance,15,242.1,4,6,11.0,95.0,0,2026-05-11
ACC-3082,2024-06-04,Growth,Manufacturing,21,399.6,21,5,6.0,26.0,1,2025-07-31
ACC-3083,2023-07-30,Starter,Retail,3,34.17,43,2,17.0,59.0,1,2026-04-12
ACC-3084,2022-08-19,Growth,Manufacturing,8,138.27,40,1,25.0,71.0,0,2026-04-21
ACC-3085,2023-06-01,Starter,Manufacturing,4,44.42,47,0,20.0,20.0,0,2025-09-01
ACC-3086,2021-12-19,Enterprise,Public sector,166,5209.69,14,6,13.0,45.0,1,2025-03-29
ACC-3087,2024-05-21,Growth,Public sector,12,180.69,21,4,24.0,20.0,1,2025-10-12
ACC-3088,2024-11-27,Starter,Public sector,4,45.55,21,6,1.0,74.0,1,2025-06-18
ACC-3089,2022-11-15,Enterprise,Manufacturing,172,5578.24,44,3,14.0,34.0,0,2025-01-08
ACC-3090,2022-01-11,Scale,Manufacturing,46,1123.02,22,3,13.0,55.0,0,2025-07-25
ACC-3091,2022-08-18,Growth,Finance,12,212.54,9,2,27.0,7.0,0,2025-07-24
ACC-3092,2022-07-28,Growth,Retail,14,261.37,22,0,38.0,89.0,0,2025-04-10
ACC-3093,2022-10-08,Growth,Healthcare,16,336.3,6,4,19.0,34.0,0,2025-10-22
ACC-3094,2021-12-03,Starter,Education,1,13.22,14,5,17.0,34.0,0,2025-10-01
ACC-3095,2023-07-21,Starter,Public sector,7,74.11,12,4,16.0,54.0,0,2025-08-29
ACC-3096,2021-11-24,Scale,Healthcare,38,829.29,24,4,11.0,52.0,1,2025-09-22
ACC-3097,2023-08-14,Starter,Education,3,41.93,22,4,27.0,10.0,0,2025-04-07
ACC-3098,2022-07-14,Starter,Finance,2,24.79,10,4,27.0,80.0,0,2026-03-25
ACC-3099,2023-02-05,Scale,Public sector,46,938.83,8,2,20.0,42.0,0,2025-09-13
ACC-3100,2023-04-21,Enterprise,Finance,172,5777.12,42,4,31.0,58.0,0,2025-12-07
ACC-3101,2022-04-04,Starter,Public sector,5,51.86,5,3,29.0,42.0,0,2025-05-06
ACC-3102,2021-10-07,Scale,Public sector,38,803.38,9,4,17.0,81.0,1,2025-09-22
ACC-3103,2022-09-23,Growth,Healthcare,15,285.71,45,1,18.0,51.0,0,2026-01-22
ACC-3104,2022-09-24,Growth,Finance,13,245.58,30,5,11.0,33.0,0,2025-10-17
ACC-3105,2022-09-28,Scale,Healthcare,34,798.06,32,5,17.0,13.0,0,2026-02-07
ACC-3106,2023-02-13,Enterprise,Healthcare,188,5150.05,21,4,19.0,17.0,0,2025-08-21
ACC-3107,2023-01-08,Growth,Retail,13,232.54,38,3,23.0,12.0,0,2025-04-06
ACC-3108,2021-03-04,Starter,Public sector,3,42.02,14,3,21.0,51.0,1,2025-07-08
ACC-3109,2025-01-04,Enterprise,Retail,218,6460.31,30,3,21.0,35.0,1,2026-01-23
ACC-3110,2023-09-21,Growth,Public sector,10,167.25,3,7,3.0,-9.0,0,2025-08-04
ACC-3111,2022-11-06,Enterprise,Retail,193,6717.18,37,1,16.0,60.0,0,2025-07-25
ACC-3112,2024-01-26,Growth,Public sector,8,157.45,43,0,41.0,53.0,0,2025-11-17
ACC-3113,2023-12-15,Starter,Healthcare,4,48.32,29,2,22.0,31.0,1,2025-02-17
ACC-3114,2021-05-18,Growth,Healthcare,5,84.34,15,6,22.0,36.0,1,2025-09-28
ACC-3115,2024-01-29,Starter,Healthcare,1,12.49,38,1,26.0,68.0,0,2026-04-22
ACC-3116,2021-07-02,Starter,Healthcare,3,33.51,40,4,20.0,31.0,1,2026-03-19
ACC-3117,2023-01-23,Scale,Finance,42,1441.26,20,5,20.0,30.0,0,2026-03-10
ACC-3118,2022-03-10,Enterprise,Finance,196,6204.92,35,3,15.0,40.0,1,2025-03-02
ACC-3119,2024-08-18,Growth,Manufacturing,9,157.09,25,2,30.0,43.0,1,2025-11-22
ACC-3120,2023-12-08,Starter,Healthcare,2,25.09,28,1,21.0,13.0,0,2025-02-22
ACC-3121,2021-10-29,Growth,Healthcare,12,182.51,15,6,11.0,41.0,1,2026-04-16
ACC-3122,2021-05-19,Scale,Education,52,1125.26,4,3,8.0,18.0,0,2025-08-14
ACC-3123,2023-02-11,Starter,Manufacturing,4,48.88,38,2,37.0,-9.0,0,2025-08-22
ACC-3124,2024-11-26,Scale,Education,40,936.03,3,5,12.0,21.0,0,2025-04-27
ACC-3125,2022-06-26,Starter,Education,3,37.32,27,1,25.0,33.0,0,2025-05-06
ACC-3126,2024-01-14,Starter,Retail,1,11.33,32,3,17.0,15.0,0,2025-12-27
ACC-3127,2021-07-12,Growth,Education,21,395.92,22,4,11.0,49.0,0,2025-10-29
ACC-3128,2021-10-04,Growth,Retail,15,280.97,26,6,14.0,38.0,0,2026-01-24
ACC-3129,2021-04-04,Starter,Education,3,33.56,40,2,24.0,63.0,0,2025-03-26
ACC-3130,2023-09-17,Growth,Finance,16,192.29,13,4,10.0,30.0,1,2026-03-10
ACC-3131,2021-03-19,Starter,Retail,1,12.88,38,0,19.0,-9.0,0,2025-03-24
ACC-3132,2024-09-16,Enterprise,Public sector,180,5966.67,21,0,29.0,22.0,0,2026-03-04
ACC-3133,2023-06-09,Growth,Healthcare,13,226.24,25,7,6.0,11.0,0,2025-12-09
ACC-3134,2023-04-25,Growth,Education,8,170.91,11,6,17.0,35.0,1,2025-09-14
ACC-3135,2022-08-11,Scale,Manufacturing,43,1078.3,45,2,14.0,50.0,0,2025-08-09
ACC-3136,2021-05-02,Enterprise,Finance,166,5228.4,43,2,16.0,29.0,0,2026-04-30
ACC-3137,2025-01-06,Starter,Finance,2,25.86,46,0,15.0,49.0,0,2026-01-02
ACC-3138,2022-09-17,Starter,Retail,2,26.1,7,3,21.0,62.0,0,2026-03-25
ACC-3139,2022-04-01,Scale,Retail,39,907.31,30,2,23.0,28.0,1,2025-04-09
ACC-3140,2021-03-08,Starter,Finance,7,79.62,40,2,4.0,18.0,0,2026-02-16
ACC-3141,2021-03-12,Scale,Retail,43,908.5,32,2,20.0,80.0,0,2025-02-20
ACC-3142,2024-04-08,Starter,Healthcare,3,39.64,20,4,19.0,34.0,0,2025-03-07
ACC-3143,2024-07-09,Growth,Finance,13,295.27,13,4,25.0,27.0,0,2025-09-02
ACC-3144,2023-12-05,Starter,Finance,2,27.84,46,0,32.0,40.0,0,2025-03-12
ACC-3145,2022-12-22,Growth,Education,19,338.0,33,5,5.0,41.0,0,2025-12-24
ACC-3146,2022-01-20,Growth,Education,12,230.64,27,2,32.0,72.0,0,2025-01-12
ACC-3147,2024-03-06,Starter,Healthcare,3,38.23,44,2,36.0,24.0,0,2025-11-07
ACC-3148,2023-01-27,Scale,Retail,42,1091.0,29,2,17.0,-34.0,0,2025-12-29
ACC-3149,2021-11-13,Growth,Healthcare,12,209.18,33,1,21.0,43.0,0,2026-05-15
ACC-3150,2024-04-08,Scale,Manufacturing,51,1149.23,12,6,26.0,20.0,1,2025-05-28
ACC-3151,2021-02-04,Scale,Public sector,51,1322.82,9,5,8.0,37.0,0,2025-03-31
ACC-3152,2024-10-04,Growth,Public sector,12,236.72,34,1,30.0,27.0,0,2026-03-17
ACC-3153,2023-06-18,Enterprise,Healthcare,200,7225.86,15,5,12.0,66.0,0,2025-01-27
ACC-3154,2024-09-26,Scale,Healthcare,48,1208.15,20,4,13.0,20.0,0,2025-11-19
ACC-3155,2022-03-29,Starter,Manufacturing,6,77.45,7,5,24.0,37.0,1,2026-01-29
ACC-3156,2024-10-10,Growth,Education,22,347.88,41,0,10.0,-4.0,0,2025-01-24
ACC-3157,2022-12-14,Growth,Manufacturing,13,218.5,37,3,26.0,1.0,1,2025-06-23
ACC-3158,2021-01-06,Starter,Manufacturing,5,50.46,44,2,15.0,66.0,0,2025-08-03
ACC-3159,2023-09-11,Growth,Manufacturing,13,224.83,5,7,9.0,26.0,1,2025-01-03
ACC-3160,2021-10-19,Enterprise,Public sector,174,4310.23,11,6,19.0,22.0,0,2025-04-27
ACC-3161,2024-06-09,Starter,Manufacturing,1,13.46,1,4,13.0,19.0,1,2026-01-06
ACC-3162,2021-01-03,Starter,Manufacturing,2,23.81,29,1,33.0,17.0,0,2025-01-22
ACC-3163,2021-03-05,Growth,Retail,13,233.77,19,6,29.0,66.0,1,2026-01-01
ACC-3164,2022-11-06,Starter,Public sector,4,52.94,9,7,21.0,39.0,0,2025-11-11
ACC-3165,2021-07-05,Enterprise,Retail,163,3616.54,23,1,17.0,35.0,0,2025-04-13
ACC-3166,2023-01-16,Growth,Finance,11,218.27,10,5,20.0,75.0,0,2025-08-05
ACC-3167,2021-12-07,Growth,Healthcare,13,248.28,46,1,28.0,50.0,0,2025-12-15
ACC-3168,2023-03-09,Starter,Retail,4,42.86,17,6,3.0,35.0,0,2025-10-16
ACC-3169,2023-09-06,Scale,Education,56,1352.5,28,1,18.0,35.0,0,2025-02-20
ACC-3170,2024-03-13,Starter,Healthcare,3,32.52,19,4,14.0,-34.0,0,2025-06-19
ACC-3171,2024-03-24,Starter,Finance,2,24.31,10,6,15.0,22.0,1,2026-04-29
ACC-3172,2022-12-09,Scale,Finance,50,1296.08,15,7,10.0,29.0,0,2026-03-16
ACC-3173,2021-09-14,Starter,Public sector,4,38.52,37,4,20.0,38.0,1,2025-12-11
ACC-3174,2023-08-18,Growth,Finance,14,267.11,27,6,13.0,62.0,0,2025-12-22
ACC-3175,2021-11-27,Scale,Manufacturing,30,635.81,21,3,9.0,20.0,0,2025-02-01
ACC-3176,2022-04-02,Starter,Manufacturing,7,73.31,46,0,32.0,4.0,0,2026-03-28
ACC-3177,2023-03-14,Growth,Public sector,6,115.15,28,2,21.0,43.0,0,2026-03-01
ACC-3178,2023-10-08,Starter,Retail,3,32.06,26,3,30.0,32.0,0,2025-05-04
ACC-3179,2021-11-19,Enterprise,Manufacturing,194,5688.24,20,5,15.0,22.0,0,2026-01-05
ACC-3180,2021-09-05,Growth,Retail,9,127.63,4,5,15.0,44.0,0,2026-05-02
ACC-3181,2022-06-17,Scale,Healthcare,34,814.78,37,4,25.0,51.0,0,2026-03-27
ACC-3182,2024-06-02,Growth,Retail,7,143.46,39,2,19.0,26.0,0,2025-03-04
ACC-3183,2023-12-30,Enterprise,Finance,178,5460.04,25,2,29.0,4.0,0,2025-05-28
ACC-3184,2023-02-05,Growth,Education,12,177.75,19,5,13.0,39.0,0,2025-12-01
ACC-3185,2021-08-24,Scale,Healthcare,54,1125.54,11,5,11.0,7.0,1,2025-05-07
ACC-3186,2023-05-17,Scale,Finance,35,575.58,31,3,16.0,-20.0,0,2025-04-02
ACC-3187,2023-06-07,Starter,Healthcare,3,36.1,1,8,8.0,22.0,1,2026-04-22
ACC-3188,2022-09-18,Growth,Manufacturing,13,265.27,4,5,24.0,28.0,0,2026-02-11
ACC-3189,2022-04-04,Growth,Retail,13,259.12,3,9,9.0,-9.0,1,2026-04-11
ACC-3190,2024-05-06,Growth,Education,15,271.26,14,3,31.0,33.0,1,2025-08-11
ACC-3191,2024-07-08,Growth,Manufacturing,13,224.0,7,0,19.0,38.0,0,2026-01-13
ACC-3192,2023-02-27,Growth,Manufacturing,13,197.35,8,7,10.0,54.0,1,2025-08-06
ACC-3193,2021-09-27,Growth,Manufacturing,17,303.1,39,3,12.0,7.0,0,2026-02-26
ACC-3194,2021-10-05,Starter,Finance,1,11.12,8,2,29.0,38.0,0,2025-10-11
ACC-3195,2024-02-19,Starter,Education,4,52.06,45,1,25.0,40.0,0,2025-08-16
ACC-3196,2024-01-27,Growth,Healthcare,9,161.13,40,1,20.0,47.0,0,2025-01-04
ACC-3197,2021-12-16,Enterprise,Finance,173,5144.99,28,2,24.0,2.0,0,2026-03-15
ACC-3198,2022-01-30,Growth,Healthcare,11,191.84,28,4,17.0,33.0,0,2025-06-23
ACC-3199,2022-05-13,Growth,Retail,9,139.45,17,3,23.0,37.0,1,2026-03-22
ACC-3200,2024-07-11,Growth,Finance,12,212.73,45,1,25.0,4.0,0,2026-01-19
ACC-3201,2024-01-13,Scale,Retail,42,1112.94,36,3,23.0,56.0,0,2026-03-06
ACC-3202,2023-06-04,Starter,Public sector,2,20.86,7,10,8.0,10.0,0,2025-01-31
ACC-3203,2024-03-02,Scale,Education,45,1102.13,15,5,15.0,31.0,0,2025-05-09
ACC-3204,2021-10-02,Growth,Manufacturing,10,169.2,21,5,9.0,74.0,1,2025-06-25
ACC-3205,2022-06-14,Scale,Finance,42,949.23,24,3,26.0,45.0,0,2025-04-13
ACC-3206,2022-12-16,Starter,Education,6,72.78,12,0,27.0,52.0,0,2025-01-14
ACC-3207,2023-01-08,Growth,Manufacturing,12,216.86,6,9,8.0,27.0,0,2025-01-13
ACC-3208,2022-11-14,Scale,Finance,31,844.45,4,3,21.0,39.0,0,2025-07-10
ACC-3209,2022-07-12,Scale,Education,43,1022.83,33,2,28.0,16.0,0,2026-02-10
ACC-3210,2022-07-01,Starter,Public sector,3,32.19,35,2,9.0,25.0,0,2025-02-20
ACC-3211,2022-07-30,Growth,Public sector,12,243.87,18,8,21.0,30.0,0,2025-04-05
ACC-3212,2023-12-03,Growth,Public sector,16,299.41,41,2,34.0,26.0,0,2026-01-13
ACC-3213,2021-04-08,Enterprise,Manufacturing,168,5410.52,32,3,9.0,20.0,0,2025-06-30
ACC-3214,2022-02-17,Growth,Healthcare,8,157.49,32,3,14.0,-6.0,0,2025-01-09
ACC-3215,2021-09-02,Starter,Finance,2,20.97,41,2,20.0,32.0,0,2026-02-03
ACC-3216,2024-05-31,Starter,Healthcare,2,25.33,31,3,23.0,34.0,0,2025-08-20
ACC-3217,2022-02-11,Starter,Retail,1,10.61,38,2,6.0,53.0,0,2025-10-18
ACC-3218,2022-10-25,Growth,Manufacturing,12,207.32,14,5,9.0,-14.0,0,2025-02-12
ACC-3219,2021-07-02,Enterprise,Education,184,5157.95,31,4,15.0,55.0,0,2025-03-14
ACC-3220,2021-06-26,Enterprise,Retail,181,5822.91,37,0,19.0,28.0,0,2026-04-22
ACC-3221,2022-09-17,Starter,Retail,2,21.57,12,4,17.0,14.0,0,2025-08-15
ACC-3222,2022-07-09,Starter,Public sector,1,11.27,32,1,30.0,-19.0,0,2025-03-26
ACC-3223,2021-08-18,Enterprise,Healthcare,149,4541.27,24,1,25.0,15.0,0,2025-09-16
ACC-3224,2022-12-19,Starter,Manufacturing,1,13.08,47,0,19.0,83.0,0,2025-12-23
ACC-3225,2023-05-24,Scale,Public sector,51,1080.2,32,3,22.0,-31.0,0,2025-11-19
ACC-3226,2024-11-01,Growth,Retail,9,173.37,14,5,19.0,-19.0,1,2025-12-25
ACC-3227,2022-11-21,Growth,Healthcare,13,236.01,22,0,17.0,-0.0,0,2025-08-30
ACC-3228,2023-04-30,Enterprise,Manufacturing,189,6825.02,4,6,20.0,45.0,1,2025-04-02
ACC-3229,2021-09-11,Starter,Retail,3,46.66,16,3,21.0,57.0,0,2025-11-15
ACC-3230,2022-06-21,Scale,Finance,49,1134.77,9,2,11.0,26.0,1,2025-08-12
ACC-3231,2024-04-11,Growth,Healthcare,11,204.99,15,2,8.0,65.0,0,2025-11-09
ACC-3232,2022-07-20,Scale,Public sector,49,1217.39,19,6,9.0,40.0,0,2025-03-24
ACC-3233,2022-09-22,Starter,Finance,2,23.86,18,5,10.0,14.0,1,2025-10-22
ACC-3234,2022-06-02,Scale,Retail,34,837.47,38,3,29.0,24.0,0,2026-02-04
ACC-3235,2024-05-23,Starter,Retail,4,41.2,17,3,6.0,51.0,1,2025-06-23
ACC-3236,2024-07-24,Starter,Education,2,21.79,37,4,23.0,46.0,0,2025-11-19
ACC-3237,2021-05-16,Starter,Education,2,24.43,6,2,7.0,31.0,1,2026-02-11
ACC-3238,2023-01-14,Starter,Healthcare,1,10.27,24,7,29.0,31.0,0,2025-08-06
ACC-3239,2023-12-26,Growth,Retail,8,172.61,28,3,5.0,14.0,1,2026-05-07
ACC-3240,2022-03-22,Starter,Finance,1,10.85,11,5,22.0,64.0,1,2025-04-24
ACC-3241,2021-07-20,Scale,Finance,51,1423.14,14,3,23.0,19.0,0,2025-07-15
ACC-3242,2024-03-24,Growth,Finance,10,211.45,31,1,21.0,32.0,0,2026-02-05
ACC-3243,2023-01-26,Growth,Education,14,248.7,37,2,5.0,52.0,0,2025-01-28
ACC-3244,2022-01-01,Enterprise,Public sector,190,5591.26,19,6,12.0,23.0,0,2026-02-12
ACC-3245,2024-12-29,Growth,Manufacturing,16,259.21,19,3,11.0,6.0,1,2026-01-05
ACC-3246,2021-01-26,Growth,Retail,11,201.58,9,3,21.0,-6.0,0,2025-03-16
ACC-3247,2024-08-20,Starter,Public sector,6,70.35,18,4,20.0,37.0,1,2025-08-25
ACC-3248,2024-06-17,Starter,Healthcare,3,36.29,37,0,25.0,-3.0,0,2025-08-31
ACC-3249,2023-09-29,Growth,Finance,11,167.81,36,0,30.0,28.0,0,2025-02-21
ACC-3250,2021-08-25,Scale,Public sector,41,1053.2,37,1,26.0,-33.0,0,2025-01-25
ACC-3251,2022-02-23,Starter,Healthcare,3,38.53,9,6,26.0,15.0,0,2025-10-07
ACC-3252,2024-09-02,Starter,Manufacturing,2,30.95,6,5,9.0,32.0,0,2026-04-20
ACC-3253,2022-03-02,Growth,Manufacturing,8,127.58,11,4,13.0,54.0,0,2025-03-08
ACC-3254,2021-06-06,Enterprise,Healthcare,169,5506.49,10,4,24.0,32.0,0,2025-11-20
ACC-3255,2024-02-08,Growth,Finance,15,266.81,7,2,23.0,4.0,1,2026-05-08
ACC-3256,2022-05-18,Growth,Finance,8,143.33,24,6,15.0,49.0,0,2025-11-13
ACC-3257,2024-10-22,Scale,Healthcare,45,1199.84,12,4,5.0,40.0,1,2026-04-16
ACC-3258,2023-08-13,Growth,Manufacturing,13,215.58,21,8,11.0,20.0,0,2026-01-14
ACC-3259,2022-11-08,Scale,Finance,42,1076.62,44,1,4.0,35.0,0,2025-09-01
ACC-3260,2021-03-18,Starter,Education,5,43.47,10,4,23.0,39.0,1,2025-01-17
ACC-3261,2021-01-27,Scale,Healthcare,46,1151.57,33,4,17.0,15.0,0,2025-02-07
ACC-3262,2022-08-06,Growth,Education,11,169.38,15,4,5.0,38.0,1,2025-04-17
ACC-3263,2024-10-09,Starter,Healthcare,1,10.0,8,6,5.0,28.0,1,2026-05-10
ACC-3264,2021-08-23,Starter,Finance,3,36.0,3,7,7.0,15.0,1,2025-06-22
ACC-3265,2021-04-25,Starter,Public sector,2,23.23,7,3,20.0,40.0,1,2025-11-06
ACC-3266,2023-07-16,Growth,Healthcare,12,228.56,42,5,24.0,51.0,0,2025-12-18
ACC-3267,2023-04-07,Scale,Public sector,48,1117.43,26,0,20.0,77.0,0,2025-03-25
ACC-3268,2021-06-13,Starter,Public sector,1,12.04,1,10,3.0,39.0,1,2025-04-18
ACC-3269,2022-07-18,Growth,Education,17,342.5,15,2,15.0,28.0,0,2026-05-07
ACC-3270,2022-05-31,Starter,Manufacturing,7,97.17,26,7,24.0,20.0,1,2026-03-31
ACC-3271,2024-08-12,Starter,Manufacturing,2,22.86,17,3,17.0,44.0,0,2025-10-11
ACC-3272,2022-09-17,Scale,Manufacturing,36,881.5,31,1,23.0,17.0,0,2025-11-06
ACC-3273,2022-08-28,Scale,Finance,53,1340.09,38,2,24.0,31.0,1,2025-04-15
ACC-3274,2023-08-30,Growth,Retail,14,264.41,7,5,3.0,17.0,0,2025-11-09
ACC-3275,2021-09-20,Starter,Retail,2,25.43,40,4,22.0,2.0,0,2025-04-26
ACC-3276,2023-06-19,Growth,Public sector,19,420.61,21,4,23.0,35.0,0,2025-11-16
ACC-3277,2023-10-26,Enterprise,Finance,174,6169.78,33,5,27.0,52.0,1,2025-07-22
ACC-3278,2024-11-20,Starter,Healthcare,7,78.24,24,3,13.0,23.0,1,2025-10-14
ACC-3279,2023-07-24,Scale,Finance,37,955.54,36,3,13.0,-1.0,0,2025-01-14
ACC-3280,2024-05-24,Starter,Retail,3,43.06,19,2,13.0,25.0,0,2026-02-16
ACC-3281,2021-07-10,Scale,Public sector,49,1116.91,42,2,20.0,61.0,0,2025-03-05
ACC-3282,2023-04-16,Starter,Healthcare,2,26.53,17,7,21.0,25.0,0,2026-03-06
ACC-3283,2021-08-12,Starter,Education,2,25.63,19,4,19.0,56.0,0,2025-04-18
ACC-3284,2023-04-02,Growth,Education,12,240.16,16,3,14.0,25.0,1,2025-02-01
ACC-3285,2022-10-07,Enterprise,Public sector,173,5762.93,3,9,17.0,40.0,1,2026-01-26
ACC-3286,2025-01-14,Starter,Healthcare,4,46.39,28,3,21.0,48.0,0,2025-03-13
ACC-3287,2024-05-14,Starter,Finance,5,60.97,13,5,5.0,40.0,0,2026-03-06
ACC-3288,2021-06-17,Scale,Manufacturing,43,1009.43,17,3,23.0,20.0,0,2026-04-03
ACC-3289,2024-08-03,Growth,Education,7,142.24,8,5,15.0,9.0,0,2026-05-07
ACC-3290,2023-10-12,Starter,Finance,1,11.54,43,3,26.0,24.0,0,2025-08-27
ACC-3291,2023-05-20,Starter,Education,1,11.18,15,8,16.0,17.0,1,2025-03-16
ACC-3292,2021-03-03,Starter,Manufacturing,4,51.68,32,2,21.0,44.0,0,2026-03-14
ACC-3293,2024-09-11,Starter,Finance,1,12.13,20,5,5.0,45.0,0,2025-07-12
ACC-3294,2024-11-28,Starter,Education,4,44.58,35,3,23.0,53.0,0,2025-12-23
ACC-3295,2024-08-20,Growth,Healthcare,13,215.32,6,8,0.0,28.0,1,2026-01-13
ACC-3296,2023-01-27,Scale,Retail,50,1279.86,37,2,7.0,12.0,0,2025-06-14
ACC-3297,2022-09-13,Scale,Healthcare,44,1078.47,3,10,3.0,68.0,1,2026-05-11
ACC-3298,2023-07-30,Growth,Public sector,11,152.51,24,4,18.0,37.0,0,2026-02-03
ACC-3299,2022-10-10,Scale,Healthcare,47,1273.04,33,1,27.0,49.0,0,2026-03-28
ACC-3300,2024-05-23,Starter,Manufacturing,1,12.01,10,7,15.0,41.0,0,2025-09-06
ACC-3301,2024-08-20,Growth,Public sector,9,174.49,19,8,8.0,-1.0,0,2026-02-18
ACC-3302,2021-03-01,Starter,Education,5,58.8,10,11,0.0,50.0,0,2025-07-08
ACC-3303,2021-01-30,Starter,Retail,6,56.36,17,8,14.0,-3.0,0,2025-02-26
ACC-3304,2023-12-30,Starter,Education,3,41.98,47,2,16.0,-5.0,0,2025-11-20
ACC-3305,2024-01-12,Scale,Finance,36,761.66,37,3,16.0,8.0,0,2025-10-19
ACC-3306,2021-09-19,Growth,Manufacturing,11,185.09,18,9,0.0,18.0,1,2025-07-14
ACC-3307,2024-11-28,Starter,Manufacturing,6,90.42,19,6,4.0,27.0,0,2025-08-14
ACC-3308,2022-07-20,Growth,Retail,9,158.64,28,2,14.0,40.0,0,2025-03-26
ACC-3309,2021-09-23,Starter,Public sector,6,49.96,39,1,18.0,53.0,0,2025-02-26
ACC-3310,2022-10-03,Scale,Manufacturing,55,1477.43,43,1,19.0,-1.0,0,2026-02-27
ACC-3311,2023-01-22,Growth,Healthcare,15,231.4,35,2,29.0,10.0,0,2025-05-10
ACC-3312,2024-03-24,Enterprise,Retail,199,5613.23,17,0,30.0,57.0,0,2025-04-27
ACC-3313,2022-08-11,Growth,Education,11,200.17,3,6,20.0,43.0,0,2025-10-18
ACC-3314,2024-06-01,Growth,Retail,9,154.71,14,6,20.0,39.0,0,2026-02-13
ACC-3315,2024-09-16,Starter,Finance,2,20.54,27,1,24.0,22.0,0,2025-07-05
ACC-3316,2021-09-28,Starter,Healthcare,2,23.96,32,1,14.0,41.0,0,2026-02-01
ACC-3317,2024-10-27,Starter,Healthcare,3,39.1,25,3,23.0,22.0,1,2025-02-06
ACC-3318,2021-12-02,Growth,Manufacturing,5,106.99,22,2,20.0,33.0,0,2025-04-19
ACC-3319,2021-02-13,Growth,Manufacturing,15,264.28,7,3,29.0,-25.0,0,2025-09-14
ACC-3320,2021-06-28,Growth,Public sector,10,167.02,42,2,24.0,23.0,0,2025-12-20
ACC-3321,2022-12-03,Growth,Manufacturing,11,196.3,35,5,8.0,27.0,0,2025-02-15
ACC-3322,2021-06-27,Starter,Retail,5,69.0,33,4,14.0,-2.0,0,2025-09-12
ACC-3323,2024-01-12,Growth,Manufacturing,8,141.24,28,4,20.0,7.0,0,2025-11-04
ACC-3324,2021-11-28,Starter,Retail,2,29.4,15,3,16.0,37.0,0,2026-03-14
ACC-3325,2023-02-11,Growth,Healthcare,15,314.9,38,6,14.0,33.0,0,2026-04-25
ACC-3326,2023-06-16,Starter,Manufacturing,2,19.0,35,1,30.0,29.0,0,2026-01-17
ACC-3327,2025-02-07,Starter,Finance,1,10.51,36,2,14.0,18.0,0,2026-04-23
ACC-3328,2022-12-29,Scale,Education,42,1174.28,44,3,29.0,67.0,1,2025-08-02
ACC-3329,2021-12-28,Growth,Education,8,144.2,17,11,6.0,28.0,0,2026-03-05
ACC-3330,2021-05-15,Starter,Retail,2,20.15,9,5,12.0,14.0,0,2026-05-10
ACC-3331,2022-07-10,Growth,Finance,11,206.79,1,6,14.0,32.0,0,2025-12-08
ACC-3332,2021-02-10,Enterprise,Education,182,5381.51,43,0,18.0,24.0,0,2025-05-05
ACC-3333,2022-04-13,Starter,Public sector,3,33.46,9,10,3.0,19.0,1,2026-02-03
ACC-3334,2022-03-17,Enterprise,Finance,160,4431.36,17,6,7.0,22.0,0,2026-05-05
ACC-3335,2023-10-17,Growth,Healthcare,9,139.5,38,4,9.0,-7.0,0,2026-04-02
ACC-3336,2025-01-14,Enterprise,Retail,187,5707.07,27,4,14.0,-7.0,1,2025-10-29
ACC-3337,2025-01-07,Growth,Healthcare,7,98.64,1,7,15.0,42.0,1,2025-12-02
ACC-3338,2024-12-27,Growth,Manufacturing,13,211.85,37,0,12.0,31.0,0,2025-10-13
ACC-3339,2023-11-22,Starter,Finance,3,37.1,41,1,19.0,4.0,1,2026-04-02
ACC-3340,2024-05-14,Enterprise,Education,191,4821.55,21,4,22.0,-4.0,0,2025-06-04
ACC-3341,2024-03-10,Scale,Healthcare,35,981.14,42,4,12.0,25.0,0,2025-07-01
ACC-3342,2023-04-01,Starter,Healthcare,1,12.72,3,5,21.0,41.0,1,2025-08-25
ACC-3343,2023-12-21,Growth,Public sector,11,230.29,4,3,23.0,50.0,1,2025-04-04
ACC-3344,2022-10-22,Starter,Finance,4,48.03,9,4,15.0,43.0,1,2025-03-18
ACC-3345,2024-08-29,Scale,Public sector,51,1475.63,18,4,14.0,43.0,1,2025-12-24
ACC-3346,2023-04-18,Growth,Finance,13,216.43,44,1,16.0,42.0,0,2025-12-20
ACC-3347,2022-12-08,Growth,Public sector,9,131.61,29,3,23.0,28.0,1,2025-05-09
ACC-3348,2022-03-15,Starter,Manufacturing,2,24.26,47,0,22.0,29.0,0,2025-03-02
ACC-3349,2021-12-18,Scale,Retail,52,1219.31,2,12,11.0,5.0,1,2025-06-18
ACC-3350,2022-07-21,Scale,Healthcare,43,1089.83,42,1,19.0,60.0,0,2025-12-29
ACC-3351,2023-08-06,Scale,Public sector,47,1266.81,42,1,16.0,22.0,0,2025-07-13
ACC-3352,2023-09-15,Scale,Education,54,1280.68,9,6,13.0,34.0,1,2025-04-09
ACC-3353,2022-06-11,Scale,Retail,36,866.04,11,3,16.0,26.0,0,2026-02-05
ACC-3354,2021-05-29,Growth,Retail,12,218.17,32,3,20.0,52.0,0,2025-12-11
ACC-3355,2024-03-12,Starter,Public sector,4,55.49,8,10,11.0,-5.0,0,2025-09-13
ACC-3356,2021-09-13,Enterprise,Education,174,4627.64,37,1,11.0,24.0,1,2026-04-09
ACC-3357,2024-05-10,Starter,Education,1,11.48,29,2,22.0,41.0,0,2026-02-14
ACC-3358,2022-03-17,Starter,Healthcare,3,38.6,41,1,22.0,26.0,0,2025-03-07
ACC-3359,2024-04-29,Starter,Healthcare,3,32.29,27,2,23.0,41.0,0,2025-09-06
ACC-3360,2022-04-26,Scale,Healthcare,54,1335.1,8,8,19.0,24.0,1,2025-04-26
ACC-3361,2024-05-16,Starter,Finance,1,12.1,37,2,25.0,17.0,0,2025-07-23
ACC-3362,2023-12-26,Growth,Education,13,238.49,6,2,19.0,37.0,1,2025-01-26
ACC-3363,2021-05-04,Scale,Finance,49,917.03,22,8,19.0,57.0,0,2025-12-21
ACC-3364,2025-01-31,Starter,Retail,3,35.9,43,1,31.0,37.0,0,2025-03-24
ACC-3365,2024-09-17,Growth,Public sector,16,216.8,33,2,30.0,28.0,0,2025-05-02
ACC-3366,2023-05-30,Scale,Manufacturing,48,1077.62,23,6,13.0,48.0,1,2025-07-05
ACC-3367,2023-08-23,Starter,Education,2,22.64,4,5,22.0,56.0,0,2025-11-26
ACC-3368,2021-02-21,Enterprise,Finance,206,5216.47,13,5,10.0,3.0,0,2025-08-27
ACC-3369,2021-12-14,Starter,Manufacturing,4,55.95,24,4,21.0,34.0,0,2025-04-03
ACC-3370,2024-03-18,Scale,Finance,47,1069.25,21,3,30.0,49.0,0,2025-07-20
ACC-3371,2024-11-16,Starter,Finance,4,64.74,11,4,17.0,74.0,1,2025-05-03
ACC-3372,2023-07-30,Starter,Retail,2,26.82,15,8,14.0,61.0,1,2025-05-11
ACC-3373,2022-01-28,Scale,Manufacturing,40,1035.33,38,4,9.0,38.0,1,2025-12-10
ACC-3374,2021-10-03,Growth,Public sector,17,361.45,7,5,12.0,14.0,0,2025-05-27
ACC-3375,2023-06-04,Growth,Finance,12,196.37,16,3,16.0,40.0,0,2026-03-04
ACC-3376,2023-11-16,Starter,Education,1,11.81,37,0,28.0,-25.0,0,2026-02-14
ACC-3377,2021-11-21,Starter,Public sector,5,69.39,43,2,31.0,70.0,0,2025-07-02
ACC-3378,2022-09-13,Starter,Retail,5,54.53,45,0,28.0,41.0,0,2025-02-06
ACC-3379,2021-07-07,Starter,Healthcare,6,66.0,6,7,15.0,49.0,0,2025-01-20
ACC-3380,2023-11-25,Starter,Healthcare,2,21.75,41,3,8.0,46.0,0,2025-12-19
ACC-3381,2021-07-31,Growth,Manufacturing,9,183.89,45,1,34.0,10.0,0,2026-04-26
ACC-3382,2024-05-03,Scale,Finance,50,1204.67,28,3,24.0,42.0,0,2025-06-27
ACC-3383,2021-11-24,Growth,Education,10,184.25,33,3,20.0,18.0,1,2025-07-26
ACC-3384,2021-07-14,Starter,Education,1,14.21,20,2,27.0,49.0,0,2025-04-26
ACC-3385,2022-03-29,Growth,Healthcare,10,189.35,3,3,18.0,13.0,1,2025-09-04
ACC-3386,2023-10-25,Growth,Finance,18,376.2,47,4,7.0,-1.0,1,2025-03-19
ACC-3387,2024-10-13,Scale,Education,51,1201.11,28,1,34.0,13.0,0,2025-02-19
ACC-3388,2024-08-11,Starter,Retail,2,24.65,28,4,17.0,47.0,0,2025-12-07
ACC-3389,2023-04-11,Starter,Manufacturing,1,11.13,18,6,9.0,54.0,0,2025-12-13
ACC-3390,2021-10-17,Starter,Manufacturing,1,11.37,14,5,13.0,36.0,0,2025-06-24
ACC-3391,2023-11-01,Starter,Finance,2,19.66,10,4,11.0,2.0,1,2025-08-21
ACC-3392,2023-01-23,Scale,Education,56,1269.06,20,4,24.0,28.0,0,2025-09-30
ACC-3393,2021-02-27,Starter,Finance,3,40.39,18,6,11.0,67.0,1,2025-05-23
ACC-3394,2023-08-08,Growth,Manufacturing,19,311.96,8,3,6.0,25.0,0,2025-09-21
ACC-3395,2021-03-14,Growth,Healthcare,10,187.46,22,6,21.0,34.0,0,2025-04-12
ACC-3396,2022-11-21,Growth,Manufacturing,12,207.39,41,0,35.0,57.0,0,2025-10-31
ACC-3397,2022-05-28,Growth,Retail,12,213.79,16,3,18.0,63.0,0,2025-01-10
ACC-3398,2023-11-20,Starter,Public sector,2,24.87,39,2,23.0,23.0,0,2025-12-13
ACC-3399,2023-12-28,Growth,Retail,11,258.81,32,2,17.0,32.0,0,2025-08-25
ACC-3400,2023-03-08,Starter,Manufacturing,3,35.51,22,3,30.0,15.0,0,2025-02-02
ACC-3401,2021-01-07,Growth,Manufacturing,5,98.37,41,0,35.0,35.0,0,2025-02-28
ACC-3402,2024-05-22,Starter,Retail,2,21.36,11,6,17.0,35.0,0,2026-02-18
ACC-3403,2022-11-30,Scale,Education,40,899.28,43,3,20.0,33.0,0,2026-01-17
ACC-3404,2024-12-01,Starter,Manufacturing,1,9.29,21,1,27.0,38.0,0,2025-04-12
ACC-3405,2021-03-18,Scale,Retail,38,978.57,25,4,22.0,8.0,0,2026-03-09
ACC-3406,2024-03-21,Scale,Education,33,753.1,41,2,17.0,26.0,0,2025-01-26
ACC-3407,2021-11-22,Growth,Finance,12,223.7,24,4,19.0,62.0,0,2026-04-24
ACC-3408,2021-10-28,Starter,Finance,3,35.87,35,2,21.0,36.0,1,2025-02-18
ACC-3409,2024-04-04,Growth,Retail,15,256.88,34,3,13.0,32.0,1,2026-03-05
ACC-3410,2021-11-25,Growth,Healthcare,7,118.94,26,4,18.0,7.0,1,2025-11-02
ACC-3411,2022-10-18,Starter,Public sector,3,41.58,37,4,16.0,12.0,0,2025-08-07
ACC-3412,2022-03-25,Growth,Public sector,12,206.52,32,2,21.0,29.0,0,2025-09-02
ACC-3413,2021-06-15,Starter,Finance,2,31.88,8,2,24.0,53.0,0,2026-04-21
ACC-3414,2021-05-27,Enterprise,Education,158,6560.43,28,6,15.0,46.0,1,2025-07-02
ACC-3415,2021-05-07,Enterprise,Finance,178,5171.59,5,4,23.0,47.0,0,2025-12-25
ACC-3416,2023-03-15,Growth,Finance,14,262.94,46,3,19.0,43.0,0,2025-04-07
ACC-3417,2023-12-26,Growth,Healthcare,12,203.3,2,2,26.0,88.0,0,2026-02-26
ACC-3418,2021-04-05,Growth,Finance,12,175.39,6,3,11.0,23.0,1,2025-12-19
ACC-3419,2023-06-24,Starter,Manufacturing,4,43.64,28,2,18.0,36.0,0,2025-03-18
ACC-3420,2022-10-05,Growth,Education,13,236.74,45,2,13.0,50.0,0,2026-03-03
ACC-3421,2022-12-26,Scale,Retail,44,1155.2,24,2,26.0,-11.0,0,2025-08-18
ACC-3422,2022-05-03,Growth,Manufacturing,12,215.14,34,4,9.0,44.0,0,2026-04-15
ACC-3423,2021-10-28,Starter,Retail,5,64.72,10,4,27.0,41.0,0,2025-03-28
ACC-3424,2023-11-06,Starter,Finance,2,26.6,29,2,20.0,37.0,0,2025-07-25
ACC-3425,2024-03-19,Starter,Retail,3,33.62,6,4,20.0,29.0,0,2026-02-04
ACC-3426,2023-01-25,Growth,Public sector,13,223.03,42,2,22.0,-13.0,0,2025-01-09
ACC-3427,2021-08-31,Scale,Manufacturing,36,860.72,20,2,19.0,21.0,0,2026-01-10
ACC-3428,2022-12-21,Growth,Education,14,241.05,1,3,6.0,20.0,0,2025-10-29
ACC-3429,2024-02-18,Growth,Manufacturing,11,206.85,26,1,18.0,24.0,0,2025-03-18
ACC-3430,2022-07-16,Growth,Public sector,15,277.66,17,3,23.0,-51.0,0,2025-08-06
ACC-3431,2022-04-02,Enterprise,Education,188,5681.81,33,3,16.0,1.0,0,2026-02-20
ACC-3432,2021-02-25,Scale,Finance,49,1355.09,19,5,17.0,27.0,0,2026-04-27
ACC-3433,2023-07-03,Scale,Healthcare,48,1116.18,40,5,10.0,6.0,1,2026-01-18
ACC-3434,2023-05-02,Scale,Public sector,44,979.96,18,2,23.0,9.0,0,2025-03-10
ACC-3435,2023-04-23,Starter,Healthcare,2,18.78,30,6,7.0,37.0,0,2025-07-14
ACC-3436,2022-11-04,Growth,Manufacturing,7,108.7,16,6,16.0,14.0,1,2026-04-16
ACC-3437,2024-01-14,Starter,Healthcare,4,42.43,12,4,13.0,-4.0,1,2025-08-17
ACC-3438,2025-01-09,Growth,Manufacturing,7,136.92,46,4,18.0,12.0,0,2026-04-12
ACC-3439,2022-08-16,Scale,Finance,50,1326.81,22,2,25.0,44.0,0,2026-03-22
ACC-3440,2023-02-19,Starter,Manufacturing,2,28.79,29,4,17.0,57.0,1,2025-03-09
ACC-3441,2022-12-23,Growth,Retail,12,230.13,14,6,18.0,26.0,0,2025-01-24
ACC-3442,2022-05-19,Scale,Finance,42,1031.3,29,2,22.0,44.0,1,2026-03-14
ACC-3443,2024-02-16,Enterprise,Public sector,175,5209.69,21,2,17.0,16.0,1,2025-03-05
ACC-3444,2022-01-08,Scale,Manufacturing,55,1405.82,18,7,1.0,12.0,1,2025-01-01
ACC-3445,2023-06-30,Starter,Manufacturing,4,46.64,4,9,10.0,75.0,1,2025-08-13
ACC-3446,2024-04-03,Starter,Healthcare,3,37.79,15,5,29.0,50.0,1,2026-03-20
ACC-3447,2021-08-23,Growth,Healthcare,17,314.99,9,4,19.0,17.0,1,2025-04-15
ACC-3448,2022-11-11,Starter,Manufacturing,4,44.51,35,0,18.0,-1.0,0,2025-09-13
ACC-3449,2022-01-26,Enterprise,Finance,200,6079.61,31,3,16.0,42.0,0,2026-01-23
ACC-3450,2022-11-12,Growth,Manufacturing,20,388.42,43,0,39.0,56.0,0,2026-05-14
ACC-3451,2022-01-25,Starter,Finance,6,71.18,47,3,25.0,4.0,0,2025-03-24
ACC-3452,2022-06-30,Starter,Manufacturing,3,36.99,44,0,24.0,14.0,0,2025-06-27
ACC-3453,2023-01-17,Growth,Public sector,11,195.01,43,1,13.0,49.0,0,2025-10-23
ACC-3454,2023-03-01,Starter,Healthcare,4,51.16,7,4,22.0,38.0,0,2025-01-27
ACC-3455,2023-05-05,Starter,Finance,3,32.27,17,2,18.0,2.0,1,2025-06-04
ACC-3456,2022-02-23,Enterprise,Retail,185,5895.93,4,4,31.0,11.0,1,2025-03-07
ACC-3457,2022-06-03,Starter,Public sector,1,11.58,11,4,13.0,49.0,0,2025-05-02
ACC-3458,2023-08-29,Scale,Finance,38,965.45,39,3,21.0,52.0,0,2026-05-08
ACC-3459,2022-03-21,Growth,Education,10,181.21,24,4,17.0,30.0,0,2025-01-08
ACC-3460,2024-01-22,Scale,Retail,38,835.59,41,0,32.0,42.0,0,2025-12-23
ACC-3461,2023-11-09,Growth,Public sector,14,274.95,35,4,21.0,21.0,1,2026-01-11
ACC-3462,2023-05-18,Starter,Public sector,6,73.75,44,2,28.0,63.0,0,2025-03-05
ACC-3463,2024-12-08,Starter,Education,4,54.09,10,4,23.0,46.0,0,2025-12-23
ACC-3464,2023-07-23,Growth,Finance,10,142.06,18,7,17.0,-6.0,0,2025-04-30
ACC-3465,2023-07-26,Growth,Public sector,16,293.34,5,5,21.0,8.0,0,2025-12-06
ACC-3466,2021-07-20,Growth,Retail,10,202.81,37,2,22.0,-37.0,0,2025-10-10
ACC-3467,2023-06-06,Starter,Finance,1,13.79,25,7,24.0,64.0,0,2025-07-13
ACC-3468,2022-09-05,Scale,Manufacturing,42,1188.75,37,3,18.0,44.0,0,2025-02-07
ACC-3469,2022-09-13,Starter,Education,2,27.36,43,2,12.0,27.0,0,2025-01-31
ACC-3470,2024-03-22,Growth,Manufacturing,12,231.5,17,7,20.0,40.0,0,2025-10-25
ACC-3471,2021-11-17,Growth,Public sector,16,287.43,15,8,0.0,33.0,1,2025-06-25
ACC-3472,2022-12-03,Scale,Finance,53,1401.4,25,3,7.0,-23.0,1,2025-03-25
ACC-3473,2021-06-18,Growth,Public sector,16,276.41,19,6,25.0,27.0,0,2025-05-13
ACC-3474,2021-10-17,Starter,Manufacturing,2,26.81,6,1,19.0,4.0,0,2026-05-15
ACC-3475,2023-02-04,Growth,Public sector,15,266.64,23,3,11.0,15.0,1,2025-02-09
ACC-3476,2023-09-17,Starter,Finance,1,12.96,19,1,21.0,4.0,0,2025-10-07
ACC-3477,2024-03-24,Growth,Public sector,7,103.46,5,6,9.0,37.0,0,2025-04-08
ACC-3478,2024-07-28,Growth,Finance,10,150.38,17,3,13.0,76.0,0,2025-08-24
ACC-3479,2021-09-27,Growth,Healthcare,11,204.29,28,4,14.0,1.0,0,2026-05-07
ACC-3480,2023-03-10,Scale,Retail,58,1427.05,36,3,11.0,51.0,0,2025-06-04
ACC-3481,2023-03-03,Scale,Public sector,25,505.88,22,5,19.0,46.0,1,2025-11-28
ACC-3482,2024-12-16,Starter,Retail,5,67.43,9,1,16.0,21.0,0,2025-04-08
ACC-3483,2022-01-08,Starter,Public sector,5,47.21,18,5,20.0,41.0,1,2025-06-08
ACC-3484,2023-08-15,Growth,Manufacturing,10,149.41,46,2,17.0,56.0,0,2025-04-18
ACC-3485,2022-01-12,Starter,Retail,2,18.3,18,5,27.0,49.0,0,2025-08-20
ACC-3486,2022-10-25,Growth,Finance,11,191.27,18,9,18.0,21.0,1,2025-09-03
ACC-3487,2023-05-26,Starter,Finance,4,44.13,7,6,16.0,57.0,1,2025-08-01
ACC-3488,2021-05-09,Starter,Healthcare,3,43.81,8,4,14.0,17.0,1,2025-06-19
ACC-3489,2024-10-21,Starter,Healthcare,1,9.57,8,5,21.0,61.0,1,2025-02-20
ACC-3490,2021-12-14,Starter,Manufacturing,3,40.69,30,2,19.0,31.0,0,2025-11-09
ACC-3491,2022-05-03,Growth,Manufacturing,10,167.23,30,3,18.0,21.0,0,2025-02-19
ACC-3492,2024-04-27,Enterprise,Public sector,192,5998.75,44,3,23.0,25.0,0,2025-02-18
ACC-3493,2023-04-30,Scale,Retail,35,784.34,34,5,23.0,16.0,0,2025-10-11
ACC-3494,2022-09-03,Starter,Education,3,34.97,6,6,6.0,54.0,1,2026-02-27
ACC-3495,2024-11-07,Starter,Finance,4,42.01,39,3,21.0,58.0,0,2025-10-24
ACC-3496,2023-10-10,Starter,Finance,1,12.16,34,3,3.0,35.0,0,2025-11-06
ACC-3497,2022-08-25,Scale,Healthcare,58,1483.76,17,2,20.0,33.0,0,2025-01-22
ACC-3498,2024-09-19,Starter,Manufacturing,3,33.51,29,3,20.0,43.0,0,2025-07-08
ACC-3499,2023-06-27,Enterprise,Public sector,180,6156.41,2,3,18.0,39.0,0,2025-01-19
ACC-3500,2023-07-08,Enterprise,Public sector,189,5116.68,29,2,17.0,5.0,0,2025-12-13
ACC-3501,2023-07-25,Growth,Healthcare,13,284.03,17,9,14.0,33.0,1,2025-11-21
ACC-3502,2022-05-06,Starter,Healthcare,1,13.53,14,5,14.0,7.0,0,2025-02-02
ACC-3503,2023-09-26,Starter,Finance,3,36.28,47,3,18.0,-6.0,0,2026-03-27
ACC-3504,2023-05-14,Scale,Retail,36,822.41,34,1,25.0,35.0,0,2025-11-04
ACC-3505,2022-04-10,Scale,Healthcare,41,862.17,35,0,28.0,53.0,0,2025-11-18
ACC-3506,2023-08-24,Scale,Public sector,39,969.15,41,1,15.0,41.0,0,2025-01-18
ACC-3507,2024-04-08,Enterprise,Education,204,5843.01,19,4,20.0,52.0,1,2025-08-27
ACC-3508,2023-01-20,Starter,Retail,3,30.51,21,3,17.0,51.0,0,2025-12-02
ACC-3509,2024-10-18,Starter,Manufacturing,3,31.07,22,5,16.0,30.0,1,2025-06-18
ACC-3510,2023-10-28,Growth,Education,3,52.28,23,2,20.0,46.0,0,2025-10-31
ACC-3511,2022-04-17,Starter,Manufacturing,4,47.53,18,9,12.0,27.0,1,2025-05-07
ACC-3512,2022-12-18,Scale,Retail,39,892.1,43,3,30.0,53.0,0,2025-03-10
ACC-3513,2021-04-28,Enterprise,Retail,189,6726.91,43,3,19.0,47.0,0,2025-02-09
ACC-3514,2022-04-13,Starter,Public sector,2,23.78,6,7,11.0,62.0,1,2025-09-06
ACC-3515,2023-06-21,Growth,Finance,10,173.14,35,4,14.0,37.0,0,2025-12-28
ACC-3516,2023-10-18,Starter,Manufacturing,3,41.02,13,4,14.0,65.0,1,2026-02-06
ACC-3517,2021-02-28,Scale,Manufacturing,31,881.17,36,1,27.0,10.0,0,2025-02-28
ACC-3518,2023-08-16,Starter,Finance,2,31.1,5,7,32.0,2.0,1,2025-02-24
ACC-3519,2024-06-21,Starter,Retail,3,34.24,5,5,14.0,30.0,0,2025-10-17
ACC-3520,2021-04-27,Starter,Healthcare,9,112.63,33,2,18.0,71.0,0,2025-11-11
ACC-3521,2023-09-07,Starter,Retail,3,42.59,39,1,24.0,38.0,0,2025-12-07
ACC-3522,2021-02-18,Starter,Education,1,14.58,15,4,12.0,52.0,0,2025-12-11
ACC-3523,2022-06-16,Starter,Public sector,1,10.74,40,4,23.0,28.0,0,2026-02-04
ACC-3524,2024-10-04,Growth,Manufacturing,15,215.66,37,3,18.0,15.0,0,2025-09-20
ACC-3525,2023-04-10,Starter,Education,1,11.34,18,5,18.0,17.0,0,2025-12-27
ACC-3526,2022-03-11,Starter,Healthcare,3,39.04,25,3,17.0,36.0,0,2025-02-22
ACC-3527,2022-10-23,Starter,Finance,2,24.13,37,2,25.0,15.0,0,2025-11-11
ACC-3528,2023-05-18,Growth,Retail,15,287.57,15,1,23.0,40.0,0,2025-10-17
ACC-3529,2021-07-25,Starter,Finance,5,71.13,46,5,12.0,34.0,0,2025-09-03
ACC-3530,2022-11-21,Starter,Education,2,28.23,11,4,22.0,-28.0,1,2025-05-03
ACC-3531,2022-03-02,Growth,Retail,15,279.78,42,2,21.0,16.0,1,2025-06-13
ACC-3532,2021-05-11,Scale,Public sector,59,1670.01,24,1,23.0,1.0,0,2025-12-10
ACC-3533,2023-12-30,Growth,Finance,12,181.28,27,1,24.0,22.0,0,2025-04-29
ACC-3534,2023-02-10,Growth,Healthcare,10,168.1,19,7,10.0,9.0,1,2025-11-25
ACC-3535,2024-01-11,Scale,Healthcare,46,1047.24,22,4,17.0,36.0,0,2025-08-30
ACC-3536,2022-01-27,Scale,Education,53,930.41,35,7,8.0,65.0,1,2025-03-31
ACC-3537,2023-11-23,Scale,Healthcare,45,998.57,40,2,19.0,30.0,0,2026-03-06
ACC-3538,2024-11-08,Starter,Public sector,2,23.75,9,3,3.0,47.0,0,2025-06-15
ACC-3539,2021-05-14,Growth,Education,11,176.36,38,3,17.0,40.0,0,2025-08-23
ACC-3540,2021-07-29,Scale,Manufacturing,31,795.33,23,7,11.0,36.0,0,2025-10-20
ACC-3541,2022-12-04,Growth,Manufacturing,13,221.14,28,2,16.0,45.0,0,2025-09-04
ACC-3542,2024-12-05,Scale,Finance,56,1325.91,13,6,14.0,-5.0,1,2026-03-09
ACC-3543,2022-07-22,Enterprise,Manufacturing,179,4968.57,44,1,19.0,70.0,0,2025-03-06
ACC-3544,2025-02-03,Growth,Manufacturing,16,318.53,47,0,27.0,73.0,0,2025-11-22
ACC-3545,2024-05-09,Starter,Education,5,56.64,18,1,15.0,30.0,0,2025-02-04
ACC-3546,2023-10-08,Scale,Public sector,49,1182.99,36,4,24.0,25.0,0,2025-05-31
ACC-3547,2024-06-10,Starter,Manufacturing,1,11.07,19,1,23.0,6.0,0,2025-03-06
ACC-3548,2023-09-26,Scale,Retail,53,1292.48,5,3,20.0,64.0,1,2025-12-30
ACC-3549,2023-04-27,Enterprise,Retail,192,5775.57,15,4,13.0,8.0,0,2025-08-06
ACC-3550,2023-04-15,Starter,Retail,2,26.49,6,8,2.0,-1.0,0,2025-04-25
ACC-3551,2024-01-03,Growth,Education,10,152.03,43,1,10.0,20.0,0,2025-02-28
ACC-3552,2023-03-14,Starter,Public sector,6,81.05,7,4,13.0,51.0,0,2025-07-25
ACC-3553,2022-05-14,Enterprise,Retail,193,6272.14,19,5,21.0,54.0,1,2025-07-18
ACC-3554,2022-06-27,Growth,Retail,9,168.5,42,2,23.0,6.0,0,2025-11-04
ACC-3555,2023-05-31,Starter,Public sector,4,53.04,20,2,27.0,51.0,1,2025-11-05
ACC-3556,2021-06-01,Scale,Manufacturing,45,1239.3,34,2,13.0,-15.0,1,2026-01-10
ACC-3557,2022-01-08,Starter,Manufacturing,3,39.64,29,2,10.0,32.0,0,2025-02-17
ACC-3558,2023-05-01,Starter,Retail,1,11.92,23,2,19.0,5.0,0,2025-02-28
ACC-3559,2022-05-21,Growth,Retail,12,230.43,41,1,18.0,64.0,0,2026-03-01
ACC-3560,2024-08-22,Enterprise,Public sector,173,4180.06,24,3,9.0,-13.0,1,2025-02-03
ACC-3561,2022-08-13,Scale,Healthcare,35,857.09,28,5,22.0,10.0,0,2025-03-28
ACC-3562,2024-07-18,Starter,Retail,1,10.77,2,3,9.0,39.0,0,2025-08-16
ACC-3563,2023-05-08,Growth,Healthcare,11,190.08,39,1,13.0,50.0,0,2025-10-11
ACC-3564,2023-02-22,Growth,Finance,9,168.51,32,4,15.0,33.0,0,2025-04-02
ACC-3565,2024-11-06,Starter,Public sector,3,31.54,27,2,30.0,41.0,0,2025-03-13
ACC-3566,2021-06-02,Growth,Retail,11,211.23,5,10,0.0,32.0,1,2025-12-23
ACC-3567,2022-09-08,Growth,Retail,10,153.88,30,6,19.0,17.0,0,2025-06-23
ACC-3568,2022-05-27,Starter,Public sector,4,45.88,35,2,35.0,25.0,0,2025-02-11
ACC-3569,2023-09-05,Starter,Public sector,2,25.76,40,2,19.0,68.0,0,2025-09-30
ACC-3570,2022-04-30,Growth,Education,13,278.33,26,5,8.0,36.0,0,2026-04-09
ACC-3571,2021-03-05,Starter,Public sector,1,11.03,13,4,24.0,64.0,0,2025-03-23
ACC-3572,2022-03-28,Scale,Manufacturing,38,811.67,47,3,33.0,55.0,1,2026-04-26
ACC-3573,2021-09-12,Starter,Retail,1,11.55,1,2,22.0,21.0,0,2025-11-30
ACC-3574,2021-06-14,Growth,Finance,17,252.33,6,6,16.0,39.0,1,2026-01-17
ACC-3575,2024-04-21,Starter,Finance,3,31.37,14,4,20.0,22.0,1,2026-05-07
ACC-3576,2022-12-30,Growth,Public sector,14,286.5,21,5,12.0,37.0,0,2025-08-01
ACC-3577,2022-07-30,Starter,Public sector,6,57.24,12,8,15.0,30.0,1,2025-11-04
ACC-3578,2023-07-14,Growth,Public sector,9,135.06,23,5,11.0,7.0,0,2026-03-31
ACC-3579,2024-10-27,Starter,Education,1,13.01,8,6,16.0,51.0,1,2025-12-15
ACC-3580,2023-07-17,Enterprise,Retail,188,7008.52,1,5,23.0,25.0,0,2025-02-01
ACC-3581,2023-06-10,Growth,Education,10,212.77,47,1,14.0,32.0,0,2025-12-04
ACC-3582,2023-07-21,Growth,Finance,10,139.94,26,7,35.0,-23.0,0,2025-02-03
ACC-3583,2021-07-24,Starter,Retail,5,48.29,46,2,17.0,36.0,0,2025-05-19
ACC-3584,2025-01-21,Starter,Finance,3,34.07,47,2,15.0,64.0,0,2025-01-11
ACC-3585,2022-10-27,Starter,Retail,4,47.51,21,3,17.0,2.0,0,2025-03-25
ACC-3586,2024-08-10,Scale,Public sector,44,1133.62,38,4,18.0,-3.0,0,2026-01-16
ACC-3587,2023-06-12,Starter,Healthcare,3,38.05,17,6,12.0,52.0,0,2026-02-16
ACC-3588,2021-03-29,Starter,Healthcare,1,11.78,3,11,2.0,8.0,1,2025-05-16
ACC-3589,2022-08-16,Growth,Education,16,258.47,33,2,23.0,4.0,1,2025-06-22
ACC-3590,2021-05-09,Scale,Finance,41,1105.89,6,8,4.0,27.0,1,2025-05-03
ACC-3591,2021-03-28,Starter,Public sector,1,12.26,31,3,11.0,48.0,0,2025-09-24
ACC-3592,2021-04-30,Growth,Retail,12,268.31,15,5,12.0,51.0,0,2025-03-28
ACC-3593,2021-12-26,Starter,Public sector,5,62.11,11,6,19.0,63.0,0,2025-09-02
ACC-3594,2023-04-08,Starter,Finance,5,68.93,23,6,13.0,30.0,0,2026-05-13
ACC-3595,2021-04-17,Starter,Healthcare,2,23.71,36,1,14.0,16.0,0,2025-02-03
ACC-3596,2022-08-18,Starter,Education,5,81.5,40,1,17.0,44.0,0,2025-10-23
ACC-3597,2021-07-17,Starter,Manufacturing,2,26.36,16,9,13.0,16.0,0,2025-01-24
ACC-3598,2023-01-25,Scale,Public sector,42,1170.34,14,7,11.0,56.0,0,2025-04-20
ACC-3599,2024-09-09,Starter,Healthcare,2,21.89,16,5,19.0,49.0,1,2026-03-15
ACC-3600,2022-11-24,Starter,Retail,7,89.41,22,1,14.0,22.0,1,2026-02-26
ACC-3601,2024-09-02,Starter,Public sector,5,60.65,4,5,0.0,32.0,1,2026-01-09
ACC-3602,2024-01-05,Enterprise,Finance,163,5571.56,17,4,23.0,-17.0,1,2025-04-14
ACC-3603,2024-10-11,Scale,Retail,33,848.66,35,1,15.0,43.0,0,2026-01-05
ACC-3604,2024-03-15,Starter,Retail,5,61.29,41,0,20.0,7.0,0,2025-10-21
ACC-3605,2022-10-31,Growth,Healthcare,13,233.61,29,2,33.0,-4.0,0,2025-12-20
ACC-3606,2021-04-14,Scale,Healthcare,50,1012.17,16,3,10.0,10.0,0,2025-12-03
ACC-3607,2023-06-10,Starter,Retail,4,50.26,39,5,15.0,24.0,0,2025-05-27
ACC-3608,2023-05-30,Growth,Education,11,201.87,24,1,22.0,36.0,1,2025-10-28
ACC-3609,2021-07-22,Growth,Manufacturing,14,275.01,8,8,6.0,28.0,1,2026-04-03
ACC-3610,2023-08-11,Starter,Public sector,2,20.53,40,1,30.0,68.0,0,2025-11-28
ACC-3611,2024-01-30,Starter,Finance,1,12.73,37,3,28.0,18.0,0,2026-03-14
ACC-3612,2022-11-26,Starter,Finance,2,25.91,21,2,14.0,26.0,0,2026-04-02
ACC-3613,2023-06-30,Enterprise,Public sector,195,6185.88,7,8,9.0,15.0,1,2025-01-16
ACC-3614,2023-03-27,Growth,Education,14,235.09,36,6,8.0,29.0,0,2026-03-04
ACC-3615,2022-09-04,Scale,Education,41,786.62,25,4,19.0,37.0,1,2025-09-14
ACC-3616,2023-06-26,Starter,Retail,3,39.12,30,3,15.0,13.0,0,2025-10-29
ACC-3617,2022-06-27,Growth,Retail,14,306.34,38,1,26.0,26.0,0,2025-02-19
ACC-3618,2021-03-14,Starter,Finance,4,53.74,37,1,12.0,26.0,0,2025-12-12
ACC-3619,2021-03-22,Growth,Retail,12,211.58,13,7,20.0,6.0,0,2026-03-18
ACC-3620,2024-11-24,Growth,Education,14,236.4,46,3,19.0,21.0,0,2026-03-13
ACC-3621,2021-06-24,Starter,Finance,1,11.26,13,8,19.0,-44.0,1,2025-05-31
ACC-3622,2022-07-07,Starter,Education,2,26.97,23,3,26.0,42.0,0,2026-05-02
ACC-3623,2025-02-03,Growth,Finance,16,255.95,33,4,14.0,37.0,0,2025-11-14
ACC-3624,2024-04-15,Growth,Public sector,12,223.45,23,3,19.0,78.0,0,2025-03-09
ACC-3625,2021-11-29,Growth,Retail,21,283.97,34,4,21.0,39.0,1,2025-01-01
ACC-3626,2023-05-03,Starter,Education,2,24.02,31,2,10.0,21.0,1,2025-07-28
ACC-3627,2021-08-02,Enterprise,Healthcare,167,5638.36,6,3,27.0,6.0,1,2026-01-09
ACC-3628,2024-02-07,Growth,Finance,10,144.08,15,1,16.0,18.0,1,2025-12-23
ACC-3629,2024-08-13,Starter,Manufacturing,2,26.6,10,3,21.0,9.0,1,2025-04-23
ACC-3630,2023-01-12,Starter,Healthcare,4,48.6,30,4,11.0,-1.0,0,2025-06-14
ACC-3631,2024-06-04,Scale,Retail,42,1040.02,42,2,25.0,66.0,0,2025-11-16
ACC-3632,2023-02-11,Enterprise,Healthcare,165,5463.32,38,2,7.0,37.0,0,2026-01-26
ACC-3633,2022-10-01,Scale,Retail,52,1422.2,46,1,24.0,18.0,0,2026-04-26
ACC-3634,2024-11-11,Starter,Retail,2,25.42,4,7,8.0,48.0,1,2026-03-16
ACC-3635,2023-03-01,Growth,Healthcare,11,183.74,29,6,16.0,29.0,0,2025-05-19
ACC-3636,2022-02-05,Starter,Public sector,1,10.63,47,0,26.0,61.0,0,2025-09-20
ACC-3637,2024-02-28,Growth,Retail,14,284.88,19,4,29.0,10.0,0,2025-04-05
ACC-3638,2022-11-01,Starter,Education,3,35.62,15,3,10.0,61.0,1,2025-05-25
ACC-3639,2025-01-28,Starter,Education,2,18.02,19,2,22.0,-21.0,0,2025-06-01
ACC-3640,2021-03-23,Growth,Retail,8,147.96,28,2,15.0,38.0,0,2026-01-29
ACC-3641,2023-04-05,Growth,Finance,13,196.58,32,0,23.0,38.0,0,2025-11-02
ACC-3642,2024-11-22,Starter,Healthcare,5,63.52,44,0,20.0,48.0,0,2025-03-01
ACC-3643,2023-01-16,Starter,Education,4,51.43,33,4,17.0,10.0,0,2026-05-13
ACC-3644,2024-11-01,Growth,Healthcare,13,263.55,47,3,20.0,73.0,0,2026-03-10
ACC-3645,2023-02-25,Starter,Public sector,1,9.26,42,1,15.0,75.0,0,2026-01-28
ACC-3646,2022-06-30,Scale,Retail,39,1044.23,42,1,8.0,-16.0,1,2025-04-18
ACC-3647,2024-07-30,Starter,Manufacturing,4,48.53,26,6,0.0,21.0,0,2025-01-02
ACC-3648,2021-03-21,Growth,Healthcare,13,249.07,19,6,18.0,70.0,0,2026-04-24
ACC-3649,2023-09-20,Growth,Public sector,17,310.07,4,9,21.0,78.0,1,2026-01-01
ACC-3650,2023-02-05,Growth,Healthcare,13,243.88,35,1,38.0,-14.0,0,2025-04-15
ACC-3651,2022-05-26,Growth,Public sector,9,150.86,18,3,26.0,8.0,0,2025-05-03
ACC-3652,2024-03-19,Growth,Education,13,253.81,28,4,9.0,10.0,0,2025-09-18
ACC-3653,2022-10-02,Starter,Finance,2,19.35,9,7,20.0,55.0,1,2025-01-25
ACC-3654,2024-02-13,Scale,Education,54,1222.59,41,4,22.0,64.0,0,2026-04-22
ACC-3655,2022-10-14,Starter,Manufacturing,3,30.8,32,3,22.0,25.0,0,2025-09-24
ACC-3656,2022-05-20,Starter,Retail,1,12.47,10,3,17.0,42.0,0,2025-08-23
ACC-3657,2021-02-10,Growth,Education,8,188.01,19,4,20.0,48.0,0,2025-11-14
ACC-3658,2022-01-26,Starter,Retail,5,51.3,15,4,7.0,34.0,1,2025-06-11
ACC-3659,2023-05-18,Growth,Education,7,131.18,15,8,5.0,14.0,1,2025-06-19
ACC-3660,2023-08-09,Starter,Finance,2,23.19,10,6,10.0,27.0,0,2025-08-13
ACC-3661,2024-04-16,Scale,Public sector,59,1456.74,3,10,3.0,-2.0,1,2026-03-19
ACC-3662,2022-02-05,Enterprise,Finance,155,5759.17,17,0,38.0,14.0,0,2025-05-18
ACC-3663,2024-03-06,Growth,Finance,15,226.72,37,6,20.0,16.0,0,2025-05-31
ACC-3664,2024-03-27,Scale,Finance,39,894.38,33,5,21.0,51.0,0,2025-12-04
ACC-3665,2021-07-12,Growth,Retail,9,198.06,23,6,16.0,70.0,0,2026-03-31
ACC-3666,2021-06-24,Starter,Education,2,21.72,41,0,25.0,12.0,0,2026-05-12
ACC-3667,2021-03-15,Enterprise,Education,179,6400.41,31,4,39.0,45.0,0,2025-08-25
ACC-3668,2022-12-24,Starter,Healthcare,3,30.55,33,2,28.0,4.0,0,2025-04-14
ACC-3669,2023-08-17,Starter,Public sector,4,54.52,46,1,23.0,-14.0,0,2025-12-04
ACC-3670,2023-06-07,Scale,Education,49,1222.5,4,1,34.0,23.0,0,2025-03-24
ACC-3671,2022-04-23,Growth,Public sector,13,249.03,21,6,2.0,66.0,0,2025-08-30
ACC-3672,2022-09-30,Growth,Finance,13,287.81,38,6,23.0,25.0,0,2025-01-09
ACC-3673,2021-10-09,Growth,Retail,7,138.51,26,3,15.0,67.0,0,2025-10-15
ACC-3674,2023-05-09,Starter,Finance,2,25.48,34,1,1.0,8.0,0,2025-11-26
ACC-3675,2024-05-23,Starter,Retail,6,58.04,31,1,14.0,72.0,0,2025-05-22
ACC-3676,2022-06-17,Scale,Public sector,38,927.62,36,0,11.0,41.0,0,2025-08-30
ACC-3677,2021-10-13,Starter,Public sector,2,19.06,12,7,9.0,-5.0,0,2025-08-19
ACC-3678,2023-03-30,Growth,Retail,12,221.99,3,4,19.0,47.0,0,2025-11-20
ACC-3679,2022-03-12,Starter,Retail,3,34.67,35,2,14.0,3.0,0,2026-03-06
ACC-3680,2021-04-02,Starter,Public sector,2,22.1,23,4,20.0,52.0,0,2025-09-20
ACC-3681,2022-06-10,Growth,Retail,12,211.66,21,3,11.0,4.0,0,2025-02-26
ACC-3682,2021-01-06,Starter,Public sector,4,41.17,15,3,23.0,-6.0,0,2025-03-31
ACC-3683,2022-04-11,Starter,Retail,5,59.79,34,3,27.0,23.0,0,2025-11-15
ACC-3684,2021-04-18,Scale,Retail,40,981.58,45,1,26.0,8.0,0,2025-01-25
ACC-3685,2022-11-12,Growth,Retail,16,310.05,35,1,9.0,7.0,1,2026-03-03
ACC-3686,2021-04-22,Growth,Manufacturing,10,185.3,1,9,13.0,7.0,1,2025-12-30
ACC-3687,2023-12-09,Scale,Manufacturing,44,1036.63,30,5,5.0,41.0,0,2025-05-14
ACC-3688,2023-05-20,Scale,Healthcare,38,1001.72,5,4,19.0,43.0,0,2026-02-01
ACC-3689,2024-05-20,Growth,Education,14,226.76,10,2,25.0,59.0,0,2025-02-18
ACC-3690,2022-11-17,Scale,Healthcare,47,1287.46,2,4,17.0,37.0,0,2026-01-19
ACC-3691,2024-05-05,Growth,Public sector,14,263.0,40,4,18.0,34.0,1,2025-07-31
ACC-3692,2022-06-04,Enterprise,Manufacturing,156,5139.54,40,0,17.0,44.0,0,2025-02-11
ACC-3693,2022-11-25,Growth,Finance,10,173.15,18,4,21.0,-1.0,0,2025-01-11
ACC-3694,2021-10-30,Starter,Manufacturing,2,26.97,25,3,16.0,22.0,1,2025-04-28
ACC-3695,2022-07-22,Growth,Manufacturing,14,212.0,25,9,12.0,61.0,0,2025-05-04
ACC-3696,2023-08-15,Starter,Public sector,4,48.7,6,3,24.0,33.0,0,2026-02-12
ACC-3697,2023-12-18,Scale,Finance,38,924.76,42,3,12.0,21.0,0,2026-04-18
ACC-3698,2023-03-24,Starter,Manufacturing,4,42.46,15,5,16.0,-2.0,0,2025-06-22
ACC-3699,2021-01-15,Starter,Manufacturing,2,28.09,23,1,17.0,57.0,0,2025-07-12
ACC-3700,2024-01-10,Starter,Retail,1,12.13,35,2,20.0,48.0,0,2025-02-23
ACC-3701,2021-09-30,Starter,Public sector,5,57.82,35,1,13.0,56.0,0,2025-01-03
ACC-3702,2021-08-23,Starter,Manufacturing,5,53.51,39,2,14.0,20.0,0,2025-01-01
ACC-3703,2024-04-24,Enterprise,Finance,157,4814.28,9,8,23.0,57.0,0,2025-10-11
ACC-3704,2024-08-25,Enterprise,Healthcare,189,6865.01,43,4,21.0,46.0,1,2025-02-02
ACC-3705,2022-03-03,Enterprise,Finance,172,5431.2,35,3,20.0,65.0,0,2025-02-24
ACC-3706,2022-01-06,Enterprise,Education,183,6330.29,45,3,8.0,37.0,0,2025-01-09
ACC-3707,2023-12-11,Starter,Retail,2,25.91,31,3,17.0,28.0,0,2025-10-14
ACC-3708,2022-07-16,Starter,Manufacturing,3,33.45,19,4,15.0,34.0,1,2026-02-17
ACC-3709,2022-09-29,Growth,Education,15,250.26,17,6,2.0,29.0,0,2025-08-08
ACC-3710,2021-11-22,Starter,Healthcare,3,32.42,42,2,22.0,18.0,0,2025-10-08
ACC-3711,2023-06-29,Growth,Public sector,16,285.28,40,1,25.0,36.0,0,2025-07-23
ACC-3712,2023-07-16,Scale,Manufacturing,49,1030.21,1,8,18.0,22.0,0,2025-11-09
ACC-3713,2021-10-09,Enterprise,Healthcare,182,4823.31,12,6,9.0,8.0,1,2025-10-04
ACC-3714,2024-04-22,Starter,Public sector,4,51.52,40,3,8.0,24.0,0,2025-07-01
ACC-3715,2021-06-26,Growth,Healthcare,10,186.97,4,8,9.0,2.0,0,2026-02-09
ACC-3716,2023-07-30,Starter,Manufacturing,2,26.36,2,4,9.0,44.0,0,2025-11-26
ACC-3717,2021-07-20,Starter,Finance,1,12.58,32,3,13.0,17.0,0,2026-03-04
ACC-3718,2021-08-15,Growth,Education,13,254.49,22,2,28.0,34.0,0,2025-01-25
ACC-3719,2022-12-12,Starter,Manufacturing,1,15.27,37,0,18.0,-17.0,0,2026-02-13
ACC-3720,2024-06-29,Starter,Public sector,1,13.14,30,2,20.0,34.0,0,2025-05-14
ACC-3721,2022-11-10,Enterprise,Retail,182,4532.55,15,7,10.0,34.0,0,2026-03-22
ACC-3722,2024-04-23,Growth,Public sector,9,172.66,25,2,21.0,9.0,0,2025-08-21
ACC-3723,2023-11-20,Scale,Healthcare,36,786.87,9,3,21.0,33.0,1,2025-11-09
ACC-3724,2025-01-13,Growth,Finance,14,267.38,20,10,0.0,37.0,0,2025-01-07
ACC-3725,2024-09-12,Growth,Finance,18,313.91,43,4,25.0,9.0,0,2026-04-24
ACC-3726,2022-10-04,Scale,Finance,36,963.09,42,1,7.0,22.0,1,2025-12-28
ACC-3727,2023-12-15,Growth,Manufacturing,9,182.4,45,0,19.0,-25.0,0,2025-05-07
ACC-3728,2021-05-03,Scale,Healthcare,44,1165.82,26,4,17.0,29.0,0,2025-10-19
ACC-3729,2024-11-22,Scale,Education,54,1284.72,6,5,10.0,57.0,0,2025-10-13
ACC-3730,2023-09-11,Starter,Retail,1,12.21,43,2,23.0,39.0,0,2026-01-01
ACC-3731,2024-12-17,Enterprise,Manufacturing,182,4913.9,34,7,16.0,16.0,1,2025-07-17
ACC-3732,2023-12-12,Starter,Finance,1,9.72,20,4,16.0,42.0,1,2026-03-25
ACC-3733,2023-06-15,Growth,Manufacturing,13,248.32,17,7,8.0,48.0,1,2025-01-19
ACC-3734,2021-12-12,Scale,Finance,43,986.05,44,1,17.0,39.0,1,2026-04-01
ACC-3735,2021-12-10,Enterprise,Healthcare,167,5528.46,16,7,14.0,33.0,1,2025-11-16
ACC-3736,2024-03-16,Starter,Manufacturing,6,73.34,27,4,6.0,7.0,0,2025-03-05
ACC-3737,2021-03-15,Starter,Finance,1,13.86,5,4,5.0,9.0,1,2025-02-18
ACC-3738,2022-06-24,Growth,Finance,15,310.35,30,4,0.0,41.0,0,2025-09-12
ACC-3739,2021-10-14,Scale,Healthcare,49,1377.75,21,3,23.0,38.0,0,2026-04-23
ACC-3740,2022-05-12,Growth,Finance,9,163.4,28,2,20.0,14.0,0,2025-05-02
ACC-3741,2023-05-27,Scale,Healthcare,35,856.12,16,2,18.0,24.0,0,2026-04-06
ACC-3742,2021-10-19,Growth,Public sector,12,223.06,39,2,22.0,10.0,0,2025-01-24
ACC-3743,2024-06-14,Growth,Healthcare,15,301.44,8,3,30.0,71.0,1,2025-11-25
ACC-3744,2024-09-05,Starter,Education,4,45.47,31,6,12.0,58.0,0,2025-04-16
ACC-3745,2022-09-05,Starter,Manufacturing,3,32.6,1,3,27.0,39.0,0,2025-06-13
ACC-3746,2023-06-01,Growth,Healthcare,4,63.8,5,6,19.0,33.0,0,2025-09-03
ACC-3747,2023-06-28,Growth,Manufacturing,10,148.6,30,4,24.0,-5.0,0,2025-09-02
ACC-3748,2021-06-17,Growth,Manufacturing,7,125.44,45,1,27.0,15.0,0,2025-10-03
ACC-3749,2023-12-02,Starter,Manufacturing,3,35.54,27,6,15.0,8.0,1,2025-05-17
ACC-3750,2021-06-01,Starter,Healthcare,5,59.76,1,5,13.0,40.0,0,2025-02-07
ACC-3751,2021-06-08,Starter,Finance,6,77.15,38,1,33.0,-12.0,0,2025-05-25
ACC-3752,2021-07-29,Starter,Retail,3,41.29,31,1,24.0,21.0,0,2025-09-11
ACC-3753,2022-04-12,Enterprise,Manufacturing,183,5687.66,9,6,3.0,32.0,0,2025-06-08
ACC-3754,2021-05-20,Scale,Healthcare,48,1342.83,2,6,3.0,-3.0,1,2026-02-17
ACC-3755,2021-05-11,Scale,Public sector,39,969.29,24,5,15.0,29.0,1,2025-10-15
ACC-3756,2021-11-17,Scale,Public sector,36,794.45,35,1,27.0,64.0,0,2025-10-24
ACC-3757,2022-01-20,Growth,Manufacturing,9,137.27,32,0,24.0,8.0,0,2025-03-18
ACC-3758,2024-02-14,Growth,Education,13,217.49,36,1,36.0,15.0,0,2026-01-23
ACC-3759,2024-02-17,Starter,Public sector,1,14.35,28,4,14.0,20.0,0,2025-11-05
ACC-3760,2021-12-19,Starter,Manufacturing,1,12.4,29,1,16.0,7.0,0,2025-03-13
ACC-3761,2022-05-30,Growth,Manufacturing,7,96.77,9,6,12.0,38.0,1,2025-03-26
ACC-3762,2023-09-08,Scale,Education,40,1018.17,33,3,10.0,10.0,1,2025-02-21
ACC-3763,2023-01-24,Growth,Public sector,14,208.3,22,7,17.0,56.0,1,2025-07-15
ACC-3764,2024-08-15,Growth,Education,7,139.22,43,2,28.0,43.0,0,2025-11-04
ACC-3765,2023-12-19,Starter,Retail,2,27.96,9,8,0.0,36.0,1,2025-05-16
ACC-3766,2021-09-12,Scale,Finance,49,1139.0,3,2,11.0,24.0,0,2025-02-13
ACC-3767,2021-09-21,Starter,Healthcare,2,22.25,22,5,13.0,24.0,0,2026-03-27
ACC-3768,2023-10-03,Scale,Manufacturing,52,1517.47,47,1,23.0,53.0,0,2025-08-26
ACC-3769,2024-02-10,Starter,Retail,2,19.61,47,0,42.0,44.0,0,2025-12-25
ACC-3770,2024-02-06,Scale,Healthcare,44,1248.36,8,8,16.0,64.0,0,2025-12-16
ACC-3771,2024-02-25,Starter,Public sector,5,49.3,30,6,8.0,30.0,0,2025-02-14
ACC-3772,2021-07-27,Scale,Public sector,36,940.01,44,5,29.0,35.0,0,2025-07-04
ACC-3773,2024-12-11,Growth,Finance,11,182.68,29,4,15.0,26.0,1,2025-06-15
ACC-3774,2024-04-18,Scale,Retail,36,892.03,44,3,28.0,56.0,0,2025-06-04
ACC-3775,2022-04-21,Growth,Education,13,283.71,5,4,20.0,52.0,0,2025-02-03
ACC-3776,2022-07-03,Enterprise,Retail,181,4943.74,36,1,35.0,49.0,0,2025-10-12
ACC-3777,2021-08-30,Starter,Healthcare,9,106.87,17,7,3.0,27.0,1,2026-05-02
ACC-3778,2021-11-08,Starter,Manufacturing,1,13.18,33,2,24.0,30.0,0,2026-03-15
ACC-3779,2022-12-08,Growth,Retail,7,125.79,35,3,24.0,24.0,0,2025-02-20
ACC-3780,2023-08-04,Starter,Education,3,39.79,14,7,11.0,8.0,1,2025-08-20
ACC-3781,2022-10-08,Starter,Retail,4,37.81,35,1,36.0,15.0,0,2025-06-16
ACC-3782,2021-11-10,Growth,Retail,12,232.51,47,1,26.0,54.0,0,2026-01-30
ACC-3783,2022-05-08,Starter,Retail,5,63.54,29,5,13.0,43.0,0,2025-12-30
ACC-3784,2024-11-19,Starter,Finance,4,51.32,22,4,3.0,50.0,0,2025-04-26
ACC-3785,2023-01-11,Starter,Public sector,3,33.31,19,7,13.0,7.0,1,2025-11-12
ACC-3786,2022-06-09,Enterprise,Finance,155,5457.73,31,3,27.0,43.0,0,2025-06-26
ACC-3787,2024-05-15,Growth,Healthcare,8,146.21,11,2,17.0,1.0,0,2025-10-27
ACC-3788,2023-10-17,Starter,Retail,5,68.25,39,0,21.0,66.0,0,2025-05-31
ACC-3789,2024-05-21,Enterprise,Public sector,195,5242.7,42,3,34.0,54.0,0,2025-04-20
ACC-3790,2023-10-31,Scale,Public sector,39,843.6,3,7,24.0,29.0,1,2025-12-14
ACC-3791,2024-12-12,Scale,Education,38,904.97,8,4,22.0,40.0,0,2025-04-18
ACC-3792,2023-12-27,Starter,Manufacturing,5,61.68,22,8,13.0,14.0,1,2025-01-16
ACC-3793,2021-09-15,Starter,Public sector,1,13.54,25,2,20.0,69.0,0,2025-01-04
ACC-3794,2024-02-20,Starter,Finance,1,10.95,46,1,24.0,-14.0,0,2025-09-08
ACC-3795,2021-01-08,Scale,Retail,44,1167.12,22,8,16.0,37.0,0,2025-12-02
ACC-3796,2022-08-05,Starter,Healthcare,4,45.85,35,1,4.0,35.0,0,2025-01-15
ACC-3797,2023-02-24,Starter,Finance,1,14.55,3,1,27.0,39.0,0,2025-03-13
ACC-3798,2021-08-21,Growth,Manufacturing,15,235.17,6,6,11.0,42.0,0,2025-10-20
ACC-3799,2021-01-18,Growth,Healthcare,9,113.57,43,2,19.0,55.0,0,2025-04-07
ACC-3800,2022-06-24,Starter,Retail,2,24.73,27,5,2.0,41.0,0,2025-03-04
ACC-3801,2023-05-09,Starter,Public sector,2,22.92,12,8,15.0,66.0,1,2025-10-30
ACC-3802,2023-02-05,Growth,Education,11,188.18,32,4,18.0,38.0,0,2026-02-16
ACC-3803,2022-12-31,Growth,Retail,12,212.08,13,4,17.0,12.0,1,2025-07-08
ACC-3804,2022-10-15,Starter,Public sector,2,24.38,39,4,13.0,6.0,0,2026-04-06
ACC-3805,2024-09-14,Growth,Manufacturing,8,167.16,34,4,18.0,39.0,0,2025-09-12
ACC-3806,2021-03-26,Scale,Public sector,44,1319.49,16,5,18.0,27.0,1,2025-08-30
ACC-3807,2023-12-02,Scale,Public sector,48,1201.89,42,0,37.0,33.0,0,2025-01-31
ACC-3808,2021-11-09,Starter,Retail,8,92.71,14,6,15.0,29.0,0,2025-03-26
ACC-3809,2021-02-15,Starter,Education,2,21.61,21,7,21.0,65.0,0,2026-04-21
ACC-3810,2025-01-23,Starter,Manufacturing,2,23.06,28,3,27.0,18.0,0,2026-03-16
ACC-3811,2022-12-04,Growth,Finance,14,221.24,9,6,16.0,6.0,0,2025-03-17
ACC-3812,2024-01-30,Growth,Retail,9,164.11,32,5,19.0,59.0,0,2025-12-15
ACC-3813,2021-04-05,Growth,Healthcare,12,225.25,4,7,13.0,15.0,0,2025-12-14
ACC-3814,2024-05-11,Growth,Healthcare,15,268.7,41,3,23.0,75.0,0,2025-01-29
ACC-3815,2024-11-29,Starter,Public sector,5,62.23,26,3,17.0,36.0,0,2025-08-24
ACC-3816,2025-02-02,Starter,Education,2,25.53,42,0,13.0,17.0,0,2025-05-05
ACC-3817,2021-05-18,Scale,Retail,35,801.01,26,3,13.0,56.0,0,2025-10-11
ACC-3818,2021-12-15,Starter,Retail,1,10.77,4,2,15.0,31.0,0,2025-02-16
ACC-3819,2023-12-18,Growth,Public sector,15,233.15,8,3,14.0,33.0,0,2025-08-07
ACC-3820,2023-05-31,Starter,Finance,3,34.21,24,2,10.0,41.0,0,2026-01-12
ACC-3821,2023-10-28,Starter,Education,1,11.64,24,4,24.0,22.0,0,2025-11-18
ACC-3822,2024-09-14,Starter,Retail,2,24.16,32,2,24.0,40.0,0,2025-05-12
ACC-3823,2022-06-15,Starter,Finance,5,60.19,28,2,30.0,15.0,1,2025-11-18
ACC-3824,2021-04-26,Starter,Finance,1,11.87,41,2,23.0,21.0,0,2025-10-02
ACC-3825,2024-01-27,Starter,Retail,2,22.3,27,0,21.0,51.0,0,2025-12-22
ACC-3826,2021-01-10,Scale,Public sector,48,1215.31,14,5,14.0,18.0,1,2025-12-18
ACC-3827,2022-07-05,Growth,Manufacturing,10,178.0,5,3,7.0,21.0,0,2026-01-31
ACC-3828,2022-12-30,Starter,Public sector,3,35.92,28,0,25.0,23.0,0,2025-12-01
ACC-3829,2022-06-28,Starter,Healthcare,2,23.39,36,3,19.0,33.0,0,2025-04-23
ACC-3830,2022-03-29,Starter,Public sector,3,35.21,23,5,19.0,19.0,1,2026-03-29
ACC-3831,2022-12-04,Starter,Public sector,7,73.86,38,3,19.0,2.0,0,2026-02-19
ACC-3832,2021-03-11,Starter,Healthcare,4,52.85,13,5,24.0,23.0,0,2025-05-22
ACC-3833,2021-02-19,Growth,Public sector,7,125.59,36,2,20.0,6.0,0,2026-04-14
ACC-3834,2023-06-16,Enterprise,Manufacturing,185,6388.33,25,1,23.0,15.0,0,2026-01-18
ACC-3835,2021-10-02,Growth,Healthcare,14,280.12,32,4,14.0,8.0,1,2025-04-29
ACC-3836,2024-12-05,Scale,Healthcare,59,1528.0,3,7,3.0,34.0,1,2026-04-29
ACC-3837,2021-05-26,Starter,Retail,2,23.84,38,2,19.0,39.0,0,2025-05-25
ACC-3838,2024-03-01,Growth,Finance,14,190.05,8,8,12.0,-20.0,0,2025-01-17
ACC-3839,2024-11-09,Starter,Education,4,41.13,20,7,20.0,17.0,1,2026-02-04
ACC-3840,2022-05-01,Starter,Finance,3,36.99,17,6,25.0,6.0,1,2026-03-11
ACC-3841,2021-05-30,Scale,Retail,35,608.34,36,3,21.0,20.0,0,2025-02-02
ACC-3842,2024-11-19,Growth,Manufacturing,12,224.81,16,3,19.0,76.0,0,2025-09-28
ACC-3843,2022-01-31,Starter,Healthcare,5,61.57,9,6,11.0,74.0,0,2025-07-18
ACC-3844,2022-10-28,Starter,Healthcare,1,10.64,11,8,0.0,-15.0,0,2026-04-14
ACC-3845,2023-01-04,Starter,Public sector,3,29.89,42,2,14.0,40.0,0,2025-07-20
ACC-3846,2022-07-02,Growth,Healthcare,8,132.79,29,6,21.0,-16.0,1,2025-12-15
ACC-3847,2023-08-29,Starter,Manufacturing,4,55.17,23,2,27.0,38.0,0,2025-12-19
ACC-3848,2021-02-03,Growth,Retail,14,264.44,13,1,23.0,63.0,1,2025-03-28
ACC-3849,2023-06-20,Starter,Finance,2,21.75,1,5,16.0,46.0,0,2025-02-17
ACC-3850,2023-10-25,Scale,Education,47,1176.83,11,4,20.0,13.0,0,2025-05-03
ACC-3851,2025-01-17,Starter,Healthcare,7,74.27,14,7,9.0,33.0,0,2025-01-28
ACC-3852,2022-04-14,Starter,Public sector,2,26.24,37,2,13.0,32.0,0,2025-03-16
ACC-3853,2021-11-23,Scale,Finance,46,1168.27,23,2,17.0,22.0,1,2025-08-29
ACC-3854,2021-10-15,Enterprise,Finance,180,5391.48,13,4,10.0,86.0,1,2025-01-25
ACC-3855,2021-07-27,Starter,Finance,1,12.13,19,2,23.0,-4.0,0,2025-01-11
ACC-3856,2023-06-22,Starter,Healthcare,2,28.26,47,0,28.0,51.0,0,2025-05-22
ACC-3857,2024-11-23,Growth,Finance,9,146.78,9,3,11.0,2.0,1,2025-09-02
ACC-3858,2021-05-13,Starter,Education,2,25.06,4,1,17.0,23.0,0,2025-02-27
ACC-3859,2021-09-16,Starter,Retail,2,21.78,19,3,36.0,35.0,0,2025-02-01
ACC-3860,2021-03-23,Starter,Education,1,9.76,42,2,17.0,26.0,0,2026-01-24
ACC-3861,2021-12-30,Starter,Healthcare,2,22.65,13,4,15.0,-2.0,1,2025-02-25
ACC-3862,2023-05-01,Starter,Public sector,5,56.05,47,0,17.0,23.0,0,2025-03-31
ACC-3863,2023-01-30,Starter,Finance,2,23.86,36,1,26.0,42.0,0,2025-05-27
ACC-3864,2022-11-28,Enterprise,Education,157,5724.81,43,3,26.0,42.0,0,2026-05-13
ACC-3865,2024-05-09,Starter,Healthcare,3,43.39,13,6,17.0,30.0,1,2025-02-20
ACC-3866,2023-09-08,Enterprise,Healthcare,175,5060.35,16,4,18.0,44.0,0,2025-09-10
ACC-3867,2022-09-04,Starter,Healthcare,2,25.24,12,6,10.0,-2.0,0,2025-07-06
ACC-3868,2023-02-23,Starter,Education,6,68.25,39,2,27.0,41.0,0,2025-06-26
ACC-3869,2025-01-22,Growth,Manufacturing,12,260.88,42,4,16.0,9.0,0,2026-02-11
ACC-3870,2023-02-18,Growth,Education,15,248.79,8,7,5.0,42.0,0,2025-02-03
ACC-3871,2023-11-20,Scale,Finance,46,1134.44,6,7,10.0,42.0,1,2026-03-08
ACC-3872,2022-09-23,Starter,Healthcare,1,10.96,25,2,11.0,55.0,0,2026-04-22
ACC-3873,2023-06-21,Starter,Manufacturing,3,34.6,26,1,32.0,29.0,0,2026-02-09
ACC-3874,2025-01-24,Scale,Education,50,1114.42,21,3,27.0,32.0,0,2025-06-09
ACC-3875,2024-01-16,Growth,Education,6,103.87,30,1,21.0,48.0,0,2025-02-21
ACC-3876,2025-01-01,Growth,Healthcare,9,113.92,16,7,12.0,60.0,1,2026-04-12
ACC-3877,2022-09-23,Starter,Retail,5,58.08,46,2,17.0,52.0,0,2026-03-11
ACC-3878,2023-09-23,Starter,Education,2,25.2,9,4,16.0,30.0,0,2025-02-06
ACC-3879,2022-04-20,Starter,Education,2,24.12,36,4,17.0,86.0,0,2025-11-07
ACC-3880,2022-05-14,Growth,Retail,16,290.23,44,1,8.0,13.0,0,2025-08-15
ACC-3881,2021-07-24,Growth,Retail,16,299.19,20,6,0.0,49.0,1,2025-04-24
ACC-3882,2023-11-06,Growth,Finance,11,188.29,30,3,24.0,40.0,0,2025-12-05
ACC-3883,2022-04-20,Starter,Public sector,7,81.47,43,2,19.0,13.0,0,2025-09-30
ACC-3884,2021-11-01,Enterprise,Public sector,157,6172.0,2,3,6.0,47.0,1,2025-03-02
ACC-3885,2022-10-12,Starter,Public sector,5,54.36,39,1,26.0,33.0,0,2025-04-01
ACC-3886,2022-07-19,Starter,Retail,5,67.19,16,7,22.0,23.0,0,2026-04-05
ACC-3887,2023-05-31,Growth,Healthcare,14,228.36,43,4,24.0,3.0,0,2026-04-30
ACC-3888,2023-01-29,Growth,Public sector,10,178.58,41,2,22.0,-19.0,0,2025-11-30
ACC-3889,2023-09-07,Scale,Retail,43,1018.25,16,8,10.0,-2.0,0,2025-08-05
ACC-3890,2024-07-07,Starter,Finance,1,12.59,17,2,25.0,22.0,0,2025-10-26
ACC-3891,2022-01-15,Starter,Manufacturing,5,61.32,45,2,22.0,-1.0,0,2025-01-27
ACC-3892,2023-04-15,Growth,Finance,10,207.64,5,8,2.0,22.0,1,2025-10-13
ACC-3893,2022-07-08,Starter,Finance,4,49.36,11,5,16.0,26.0,0,2025-11-09
ACC-3894,2021-01-07,Starter,Manufacturing,4,46.26,38,0,26.0,34.0,0,2025-09-06
ACC-3895,2022-01-16,Scale,Retail,46,1091.66,13,1,22.0,38.0,0,2025-03-28
ACC-3896,2023-01-21,Growth,Education,7,138.14,39,4,16.0,29.0,0,2026-04-13
ACC-3897,2021-11-09,Enterprise,Finance,197,5732.68,34,1,25.0,50.0,0,2025-09-28
ACC-3898,2023-03-16,Growth,Healthcare,11,223.14,25,7,22.0,23.0,1,2025-12-21
ACC-3899,2024-12-25,Growth,Retail,13,205.47,45,0,6.0,-1.0,0,2025-01-10
ACC-3900,2023-10-07,Scale,Education,47,1181.89,29,0,9.0,3.0,0,2025-03-01
ACC-3901,2021-02-27,Scale,Finance,38,977.9,40,2,12.0,59.0,0,2025-02-12
ACC-3902,2023-04-28,Scale,Public sector,43,895.21,34,0,23.0,39.0,0,2025-11-19
ACC-3903,2022-08-15,Growth,Education,4,77.54,23,2,30.0,3.0,0,2025-12-20
ACC-3904,2022-07-08,Starter,Finance,3,40.11,16,6,16.0,63.0,0,2025-08-18
ACC-3905,2023-01-02,Scale,Healthcare,50,1137.89,19,4,10.0,-21.0,0,2026-01-28
ACC-3906,2022-07-31,Scale,Public sector,47,1046.99,11,0,5.0,16.0,0,2025-03-27
ACC-3907,2022-11-28,Starter,Education,2,27.54,1,7,12.0,30.0,1,2025-03-19
ACC-3908,2023-06-12,Starter,Healthcare,1,11.82,21,3,14.0,39.0,0,2026-05-14
ACC-3909,2024-02-29,Growth,Retail,7,123.2,11,1,16.0,53.0,0,2025-07-09
ACC-3910,2022-02-19,Scale,Retail,42,993.78,8,2,14.0,22.0,0,2026-03-02
ACC-3911,2023-09-10,Growth,Manufacturing,18,287.34,35,3,7.0,60.0,0,2025-01-21
ACC-3912,2024-06-30,Growth,Finance,11,237.56,11,7,13.0,22.0,1,2025-01-19
ACC-3913,2023-03-21,Starter,Public sector,7,88.84,33,1,22.0,32.0,0,2025-02-13
ACC-3914,2024-01-28,Growth,Education,13,250.91,14,5,27.0,37.0,1,2025-08-08
ACC-3915,2022-10-29,Starter,Public sector,3,46.1,11,4,21.0,8.0,0,2026-02-02
ACC-3916,2022-08-29,Growth,Healthcare,13,159.88,26,2,24.0,76.0,1,2026-05-13
ACC-3917,2024-03-24,Scale,Finance,44,1061.77,10,6,8.0,49.0,0,2026-04-09
ACC-3918,2021-02-14,Growth,Manufacturing,13,232.25,23,6,16.0,19.0,1,2025-10-16
ACC-3919,2021-01-26,Starter,Education,2,25.11,37,1,19.0,4.0,0,2026-05-02
ACC-3920,2022-03-08,Starter,Education,6,68.82,42,2,31.0,47.0,0,2025-07-10
ACC-3921,2022-08-26,Scale,Retail,51,1078.46,6,7,20.0,-8.0,0,2025-03-19
ACC-3922,2021-03-23,Starter,Manufacturing,7,88.54,35,1,23.0,35.0,0,2025-03-12
ACC-3923,2021-12-13,Starter,Retail,5,47.4,10,4,14.0,-3.0,0,2026-03-05
ACC-3924,2023-10-07,Growth,Education,10,183.18,38,3,23.0,39.0,0,2025-01-16
ACC-3925,2024-04-14,Scale,Retail,46,1015.32,45,0,23.0,-10.0,0,2026-03-10
ACC-3926,2023-09-03,Starter,Retail,1,13.87,41,0,29.0,43.0,0,2025-01-20
ACC-3927,2024-07-26,Enterprise,Finance,174,4418.01,19,6,24.0,53.0,1,2025-10-18
ACC-3928,2021-04-17,Enterprise,Education,192,5657.19,18,5,20.0,40.0,0,2026-03-28
ACC-3929,2022-07-06,Starter,Education,4,45.11,1,7,12.0,24.0,0,2025-05-25
ACC-3930,2022-03-18,Scale,Finance,37,999.0,29,2,18.0,8.0,0,2025-01-07
ACC-3931,2024-05-19,Growth,Public sector,9,151.68,34,2,31.0,23.0,0,2025-07-29
ACC-3932,2021-10-04,Starter,Public sector,3,41.31,4,8,14.0,13.0,1,2025-01-02
ACC-3933,2023-01-24,Scale,Retail,44,1087.19,41,3,10.0,41.0,0,2025-11-26
ACC-3934,2022-11-24,Starter,Public sector,5,56.68,2,3,25.0,23.0,1,2025-08-23
ACC-3935,2021-07-16,Starter,Public sector,2,22.51,16,9,22.0,13.0,0,2026-01-22
ACC-3936,2024-01-07,Growth,Finance,10,191.25,38,1,18.0,5.0,0,2026-03-09
ACC-3937,2021-05-06,Scale,Public sector,47,1127.81,1,3,24.0,33.0,1,2025-07-18
ACC-3938,2024-04-11,Starter,Public sector,1,9.01,33,5,16.0,22.0,0,2026-01-28
ACC-3939,2022-08-24,Scale,Retail,44,1245.38,1,6,26.0,93.0,1,2025-07-28
ACC-3940,2023-12-22,Scale,Public sector,53,1328.61,1,5,36.0,26.0,0,2026-04-06
ACC-3941,2021-11-17,Scale,Retail,41,921.42,22,9,8.0,63.0,0,2025-04-08
ACC-3942,2022-01-27,Growth,Retail,17,289.23,39,2,12.0,36.0,0,2025-08-26
ACC-3943,2021-02-07,Starter,Education,2,26.71,12,6,17.0,35.0,0,2025-09-21
ACC-3944,2023-05-27,Growth,Education,15,271.37,38,1,9.0,52.0,0,2026-01-10
ACC-3945,2022-04-08,Growth,Finance,11,160.13,39,1,18.0,23.0,0,2025-06-13
ACC-3946,2024-12-03,Growth,Public sector,11,225.88,6,2,28.0,-19.0,0,2026-05-09
ACC-3947,2021-03-12,Growth,Retail,9,161.6,8,2,17.0,26.0,0,2025-09-11
ACC-3948,2022-08-24,Enterprise,Public sector,154,4637.33,38,3,11.0,27.0,1,2025-04-27
ACC-3949,2023-07-04,Enterprise,Public sector,178,6042.06,26,0,44.0,12.0,0,2026-04-21
ACC-3950,2023-10-19,Starter,Public sector,2,20.45,23,5,14.0,51.0,0,2026-01-20
ACC-3951,2021-09-20,Growth,Healthcare,9,164.38,45,1,22.0,26.0,0,2025-03-12
ACC-3952,2021-02-05,Growth,Public sector,12,210.19,10,8,16.0,27.0,0,2025-07-18
ACC-3953,2021-02-01,Starter,Manufacturing,1,11.05,11,4,22.0,14.0,0,2026-03-22
ACC-3954,2023-11-18,Starter,Public sector,3,33.38,2,3,26.0,34.0,0,2026-01-12
ACC-3955,2021-11-20,Starter,Healthcare,3,34.93,20,4,16.0,19.0,1,2025-04-25
ACC-3956,2023-04-16,Starter,Manufacturing,3,37.91,43,1,1.0,62.0,0,2026-03-14
ACC-3957,2023-08-17,Starter,Healthcare,2,25.82,27,3,13.0,54.0,0,2025-07-30
ACC-3958,2024-05-22,Scale,Manufacturing,49,864.16,16,6,14.0,29.0,0,2026-02-20
ACC-3959,2021-01-19,Starter,Finance,3,41.04,8,4,18.0,43.0,0,2025-01-12
ACC-3960,2022-06-22,Scale,Manufacturing,47,948.94,37,3,20.0,69.0,0,2025-06-29
ACC-3961,2022-02-21,Starter,Retail,1,14.68,43,1,34.0,19.0,0,2025-04-29
ACC-3962,2023-02-25,Scale,Manufacturing,44,1265.23,6,6,16.0,15.0,1,2025-06-24
ACC-3963,2023-11-08,Growth,Retail,14,231.96,13,5,24.0,28.0,0,2025-04-11
ACC-3964,2023-01-28,Starter,Education,4,56.36,21,3,31.0,19.0,0,2025-01-24
ACC-3965,2024-04-18,Scale,Public sector,45,1126.26,18,6,2.0,5.0,0,2025-10-04
ACC-3966,2023-03-02,Growth,Retail,15,268.18,12,3,17.0,32.0,0,2025-03-28
ACC-3967,2021-06-18,Starter,Retail,2,23.58,39,2,7.0,35.0,0,2025-03-08
ACC-3968,2022-12-01,Growth,Retail,10,220.77,39,1,18.0,25.0,0,2025-10-08
ACC-3969,2023-07-27,Growth,Education,13,219.05,20,1,19.0,23.0,0,2025-10-21
ACC-3970,2024-05-14,Scale,Education,52,1185.32,39,2,15.0,11.0,0,2026-02-16
ACC-3971,2021-01-18,Scale,Retail,47,1443.05,8,3,31.0,9.0,0,2025-03-16
ACC-3972,2023-05-31,Starter,Manufacturing,4,49.59,6,8,16.0,14.0,1,2025-06-26
ACC-3973,2021-02-23,Starter,Healthcare,4,47.75,38,4,8.0,23.0,0,2026-02-13
ACC-3974,2022-09-14,Enterprise,Retail,175,5330.51,10,7,8.0,23.0,1,2025-10-30
ACC-3975,2021-03-05,Scale,Retail,43,820.82,32,5,17.0,44.0,0,2026-04-28
ACC-3976,2022-02-01,Scale,Education,45,846.95,4,7,0.0,25.0,1,2025-02-25
ACC-3977,2021-06-21,Starter,Manufacturing,2,25.78,6,6,15.0,33.0,0,2026-02-04
ACC-3978,2023-03-20,Starter,Public sector,1,10.84,31,1,18.0,34.0,0,2025-07-10
ACC-3979,2023-02-07,Growth,Retail,11,207.62,26,4,23.0,-13.0,0,2025-03-23
ACC-3980,2021-05-12,Growth,Manufacturing,12,245.92,12,7,12.0,17.0,0,2025-02-20
ACC-3981,2024-04-15,Enterprise,Healthcare,179,4943.78,31,5,16.0,54.0,1,2025-12-15
ACC-3982,2024-05-09,Growth,Finance,9,177.17,9,2,19.0,18.0,1,2025-08-25
ACC-3983,2023-03-11,Starter,Education,4,50.54,36,5,13.0,33.0,0,2025-03-28
ACC-3984,2021-07-09,Starter,Retail,4,46.17,37,2,10.0,48.0,0,2026-05-02
ACC-3985,2023-10-04,Starter,Public sector,2,20.82,10,7,7.0,25.0,0,2025-05-07
ACC-3986,2024-11-25,Scale,Healthcare,42,989.73,32,3,25.0,65.0,0,2025-12-08
ACC-3987,2021-08-10,Starter,Finance,2,25.58,14,6,10.0,66.0,1,2025-02-18
ACC-3988,2021-07-17,Starter,Healthcare,2,21.89,9,5,21.0,60.0,0,2025-07-18
ACC-3989,2021-08-10,Starter,Finance,5,56.13,24,4,24.0,17.0,0,2025-10-12
ACC-3990,2022-02-08,Growth,Retail,9,172.52,29,4,19.0,29.0,1,2026-01-24
ACC-3991,2024-02-23,Growth,Finance,12,228.91,44,0,22.0,28.0,0,2025-12-22
ACC-3992,2024-03-17,Starter,Finance,2,26.67,1,4,8.0,48.0,1,2025-06-21
ACC-3993,2021-06-16,Starter,Finance,1,10.38,26,2,33.0,33.0,0,2025-08-12
ACC-3994,2023-07-28,Growth,Finance,9,203.72,12,6,14.0,52.0,0,2025-08-22
ACC-3995,2024-06-04,Starter,Finance,3,38.47,28,3,25.0,14.0,1,2026-03-26
ACC-3996,2023-12-24,Growth,Finance,12,174.26,27,4,2.0,10.0,0,2025-12-31
ACC-3997,2021-03-30,Starter,Retail,1,13.75,15,7,6.0,58.0,0,2026-02-15
ACC-3998,2023-09-17,Growth,Public sector,14,240.43,8,3,23.0,3.0,0,2025-03-30
ACC-3999,2021-05-02,Starter,Finance,5,66.11,1,4,19.0,-13.0,0,2025-08-12
ACC-4000,2023-11-17,Starter,Education,5,64.92,42,4,21.0,14.0,0,2026-03-13
ACC-4001,2023-02-11,Growth,Public sector,14,206.77,41,0,26.0,24.0,0,2026-04-09
ACC-4002,2024-02-23,Growth,Manufacturing,12,242.27,44,2,20.0,49.0,0,2025-10-31
ACC-4003,2023-09-15,Growth,Education,8,164.07,15,1,23.0,21.0,0,2026-03-31
ACC-4004,2021-10-21,Growth,Education,8,166.02,37,1,18.0,50.0,0,2025-07-18
ACC-4005,2024-08-14,Starter,Manufacturing,2,22.94,4,3,2.0,53.0,0,2025-03-04
ACC-4006,2022-02-13,Scale,Public sector,46,1173.58,1,6,12.0,31.0,1,2025-08-20
ACC-4007,2024-02-13,Growth,Education,18,302.69,6,6,13.0,37.0,1,2025-10-07
ACC-4008,2023-04-07,Starter,Healthcare,2,23.26,23,4,13.0,73.0,0,2025-10-20
ACC-4009,2024-07-26,Growth,Retail,19,297.82,6,5,25.0,-4.0,0,2026-05-02
ACC-4010,2022-07-03,Starter,Healthcare,5,59.16,47,0,20.0,30.0,0,2025-12-13
ACC-4011,2021-02-19,Growth,Public sector,10,145.22,15,4,29.0,21.0,1,2025-11-16
ACC-4012,2024-12-26,Growth,Education,15,336.97,27,2,28.0,70.0,0,2025-09-19
ACC-4013,2022-08-14,Growth,Education,14,285.53,14,10,0.0,48.0,1,2025-07-06
ACC-4014,2023-10-22,Starter,Education,2,22.48,10,4,14.0,64.0,0,2025-07-10
ACC-4015,2022-06-04,Growth,Healthcare,13,220.36,40,2,23.0,41.0,0,2025-11-24
ACC-4016,2023-10-19,Growth,Public sector,6,116.31,18,5,9.0,29.0,1,2025-12-13
ACC-4017,2021-12-10,Starter,Healthcare,3,30.96,26,2,18.0,47.0,1,2025-01-12
ACC-4018,2024-07-22,Starter,Education,3,39.97,8,2,32.0,6.0,1,2025-04-05
ACC-4019,2021-04-03,Starter,Education,1,12.85,33,3,35.0,24.0,1,2025-01-30
ACC-4020,2022-05-07,Growth,Healthcare,16,299.25,43,1,15.0,43.0,0,2025-07-29
ACC-4021,2023-07-05,Scale,Education,32,892.84,44,1,30.0,19.0,0,2026-05-02
ACC-4022,2022-10-21,Starter,Public sector,3,35.37,22,5,5.0,51.0,1,2025-02-27
ACC-4023,2023-02-24,Starter,Manufacturing,8,102.12,8,5,19.0,69.0,0,2025-05-07
ACC-4024,2022-04-07,Growth,Healthcare,6,84.02,37,3,17.0,84.0,0,2025-08-22
ACC-4025,2021-03-08,Starter,Manufacturing,2,24.2,25,3,23.0,57.0,0,2025-08-14
ACC-4026,2022-03-06,Growth,Healthcare,13,264.08,10,6,20.0,-6.0,0,2026-05-14
ACC-4027,2024-05-09,Scale,Public sector,40,899.16,38,0,22.0,27.0,0,2025-07-05
ACC-4028,2021-08-11,Scale,Healthcare,55,1278.83,33,5,17.0,54.0,0,2025-06-02
ACC-4029,2022-04-19,Growth,Education,15,225.18,41,3,12.0,0.0,0,2025-06-23
ACC-4030,2021-07-07,Growth,Education,10,182.33,44,4,10.0,23.0,0,2025-07-12
ACC-4031,2023-03-12,Growth,Public sector,7,121.45,47,1,30.0,18.0,0,2025-10-23
ACC-4032,2025-01-31,Starter,Retail,4,44.45,33,4,16.0,57.0,1,2026-04-30
ACC-4033,2023-01-17,Scale,Education,37,788.73,26,5,16.0,48.0,0,2025-12-10
ACC-4034,2021-01-02,Starter,Healthcare,2,22.27,16,5,16.0,42.0,0,2026-05-05
ACC-4035,2023-12-30,Starter,Public sector,1,12.55,2,6,19.0,50.0,1,2025-01-27
ACC-4036,2023-08-30,Starter,Manufacturing,4,52.11,28,3,21.0,6.0,0,2025-03-30
ACC-4037,2024-05-15,Starter,Finance,4,48.57,6,3,20.0,20.0,0,2025-08-26
ACC-4038,2021-08-06,Starter,Healthcare,3,41.52,30,3,23.0,17.0,0,2025-04-20
ACC-4039,2024-08-11,Starter,Public sector,1,12.95,26,2,22.0,32.0,0,2025-01-20
ACC-4040,2021-06-18,Growth,Public sector,11,191.5,2,7,27.0,42.0,1,2025-04-06
ACC-4041,2024-05-11,Starter,Education,6,69.49,31,3,11.0,52.0,0,2025-07-18
ACC-4042,2022-01-22,Enterprise,Manufacturing,180,5422.23,16,2,16.0,74.0,0,2025-10-09
ACC-4043,2021-04-10,Scale,Education,50,1500.13,19,4,6.0,-24.0,0,2025-11-28
ACC-4044,2021-07-07,Growth,Retail,8,151.36,36,3,38.0,24.0,0,2025-04-26
ACC-4045,2023-12-20,Growth,Manufacturing,10,185.76,30,4,12.0,7.0,0,2025-11-03
ACC-4046,2022-04-30,Scale,Finance,43,1221.66,9,9,4.0,61.0,0,2025-07-20
ACC-4047,2021-04-29,Starter,Retail,2,26.11,24,5,12.0,24.0,0,2025-09-11
ACC-4048,2022-10-05,Starter,Retail,2,23.01,43,1,20.0,41.0,0,2026-05-13
ACC-4049,2021-05-30,Starter,Finance,1,13.16,45,2,21.0,41.0,0,2025-04-21
ACC-4050,2022-04-03,Growth,Retail,10,179.8,11,4,29.0,24.0,0,2026-03-27
ACC-4051,2021-05-06,Starter,Healthcare,4,56.63,20,9,19.0,50.0,0,2026-05-07
ACC-4052,2022-12-18,Starter,Finance,5,62.86,35,3,27.0,1.0,0,2025-06-12
ACC-4053,2022-10-22,Growth,Healthcare,16,300.48,32,2,27.0,23.0,1,2025-01-19
ACC-4054,2024-01-14,Starter,Retail,2,25.37,31,3,23.0,52.0,0,2025-06-01
ACC-4055,2022-08-12,Growth,Retail,17,349.87,8,3,17.0,26.0,1,2026-01-23
ACC-4056,2022-01-03,Enterprise,Public sector,175,5665.86,5,9,6.0,25.0,0,2025-02-02
ACC-4057,2022-09-17,Starter,Healthcare,2,26.24,23,1,22.0,12.0,1,2025-06-09
ACC-4058,2022-01-22,Growth,Education,9,146.68,21,2,25.0,5.0,0,2025-08-12
ACC-4059,2025-01-04,Starter,Healthcare,2,22.96,43,0,27.0,19.0,0,2026-02-20
ACC-4060,2024-12-10,Growth,Manufacturing,16,306.76,35,1,25.0,59.0,0,2025-10-23
ACC-4061,2022-08-27,Starter,Education,4,48.05,17,7,18.0,-12.0,1,2025-11-05
ACC-4062,2023-01-08,Starter,Finance,3,41.18,27,8,16.0,50.0,0,2025-08-25
ACC-4063,2022-11-09,Growth,Education,11,248.49,22,3,25.0,65.0,0,2026-04-28
ACC-4064,2021-06-03,Scale,Education,36,658.26,34,2,23.0,35.0,0,2026-04-07
ACC-4065,2023-01-20,Growth,Retail,17,336.16,41,1,29.0,-2.0,0,2025-02-07
ACC-4066,2021-07-29,Growth,Education,13,224.27,26,3,22.0,27.0,0,2026-02-18
ACC-4067,2021-11-19,Starter,Education,6,80.83,21,4,24.0,11.0,0,2025-10-19
ACC-4068,2024-09-20,Starter,Healthcare,5,54.0,5,8,14.0,30.0,1,2025-02-15
ACC-4069,2021-03-24,Starter,Healthcare,6,73.4,11,3,26.0,38.0,0,2025-01-08
ACC-4070,2022-12-21,Starter,Retail,3,35.07,1,7,14.0,39.0,1,2026-03-24
ACC-4071,2022-07-15,Scale,Healthcare,49,1019.88,33,4,18.0,45.0,1,2025-07-30
ACC-4072,2024-12-10,Growth,Finance,11,201.67,23,2,15.0,61.0,0,2025-02-03
ACC-4073,2021-07-02,Starter,Education,2,23.62,22,2,15.0,21.0,0,2026-04-20
ACC-4074,2023-03-17,Starter,Retail,6,73.63,42,2,21.0,27.0,0,2025-12-30
ACC-4075,2023-09-23,Growth,Public sector,14,262.1,9,4,0.0,21.0,0,2025-01-16
ACC-4076,2024-11-15,Starter,Manufacturing,1,10.82,20,3,22.0,21.0,1,2025-08-09
ACC-4077,2022-12-19,Starter,Healthcare,5,67.39,2,10,3.0,61.0,1,2025-12-28
ACC-4078,2022-10-22,Growth,Public sector,17,360.63,10,7,2.0,49.0,1,2025-02-15
ACC-4079,2021-10-23,Starter,Finance,3,39.05,13,3,22.0,36.0,1,2026-04-23
ACC-4080,2021-01-18,Growth,Public sector,11,181.49,38,0,32.0,38.0,0,2025-05-18
ACC-4081,2022-09-30,Scale,Public sector,42,939.52,7,2,26.0,13.0,0,2025-07-16
ACC-4082,2021-03-17,Scale,Public sector,52,1384.14,46,2,12.0,-2.0,0,2025-06-16
ACC-4083,2024-07-23,Starter,Healthcare,3,43.54,33,3,17.0,17.0,0,2025-08-18
ACC-4084,2024-09-14,Starter,Retail,3,33.67,32,2,14.0,38.0,0,2025-07-03
ACC-4085,2021-06-19,Growth,Healthcare,15,242.53,2,6,20.0,15.0,1,2026-03-11
ACC-4086,2023-12-23,Starter,Education,1,12.07,42,1,8.0,18.0,0,2026-02-08
ACC-4087,2022-09-20,Enterprise,Education,184,6078.1,4,4,9.0,27.0,0,2025-08-29
ACC-4088,2023-11-25,Growth,Education,14,225.77,37,5,12.0,33.0,1,2025-04-29
ACC-4089,2022-06-18,Starter,Public sector,1,11.73,33,3,25.0,29.0,0,2025-03-18
ACC-4090,2024-04-22,Starter,Retail,2,22.95,24,3,24.0,58.0,0,2025-06-14
ACC-4091,2021-09-27,Growth,Public sector,11,225.98,27,4,21.0,49.0,0,2025-07-10
ACC-4092,2022-10-31,Growth,Finance,14,323.94,11,2,16.0,58.0,0,2025-07-11
ACC-4093,2023-12-11,Starter,Finance,2,25.99,10,5,20.0,24.0,0,2025-06-12
ACC-4094,2021-08-17,Starter,Public sector,4,37.59,7,2,29.0,9.0,0,2025-08-30
ACC-4095,2024-05-20,Growth,Finance,14,275.68,46,1,29.0,26.0,0,2025-05-07
ACC-4096,2021-02-09,Scale,Manufacturing,41,1038.11,43,2,23.0,50.0,0,2025-02-11
ACC-4097,2023-07-08,Starter,Healthcare,3,35.81,34,3,21.0,62.0,0,2025-05-18
ACC-4098,2023-11-24,Growth,Public sector,17,227.56,41,1,19.0,46.0,0,2025-07-21
ACC-4099,2021-05-22,Scale,Manufacturing,49,1283.3,15,8,24.0,40.0,0,2025-11-08
ACC-4100,2023-03-20,Scale,Finance,37,896.68,14,5,28.0,10.0,0,2025-06-26
ACC-4101,2021-06-27,Scale,Retail,47,1349.44,5,2,13.0,37.0,0,2025-11-04
ACC-4102,2021-01-19,Growth,Finance,8,145.49,29,2,19.0,49.0,0,2025-04-11
ACC-4103,2024-02-06,Starter,Retail,2,25.28,37,1,21.0,38.0,1,2026-02-28
ACC-4104,2023-04-06,Scale,Public sector,43,1038.77,20,3,17.0,38.0,0,2025-05-11
ACC-4105,2021-02-13,Growth,Healthcare,8,121.34,47,3,18.0,-16.0,0,2025-07-03
ACC-4106,2022-10-03,Scale,Education,47,1194.68,16,6,16.0,50.0,0,2026-02-13
ACC-4107,2022-04-06,Scale,Manufacturing,41,1145.12,19,4,11.0,32.0,0,2025-01-09
ACC-4108,2024-05-26,Starter,Finance,5,68.08,1,5,10.0,67.0,1,2025-02-15
ACC-4109,2024-04-29,Starter,Public sector,3,33.14,12,3,27.0,50.0,0,2025-01-23
ACC-4110,2022-06-13,Scale,Public sector,46,1000.7,13,6,11.0,54.0,1,2026-05-12
ACC-4111,2021-10-23,Enterprise,Manufacturing,169,5287.15,5,4,18.0,17.0,1,2025-09-11
ACC-4112,2022-10-22,Scale,Education,51,1215.36,46,3,21.0,49.0,0,2025-04-05
ACC-4113,2023-01-28,Scale,Retail,41,818.04,38,4,25.0,37.0,0,2026-03-31
ACC-4114,2022-09-11,Enterprise,Retail,166,5993.46,14,4,19.0,32.0,0,2025-02-10
ACC-4115,2024-10-30,Starter,Finance,2,27.63,6,8,1.0,51.0,1,2026-01-05
ACC-4116,2022-07-26,Growth,Retail,11,176.11,32,2,43.0,21.0,0,2025-08-29
ACC-4117,2025-01-29,Growth,Education,9,157.21,42,3,6.0,54.0,0,2025-08-26
ACC-4118,2022-01-30,Starter,Education,4,43.65,14,6,16.0,32.0,1,2025-03-30
ACC-4119,2023-02-14,Starter,Public sector,1,15.12,23,6,29.0,13.0,0,2025-06-05
ACC-4120,2021-11-30,Growth,Education,11,171.1,18,3,19.0,0.0,0,2026-02-12
ACC-4121,2022-07-02,Growth,Public sector,9,165.67,10,8,17.0,31.0,1,2025-03-26
ACC-4122,2022-03-18,Enterprise,Retail,174,5359.14,15,4,29.0,32.0,0,2026-02-20
ACC-4123,2024-09-04,Growth,Retail,16,320.5,9,6,11.0,34.0,0,2025-11-21
ACC-4124,2024-06-17,Scale,Education,33,748.7,11,4,19.0,18.0,0,2025-06-10
ACC-4125,2023-06-14,Starter,Public sector,10,104.65,6,2,18.0,37.0,0,2026-05-03
ACC-4126,2023-07-12,Enterprise,Finance,160,4752.76,15,7,16.0,31.0,0,2025-10-10
ACC-4127,2021-03-11,Growth,Finance,16,281.53,1,6,22.0,29.0,1,2025-08-04
ACC-4128,2024-06-01,Enterprise,Retail,206,6623.41,38,1,27.0,12.0,0,2025-04-05
ACC-4129,2022-11-06,Growth,Finance,11,218.83,41,1,18.0,7.0,0,2025-11-26
ACC-4130,2023-03-09,Scale,Education,52,1124.7,46,0,22.0,47.0,0,2025-06-26
ACC-4131,2024-06-12,Growth,Education,18,302.74,40,2,22.0,36.0,0,2026-03-31
ACC-4132,2022-03-22,Starter,Education,2,21.77,10,3,22.0,60.0,0,2026-05-05
ACC-4133,2021-06-02,Scale,Education,43,963.89,42,2,24.0,-0.0,0,2025-08-26
ACC-4134,2021-12-23,Growth,Healthcare,16,401.62,40,0,26.0,6.0,0,2025-04-23
ACC-4135,2023-03-15,Growth,Education,13,229.36,39,1,19.0,54.0,0,2025-05-17
ACC-4136,2022-03-27,Starter,Manufacturing,5,54.69,39,1,14.0,37.0,0,2025-04-27
ACC-4137,2021-12-23,Scale,Manufacturing,46,1074.37,8,3,13.0,17.0,0,2025-07-27
ACC-4138,2022-07-08,Growth,Finance,18,317.91,24,3,31.0,40.0,1,2025-01-18
ACC-4139,2024-07-24,Scale,Public sector,36,927.91,31,4,20.0,25.0,0,2025-07-20
ACC-4140,2022-02-10,Growth,Healthcare,12,178.24,30,3,23.0,-8.0,1,2026-03-02
ACC-4141,2024-03-16,Scale,Education,41,839.05,28,6,21.0,63.0,0,2026-02-15
ACC-4142,2022-11-25,Starter,Retail,3,26.36,3,8,6.0,29.0,0,2026-02-19
ACC-4143,2022-08-12,Scale,Education,52,1167.37,35,2,28.0,47.0,0,2025-10-08
ACC-4144,2024-03-30,Enterprise,Healthcare,193,6983.74,27,2,25.0,16.0,0,2025-04-27
ACC-4145,2023-03-02,Growth,Education,10,220.03,44,1,23.0,58.0,0,2025-08-16
ACC-4146,2024-04-08,Scale,Manufacturing,42,751.8,33,5,8.0,43.0,0,2025-01-05
ACC-4147,2023-10-10,Starter,Education,1,13.06,36,2,17.0,34.0,0,2025-09-07
ACC-4148,2023-06-21,Enterprise,Retail,170,3855.57,25,3,30.0,24.0,0,2026-03-29
ACC-4149,2024-11-24,Starter,Manufacturing,1,13.49,1,6,12.0,30.0,0,2025-03-03
ACC-4150,2021-03-22,Enterprise,Education,189,5364.66,3,3,31.0,35.0,1,2026-02-15
ACC-4151,2021-08-15,Starter,Finance,3,32.87,21,2,18.0,71.0,0,2026-04-01
ACC-4152,2024-01-18,Starter,Education,4,49.91,34,4,4.0,38.0,0,2026-01-12
ACC-4153,2022-10-02,Starter,Finance,2,23.51,29,5,13.0,22.0,0,2025-07-04
ACC-4154,2024-09-02,Growth,Healthcare,17,325.34,6,4,19.0,59.0,0,2026-04-02
ACC-4155,2023-09-30,Starter,Healthcare,3,31.93,37,4,22.0,23.0,0,2025-08-20
ACC-4156,2023-10-07,Scale,Manufacturing,30,679.14,33,2,23.0,12.0,0,2025-08-19
ACC-4157,2022-04-12,Growth,Finance,14,249.12,38,0,22.0,41.0,0,2025-01-11
ACC-4158,2021-05-03,Starter,Manufacturing,1,13.14,15,6,23.0,44.0,1,2025-03-22
ACC-4159,2023-11-16,Enterprise,Public sector,165,4393.6,28,5,19.0,65.0,0,2025-05-14
ACC-4160,2021-03-18,Starter,Healthcare,5,60.63,26,2,18.0,44.0,1,2025-01-18
ACC-4161,2023-11-21,Growth,Education,11,217.07,12,4,11.0,17.0,0,2025-12-06
ACC-4162,2021-03-05,Growth,Finance,10,183.87,32,5,9.0,29.0,0,2025-08-23
ACC-4163,2022-05-21,Growth,Public sector,10,169.23,25,2,28.0,49.0,0,2025-06-17
ACC-4164,2024-03-10,Starter,Manufacturing,7,76.8,7,4,17.0,34.0,0,2025-11-09
ACC-4165,2021-04-16,Growth,Healthcare,8,146.52,14,4,7.0,27.0,1,2025-03-17
ACC-4166,2025-01-28,Scale,Retail,45,1109.31,6,3,16.0,28.0,1,2025-05-13
ACC-4167,2022-02-05,Scale,Education,41,1147.06,15,6,33.0,55.0,0,2025-12-16
ACC-4168,2023-10-30,Growth,Manufacturing,11,196.1,5,6,24.0,2.0,1,2025-02-03
ACC-4169,2021-11-14,Growth,Education,16,280.87,30,2,13.0,67.0,0,2026-03-10
ACC-4170,2021-02-25,Growth,Healthcare,14,256.67,17,2,20.0,18.0,0,2025-07-17
ACC-4171,2024-03-25,Scale,Healthcare,38,978.55,19,3,26.0,26.0,0,2026-01-04
ACC-4172,2021-06-27,Growth,Public sector,12,224.5,44,1,20.0,-0.0,0,2025-10-10
ACC-4173,2022-02-02,Starter,Manufacturing,1,10.75,35,5,17.0,42.0,0,2025-02-05
ACC-4174,2023-09-06,Growth,Finance,12,215.45,27,0,20.0,48.0,0,2025-11-18
ACC-4175,2023-07-23,Growth,Retail,16,271.71,40,3,19.0,32.0,0,2025-01-16
ACC-4176,2023-01-13,Growth,Public sector,9,168.97,34,2,18.0,43.0,0,2025-07-04
ACC-4177,2022-01-15,Growth,Manufacturing,8,145.11,34,2,19.0,14.0,0,2026-04-15
ACC-4178,2021-08-29,Starter,Healthcare,4,46.6,3,4,21.0,42.0,1,2025-02-13
ACC-4179,2021-03-30,Enterprise,Manufacturing,172,4525.34,41,3,12.0,43.0,0,2025-06-23
ACC-4180,2023-07-20,Growth,Education,13,207.69,38,2,21.0,8.0,0,2025-05-25
ACC-4181,2024-07-03,Growth,Healthcare,9,153.33,13,7,13.0,48.0,1,2026-01-10
ACC-4182,2022-06-17,Starter,Healthcare,3,35.08,37,0,26.0,-21.0,0,2026-03-03
ACC-4183,2022-11-15,Growth,Manufacturing,13,244.2,39,4,11.0,44.0,0,2025-01-15
ACC-4184,2022-01-03,Starter,Finance,1,10.3,9,7,17.0,36.0,0,2025-06-25
ACC-4185,2024-01-20,Starter,Retail,4,36.83,18,3,22.0,11.0,0,2025-08-20
ACC-4186,2021-06-23,Starter,Public sector,3,35.23,47,2,30.0,28.0,0,2025-09-01
ACC-4187,2024-01-25,Growth,Healthcare,14,268.46,2,7,13.0,36.0,0,2026-01-07
ACC-4188,2023-03-15,Starter,Retail,1,11.63,8,5,18.0,48.0,1,2025-09-13
ACC-4189,2024-01-05,Starter,Education,3,38.97,36,2,21.0,-4.0,0,2025-11-22
ACC-4190,2023-08-02,Growth,Manufacturing,7,115.81,22,3,20.0,43.0,0,2025-05-13
ACC-4191,2022-06-24,Growth,Healthcare,10,189.48,24,5,6.0,16.0,1,2025-01-20
ACC-4192,2021-04-19,Enterprise,Manufacturing,166,5472.38,46,1,29.0,30.0,0,2025-11-04
ACC-4193,2022-03-06,Growth,Healthcare,12,243.32,18,6,9.0,68.0,1,2026-05-12
ACC-4194,2021-01-16,Scale,Finance,41,946.98,43,0,12.0,-17.0,0,2025-05-06
ACC-4195,2022-10-08,Growth,Retail,16,333.79,1,3,19.0,57.0,1,2025-09-21
ACC-4196,2023-10-10,Scale,Retail,34,921.49,17,6,15.0,54.0,0,2025-06-08
ACC-4197,2022-06-14,Starter,Education,4,52.7,27,3,20.0,-10.0,0,2026-02-26
ACC-4198,2023-08-17,Growth,Finance,17,291.26,9,8,21.0,32.0,1,2025-05-17
ACC-4199,2023-08-17,Growth,Public sector,10,147.98,18,6,8.0,36.0,1,2026-01-15
ACC-4200,2022-02-08,Starter,Retail,4,56.45,24,5,15.0,44.0,1,2025-02-16
ACC-4201,2021-11-03,Scale,Retail,33,760.59,9,2,22.0,51.0,0,2025-12-02
ACC-4202,2024-09-15,Growth,Education,14,221.9,16,5,20.0,53.0,0,2026-02-17
ACC-4203,2023-04-24,Starter,Public sector,4,47.0,9,6,10.0,-3.0,0,2026-02-19
ACC-4204,2022-06-29,Enterprise,Finance,175,4971.61,13,5,18.0,23.0,1,2025-04-24
ACC-4205,2022-04-08,Scale,Education,38,884.72,4,4,15.0,10.0,0,2025-05-02
ACC-4206,2021-05-11,Growth,Healthcare,10,167.95,40,0,15.0,13.0,0,2025-08-22
ACC-4207,2023-01-15,Starter,Healthcare,2,29.01,40,2,17.0,-0.0,0,2025-05-15
ACC-4208,2021-02-06,Starter,Public sector,1,10.92,46,3,16.0,25.0,0,2025-10-19
ACC-4209,2024-03-19,Growth,Retail,13,257.89,47,2,22.0,32.0,0,2025-09-26
ACC-4210,2024-05-04,Growth,Public sector,11,187.31,30,4,22.0,15.0,0,2025-06-22
ACC-4211,2024-04-29,Starter,Healthcare,2,27.5,38,1,22.0,39.0,0,2025-11-01
ACC-4212,2023-03-10,Growth,Education,13,182.14,40,3,23.0,-16.0,0,2025-06-10
ACC-4213,2023-11-13,Starter,Retail,2,23.42,30,6,17.0,42.0,1,2025-04-13
ACC-4214,2023-12-16,Growth,Healthcare,8,131.68,32,4,18.0,81.0,0,2025-02-21
ACC-4215,2021-05-20,Scale,Manufacturing,52,1269.68,35,3,13.0,-2.0,0,2025-10-02
ACC-4216,2022-09-22,Enterprise,Finance,168,4224.6,37,3,26.0,31.0,0,2025-10-10
ACC-4217,2021-04-06,Scale,Public sector,44,946.06,24,3,18.0,31.0,0,2026-04-15
ACC-4218,2023-07-18,Growth,Retail,15,250.3,38,4,34.0,33.0,0,2025-03-17
ACC-4219,2022-09-11,Scale,Manufacturing,53,1365.02,30,3,24.0,18.0,0,2025-02-19
ACC-4220,2022-11-05,Starter,Manufacturing,7,79.17,27,0,20.0,65.0,0,2025-09-18
ACC-4221,2022-02-18,Starter,Retail,2,21.23,40,1,12.0,33.0,0,2025-05-07
ACC-4222,2024-03-17,Growth,Healthcare,9,158.32,6,7,22.0,-15.0,0,2025-12-16
ACC-4223,2024-06-24,Starter,Finance,5,48.11,17,1,15.0,-18.0,0,2025-05-17
ACC-4224,2021-03-01,Starter,Finance,3,32.07,25,5,14.0,40.0,0,2025-04-15
ACC-4225,2021-08-21,Enterprise,Finance,170,5050.23,43,2,12.0,73.0,0,2025-10-13
ACC-4226,2023-03-05,Scale,Manufacturing,45,1169.6,22,7,25.0,-2.0,0,2026-03-29
ACC-4227,2021-10-22,Starter,Manufacturing,1,13.64,6,8,6.0,47.0,1,2025-10-03
ACC-4228,2022-07-08,Scale,Public sector,47,909.53,17,2,22.0,54.0,0,2025-06-27
ACC-4229,2025-01-07,Starter,Finance,1,9.61,44,1,15.0,26.0,0,2025-06-30
ACC-4230,2024-01-02,Scale,Healthcare,44,1266.26,23,4,23.0,24.0,0,2026-01-17
ACC-4231,2021-03-04,Enterprise,Retail,172,4715.71,21,1,11.0,39.0,1,2025-05-23
ACC-4232,2023-10-09,Growth,Manufacturing,10,182.55,11,2,17.0,43.0,1,2026-04-04
ACC-4233,2021-04-27,Growth,Education,15,296.58,32,2,18.0,21.0,0,2025-02-13
ACC-4234,2022-04-06,Scale,Retail,46,1187.66,44,2,40.0,56.0,0,2025-07-26
ACC-4235,2021-10-27,Starter,Healthcare,2,23.51,21,4,18.0,10.0,0,2025-06-17
ACC-4236,2023-06-05,Growth,Manufacturing,12,221.87,41,2,27.0,35.0,0,2025-11-05
ACC-4237,2024-09-29,Starter,Retail,3,31.61,4,6,22.0,27.0,0,2025-11-16
ACC-4238,2021-11-15,Starter,Retail,6,67.87,5,6,8.0,44.0,0,2025-09-27
ACC-4239,2024-09-01,Starter,Healthcare,4,51.47,23,4,25.0,2.0,0,2026-03-01
ACC-4240,2023-04-20,Starter,Retail,2,23.98,27,4,24.0,12.0,1,2025-07-06
ACC-4241,2021-06-18,Starter,Healthcare,5,64.05,14,1,24.0,36.0,0,2025-09-28
ACC-4242,2024-10-13,Starter,Manufacturing,4,51.46,38,2,24.0,-0.0,0,2026-02-05
ACC-4243,2023-10-17,Starter,Manufacturing,3,31.58,22,4,0.0,58.0,1,2025-01-21
ACC-4244,2022-05-22,Growth,Manufacturing,9,156.43,13,6,17.0,36.0,1,2026-03-18
ACC-4245,2023-01-20,Enterprise,Healthcare,164,4505.59,15,3,14.0,34.0,1,2025-01-19
ACC-4246,2021-06-17,Starter,Education,1,10.23,9,5,12.0,44.0,1,2026-01-30
ACC-4247,2024-10-18,Starter,Manufacturing,3,37.5,27,4,24.0,20.0,0,2025-05-11
ACC-4248,2021-05-28,Growth,Education,11,237.27,33,0,31.0,28.0,0,2026-04-21
ACC-4249,2022-09-18,Scale,Manufacturing,43,1113.14,36,2,33.0,15.0,0,2025-11-17
ACC-4250,2021-02-06,Starter,Finance,1,11.02,31,1,30.0,6.0,0,2025-05-26
ACC-4251,2022-04-12,Growth,Public sector,16,231.28,24,1,21.0,39.0,0,2026-02-17
ACC-4252,2023-07-17,Starter,Healthcare,5,72.43,17,1,20.0,2.0,0,2026-03-20
ACC-4253,2023-07-20,Scale,Retail,38,1073.81,46,0,24.0,51.0,0,2026-03-07
ACC-4254,2021-03-30,Scale,Finance,43,1206.18,40,3,22.0,36.0,0,2025-09-23
ACC-4255,2022-11-30,Enterprise,Public sector,206,4397.78,20,2,31.0,17.0,1,2025-05-26
ACC-4256,2024-07-26,Starter,Retail,7,91.54,33,1,25.0,41.0,0,2026-04-27
ACC-4257,2023-10-05,Starter,Finance,5,67.18,35,3,20.0,20.0,0,2025-11-13
ACC-4258,2021-07-17,Growth,Manufacturing,9,160.05,34,1,16.0,11.0,0,2025-07-18
ACC-4259,2022-02-12,Starter,Retail,4,41.16,16,1,22.0,45.0,1,2025-10-09
ACC-4260,2023-03-20,Starter,Finance,1,13.07,7,3,23.0,26.0,0,2025-03-08
ACC-4261,2022-02-22,Starter,Healthcare,1,10.84,4,5,16.0,-11.0,0,2026-04-17
ACC-4262,2021-06-19,Scale,Manufacturing,43,984.7,38,1,39.0,53.0,0,2025-06-21
ACC-4263,2021-06-30,Enterprise,Public sector,194,5947.47,7,2,39.0,43.0,0,2025-02-22
ACC-4264,2021-12-08,Starter,Retail,2,22.17,9,6,7.0,39.0,0,2026-03-22
ACC-4265,2023-10-25,Growth,Healthcare,14,210.46,6,4,26.0,52.0,1,2025-02-07
ACC-4266,2024-08-09,Enterprise,Manufacturing,205,6142.72,40,2,24.0,8.0,0,2025-05-30
ACC-4267,2024-04-02,Starter,Manufacturing,4,55.2,9,7,9.0,44.0,0,2025-08-13
ACC-4268,2022-04-05,Scale,Finance,52,1437.26,42,0,35.0,62.0,0,2025-03-10
ACC-4269,2022-08-05,Growth,Retail,16,315.51,4,4,21.0,33.0,0,2025-07-27
ACC-4270,2022-08-05,Scale,Manufacturing,41,1088.27,17,5,10.0,10.0,1,2025-04-05
ACC-4271,2022-01-09,Growth,Education,13,220.08,35,2,19.0,11.0,0,2025-01-07
ACC-4272,2023-06-19,Growth,Manufacturing,18,334.64,30,3,11.0,28.0,0,2025-10-23
ACC-4273,2021-02-23,Growth,Education,14,226.96,3,8,19.0,51.0,0,2026-05-01
ACC-4274,2021-06-16,Growth,Education,19,285.73,26,4,25.0,47.0,0,2025-03-07
ACC-4275,2022-09-20,Growth,Finance,11,178.75,12,4,19.0,32.0,0,2025-12-03
ACC-4276,2022-09-20,Growth,Finance,19,302.59,33,1,14.0,60.0,0,2026-02-17
ACC-4277,2023-05-23,Enterprise,Manufacturing,157,5142.96,14,8,8.0,56.0,0,2026-02-28
ACC-4278,2022-04-15,Growth,Public sector,7,141.42,32,2,25.0,-21.0,0,2025-09-26
ACC-4279,2021-01-22,Growth,Healthcare,16,225.12,14,5,20.0,58.0,0,2025-05-03
ACC-4280,2022-07-07,Starter,Retail,2,21.16,17,4,18.0,16.0,0,2025-08-18
ACC-4281,2021-06-08,Starter,Healthcare,1,10.56,39,2,25.0,23.0,1,2025-06-26
ACC-4282,2023-10-29,Scale,Public sector,48,1116.5,28,3,13.0,61.0,0,2026-02-13
ACC-4283,2023-02-23,Growth,Manufacturing,13,246.57,46,1,23.0,25.0,0,2025-07-05
ACC-4284,2021-01-29,Starter,Education,1,13.87,3,8,20.0,17.0,1,2025-11-01
ACC-4285,2024-05-24,Starter,Finance,3,27.59,35,3,25.0,52.0,0,2026-01-07
ACC-4286,2021-06-19,Growth,Healthcare,6,107.61,2,5,17.0,33.0,1,2025-12-15
ACC-4287,2021-04-12,Starter,Retail,6,80.29,1,7,21.0,11.0,1,2026-01-11
ACC-4288,2024-07-09,Enterprise,Manufacturing,177,5956.41,22,2,17.0,14.0,1,2025-11-25
ACC-4289,2023-06-29,Starter,Manufacturing,4,53.08,36,2,24.0,48.0,0,2026-04-19
ACC-4290,2024-12-24,Scale,Public sector,47,1122.56,38,5,11.0,16.0,0,2025-06-08
ACC-4291,2021-01-12,Starter,Healthcare,4,53.46,39,3,16.0,54.0,0,2025-06-28
ACC-4292,2022-07-03,Starter,Finance,3,36.53,9,5,12.0,5.0,1,2025-09-05
ACC-4293,2024-05-14,Scale,Finance,43,1084.09,28,4,10.0,7.0,0,2025-07-16
ACC-4294,2022-01-07,Scale,Public sector,44,971.22,26,4,27.0,30.0,0,2025-02-18
ACC-4295,2024-03-27,Enterprise,Manufacturing,193,5964.29,18,5,19.0,53.0,1,2026-05-07
ACC-4296,2023-07-20,Growth,Retail,10,182.8,6,3,16.0,3.0,0,2026-03-19
ACC-4297,2022-09-26,Starter,Finance,1,15.55,18,1,24.0,44.0,0,2025-05-05
ACC-4298,2022-01-24,Scale,Retail,49,1384.77,9,3,27.0,7.0,0,2025-08-14
ACC-4299,2022-11-09,Starter,Education,1,11.22,6,6,12.0,38.0,1,2025-09-05
ACC-4300,2022-09-11,Starter,Healthcare,8,107.99,34,2,17.0,9.0,1,2025-02-27
ACC-4301,2023-03-15,Starter,Finance,7,80.6,22,4,19.0,52.0,0,2025-04-24
ACC-4302,2025-01-20,Growth,Manufacturing,5,108.1,36,3,15.0,40.0,0,2026-02-13
ACC-4303,2023-09-22,Growth,Education,15,273.23,22,2,7.0,-3.0,0,2025-04-07
ACC-4304,2021-01-18,Starter,Education,5,54.65,10,4,32.0,26.0,1,2025-07-19
ACC-4305,2022-12-24,Growth,Healthcare,12,214.61,20,3,35.0,91.0,0,2026-01-02
ACC-4306,2022-05-28,Growth,Retail,12,183.69,25,2,23.0,10.0,0,2025-01-09
ACC-4307,2021-03-09,Scale,Healthcare,44,1047.07,30,6,5.0,42.0,0,2025-03-29
ACC-4308,2024-10-01,Growth,Public sector,13,277.78,35,3,25.0,35.0,0,2025-02-09
ACC-4309,2021-05-25,Growth,Retail,11,198.33,26,1,24.0,5.0,0,2026-04-01
ACC-4310,2021-04-22,Starter,Public sector,1,12.28,2,3,22.0,57.0,0,2025-12-20
ACC-4311,2024-03-18,Scale,Manufacturing,42,803.15,39,4,8.0,42.0,0,2025-08-20
ACC-4312,2021-04-14,Growth,Healthcare,12,197.66,21,4,16.0,16.0,1,2026-04-05
ACC-4313,2024-09-14,Starter,Public sector,1,11.91,1,4,9.0,-9.0,0,2025-01-23
ACC-4314,2021-02-17,Starter,Finance,2,21.47,41,3,22.0,11.0,1,2025-01-31
ACC-4315,2022-06-30,Starter,Education,2,21.55,4,6,15.0,1.0,0,2026-04-11
ACC-4316,2024-08-15,Scale,Retail,49,1394.75,26,8,24.0,30.0,0,2025-09-19
ACC-4317,2021-08-13,Enterprise,Manufacturing,173,5919.6,18,1,21.0,55.0,1,2025-07-02
ACC-4318,2025-01-21,Starter,Manufacturing,4,56.32,33,1,30.0,40.0,0,2025-02-19
ACC-4319,2025-01-12,Growth,Public sector,12,213.37,11,4,16.0,33.0,0,2025-11-12
ACC-4320,2023-11-26,Starter,Public sector,3,39.68,21,3,31.0,41.0,0,2025-09-15
ACC-4321,2022-11-09,Scale,Education,33,728.97,41,0,20.0,40.0,0,2025-11-02
ACC-4322,2022-05-16,Scale,Retail,38,878.54,40,4,20.0,-2.0,0,2026-01-08
ACC-4323,2021-07-07,Growth,Finance,12,220.52,11,4,21.0,10.0,0,2025-11-10
ACC-4324,2021-09-08,Starter,Finance,6,50.36,8,10,16.0,28.0,1,2025-04-08
ACC-4325,2022-06-23,Scale,Retail,43,1071.99,38,0,19.0,59.0,0,2025-06-28
ACC-4326,2021-01-17,Starter,Public sector,7,82.95,20,9,5.0,41.0,0,2025-08-09
ACC-4327,2023-12-02,Starter,Public sector,2,26.7,36,1,20.0,5.0,1,2025-07-12
ACC-4328,2024-10-02,Starter,Retail,5,65.43,11,3,24.0,-17.0,0,2025-11-26
ACC-4329,2021-02-17,Enterprise,Education,179,5030.79,5,7,10.0,51.0,1,2025-10-25
ACC-4330,2024-12-30,Scale,Retail,46,955.94,24,3,20.0,11.0,0,2025-09-04
ACC-4331,2024-04-13,Scale,Finance,34,796.79,12,6,6.0,52.0,1,2025-04-19
ACC-4332,2022-05-19,Starter,Public sector,1,12.72,35,4,25.0,6.0,0,2025-03-09
ACC-4333,2021-03-10,Growth,Public sector,11,213.68,6,5,13.0,5.0,1,2025-01-17
ACC-4334,2024-12-07,Enterprise,Public sector,163,4840.2,35,1,17.0,78.0,1,2026-02-04
ACC-4335,2024-09-26,Growth,Public sector,12,216.57,2,6,8.0,42.0,1,2025-12-10
ACC-4336,2022-02-05,Starter,Finance,4,51.89,37,1,22.0,46.0,0,2025-06-23
ACC-4337,2023-10-17,Starter,Education,1,12.04,11,3,14.0,28.0,1,2025-12-05
ACC-4338,2024-07-16,Scale,Healthcare,43,1217.25,17,4,11.0,50.0,0,2025-10-09
ACC-4339,2021-08-16,Starter,Education,4,31.31,37,2,22.0,52.0,0,2025-08-21
ACC-4340,2021-02-10,Scale,Education,44,1017.51,46,1,33.0,17.0,0,2025-09-03
ACC-4341,2022-10-06,Starter,Finance,2,24.25,39,0,17.0,39.0,0,2025-05-05
ACC-4342,2023-09-24,Growth,Education,8,162.35,2,5,26.0,-5.0,0,2026-03-02
ACC-4343,2021-11-26,Growth,Manufacturing,11,213.52,38,6,11.0,31.0,0,2026-01-24
ACC-4344,2022-03-24,Scale,Education,56,1159.04,24,4,24.0,54.0,0,2026-04-14
ACC-4345,2022-03-19,Enterprise,Education,174,5691.5,16,4,14.0,36.0,0,2025-08-06
ACC-4346,2023-09-22,Scale,Healthcare,29,730.73,7,3,13.0,31.0,0,2025-08-07
ACC-4347,2022-02-04,Starter,Manufacturing,4,51.02,28,2,25.0,8.0,0,2026-03-04
ACC-4348,2021-10-22,Starter,Manufacturing,9,112.06,38,2,8.0,-33.0,0,2025-07-31
ACC-4349,2023-09-19,Growth,Healthcare,8,144.48,11,2,22.0,32.0,1,2026-03-09
ACC-4350,2021-02-27,Starter,Healthcare,5,60.27,1,5,12.0,30.0,0,2025-03-15
ACC-4351,2021-04-12,Scale,Retail,36,957.09,34,1,29.0,31.0,0,2025-01-12
ACC-4352,2023-03-29,Scale,Retail,48,1170.55,25,3,21.0,14.0,0,2025-03-26
ACC-4353,2024-08-20,Starter,Finance,3,34.18,37,1,40.0,34.0,0,2025-01-05
ACC-4354,2021-05-09,Starter,Education,2,27.08,3,9,9.0,9.0,0,2025-09-20
ACC-4355,2021-08-31,Growth,Public sector,7,132.2,11,7,14.0,10.0,0,2025-06-22
ACC-4356,2023-01-03,Growth,Manufacturing,12,221.13,9,2,26.0,30.0,0,2025-04-18
ACC-4357,2022-02-20,Scale,Finance,50,1310.77,42,2,17.0,65.0,0,2025-10-19
ACC-4358,2021-03-08,Enterprise,Retail,185,5244.97,47,3,10.0,15.0,0,2026-03-24
ACC-4359,2023-11-04,Scale,Education,49,1152.65,35,2,15.0,41.0,0,2025-10-22
ACC-4360,2021-02-02,Growth,Manufacturing,8,146.63,2,7,26.0,24.0,1,2025-05-30
ACC-4361,2024-09-23,Starter,Healthcare,4,46.89,22,7,6.0,21.0,0,2025-03-11
ACC-4362,2023-12-21,Growth,Education,17,300.1,45,1,17.0,-8.0,0,2025-08-20
ACC-4363,2021-10-14,Enterprise,Education,211,6054.96,30,3,31.0,44.0,0,2025-04-06
ACC-4364,2021-02-20,Scale,Manufacturing,41,1160.84,43,1,30.0,32.0,0,2025-10-16
ACC-4365,2025-01-05,Starter,Retail,1,11.91,22,7,16.0,28.0,1,2026-05-03
ACC-4366,2024-07-31,Scale,Education,59,1586.91,34,4,19.0,21.0,0,2025-07-05
ACC-4367,2021-07-06,Starter,Finance,2,30.66,13,7,6.0,20.0,0,2025-12-02
ACC-4368,2023-04-14,Starter,Education,1,13.16,9,11,5.0,-8.0,1,2026-03-23
ACC-4369,2024-10-09,Starter,Public sector,2,31.38,3,3,26.0,53.0,1,2026-03-29
ACC-4370,2021-09-24,Growth,Healthcare,14,262.02,14,7,7.0,-11.0,0,2025-11-06
ACC-4371,2023-11-26,Starter,Public sector,4,58.97,35,2,23.0,-2.0,0,2025-12-14
ACC-4372,2024-11-10,Scale,Public sector,27,590.01,28,3,5.0,-8.0,1,2025-09-20
ACC-4373,2025-01-19,Growth,Finance,12,254.3,2,6,19.0,29.0,0,2025-03-02
ACC-4374,2024-08-04,Scale,Education,47,1169.98,44,3,32.0,60.0,0,2025-01-15
ACC-4375,2024-04-27,Starter,Public sector,4,47.84,3,1,17.0,57.0,0,2025-01-01
ACC-4376,2023-08-10,Growth,Education,12,211.76,19,3,29.0,17.0,0,2025-07-20
ACC-4377,2022-10-30,Scale,Education,45,1179.96,22,3,25.0,33.0,0,2025-02-05
ACC-4378,2021-07-25,Scale,Public sector,33,751.99,35,1,43.0,38.0,0,2025-08-22
ACC-4379,2021-04-16,Growth,Finance,15,261.03,47,2,27.0,55.0,0,2026-05-10
ACC-4380,2024-05-16,Starter,Retail,5,59.23,10,9,4.0,25.0,0,2025-03-18
ACC-4381,2024-06-12,Starter,Education,1,13.22,19,5,9.0,68.0,1,2026-01-24
ACC-4382,2023-07-25,Starter,Finance,2,23.58,30,3,29.0,12.0,0,2026-04-04
ACC-4383,2023-09-26,Starter,Public sector,1,10.53,17,3,31.0,83.0,1,2025-03-29
ACC-4384,2024-11-10,Growth,Education,14,252.34,15,4,22.0,44.0,0,2025-03-03
ACC-4385,2024-09-15,Growth,Retail,8,129.11,13,7,9.0,52.0,0,2025-04-10
ACC-4386,2024-10-24,Scale,Public sector,40,947.41,11,8,0.0,-16.0,1,2025-03-16
ACC-4387,2024-08-29,Scale,Education,38,774.27,39,1,16.0,23.0,0,2026-02-12
ACC-4388,2022-06-26,Growth,Education,9,203.89,15,3,21.0,31.0,0,2025-03-24
ACC-4389,2023-03-01,Starter,Manufacturing,1,12.12,31,2,24.0,38.0,0,2025-03-23
ACC-4390,2023-01-17,Starter,Manufacturing,1,11.45,39,2,17.0,5.0,0,2025-10-31
ACC-4391,2023-01-11,Growth,Finance,8,115.96,8,5,25.0,19.0,1,2026-05-10
ACC-4392,2024-11-04,Starter,Education,2,19.44,35,1,10.0,54.0,0,2025-04-14
ACC-4393,2024-10-24,Growth,Retail,12,191.69,9,6,27.0,-26.0,1,2025-07-01
ACC-4394,2022-04-08,Growth,Manufacturing,11,227.14,35,2,15.0,46.0,0,2025-05-24
ACC-4395,2025-01-07,Scale,Manufacturing,45,1027.51,45,3,13.0,33.0,0,2025-04-16
ACC-4396,2021-12-24,Starter,Public sector,7,74.59,10,5,15.0,20.0,1,2025-08-29
ACC-4397,2022-10-25,Growth,Education,11,182.1,2,8,7.0,37.0,0,2025-04-21
ACC-4398,2021-06-17,Starter,Healthcare,2,22.32,26,2,37.0,70.0,0,2025-12-02
ACC-4399,2021-05-04,Enterprise,Retail,184,6367.64,23,5,2.0,11.0,1,2025-01-09
ACC-4400,2023-10-15,Scale,Manufacturing,38,1146.16,11,3,22.0,53.0,0,2025-09-14
ACC-4401,2023-06-24,Growth,Healthcare,11,243.71,13,2,15.0,39.0,1,2025-03-23
ACC-4402,2023-10-22,Growth,Public sector,12,240.22,7,5,15.0,35.0,0,2026-05-09
ACC-4403,2024-09-26,Enterprise,Manufacturing,197,5694.5,29,4,4.0,26.0,0,2025-10-18
ACC-4404,2024-06-30,Scale,Education,53,1228.34,32,4,15.0,-0.0,0,2026-04-26
ACC-4405,2021-06-07,Starter,Education,7,85.63,20,4,18.0,6.0,1,2025-07-20
ACC-4406,2022-09-28,Growth,Finance,9,158.32,29,3,23.0,44.0,0,2025-11-04
ACC-4407,2023-10-30,Scale,Retail,54,1129.1,7,5,10.0,40.0,1,2025-01-27
ACC-4408,2021-12-29,Growth,Education,13,267.83,18,2,21.0,-13.0,0,2025-07-12
ACC-4409,2023-01-14,Starter,Retail,1,12.38,21,4,13.0,15.0,1,2025-06-14
ACC-4410,2023-08-31,Starter,Finance,4,43.59,34,2,20.0,16.0,1,2025-07-08
ACC-4411,2021-04-25,Enterprise,Education,206,7101.68,17,4,18.0,15.0,0,2026-03-22
ACC-4412,2021-08-28,Growth,Manufacturing,13,204.99,16,2,12.0,14.0,0,2025-05-25
ACC-4413,2022-06-11,Growth,Education,15,267.7,13,4,21.0,13.0,0,2025-01-07
ACC-4414,2022-12-21,Scale,Healthcare,41,1167.59,37,2,26.0,37.0,0,2025-08-16
ACC-4415,2022-08-03,Starter,Finance,5,55.56,24,4,16.0,33.0,0,2025-01-14
ACC-4416,2024-12-23,Starter,Manufacturing,1,12.94,18,8,8.0,62.0,0,2025-06-14
ACC-4417,2021-08-25,Scale,Public sector,53,1437.87,21,6,16.0,40.0,0,2026-03-07
ACC-4418,2023-06-27,Growth,Healthcare,17,268.21,15,7,0.0,28.0,1,2025-04-07
ACC-4419,2022-10-19,Starter,Retail,3,37.49,45,1,9.0,26.0,0,2025-12-02
ACC-4420,2022-06-04,Scale,Finance,39,896.85,37,1,26.0,32.0,0,2025-07-30
ACC-4421,2023-09-18,Growth,Manufacturing,12,195.66,10,3,23.0,-4.0,0,2026-02-02
ACC-4422,2022-01-12,Starter,Retail,4,43.5,17,5,21.0,15.0,0,2026-02-10
ACC-4423,2024-09-13,Growth,Public sector,19,356.95,8,3,20.0,5.0,0,2025-08-20
ACC-4424,2024-09-05,Starter,Finance,2,24.94,20,5,18.0,15.0,1,2026-04-16
ACC-4425,2021-12-26,Starter,Education,4,44.17,19,3,23.0,33.0,0,2025-05-26
ACC-4426,2023-07-15,Growth,Finance,9,144.63,47,1,29.0,42.0,0,2026-03-25
ACC-4427,2021-04-20,Growth,Healthcare,14,266.08,18,4,18.0,22.0,0,2025-07-21
ACC-4428,2024-08-25,Starter,Manufacturing,4,59.39,2,11,2.0,45.0,0,2025-05-17
ACC-4429,2023-06-10,Growth,Public sector,9,161.02,42,3,9.0,39.0,0,2026-04-08
ACC-4430,2022-07-18,Growth,Manufacturing,8,138.93,30,1,26.0,36.0,0,2025-02-15
ACC-4431,2021-04-16,Scale,Finance,32,774.37,22,5,22.0,32.0,0,2025-09-06
ACC-4432,2024-08-06,Starter,Manufacturing,2,26.98,36,2,17.0,62.0,0,2025-07-17
ACC-4433,2022-11-22,Enterprise,Finance,178,4540.69,24,4,26.0,32.0,0,2025-12-09
ACC-4434,2022-03-23,Scale,Retail,43,1069.42,13,6,21.0,24.0,0,2025-11-17
ACC-4435,2022-09-23,Starter,Manufacturing,1,10.77,37,2,10.0,60.0,0,2025-10-11
ACC-4436,2021-11-25,Scale,Healthcare,51,1179.9,28,3,12.0,60.0,0,2025-07-22
ACC-4437,2022-07-16,Starter,Finance,7,106.06,33,0,18.0,23.0,0,2025-04-24
ACC-4438,2024-02-06,Enterprise,Retail,180,6743.75,46,2,27.0,8.0,0,2025-12-26
ACC-4439,2024-09-04,Enterprise,Manufacturing,200,6371.76,5,3,15.0,6.0,1,2025-01-26
ACC-4440,2022-01-17,Growth,Healthcare,12,193.86,25,2,18.0,32.0,0,2026-02-05
ACC-4441,2021-08-18,Starter,Education,5,66.27,19,5,12.0,37.0,0,2026-01-11
ACC-4442,2021-02-10,Scale,Manufacturing,53,1063.07,4,8,5.0,5.0,1,2026-03-25
ACC-4443,2022-10-13,Growth,Public sector,5,106.83,20,3,28.0,51.0,0,2026-02-15
ACC-4444,2021-06-30,Starter,Public sector,3,35.89,6,5,17.0,43.0,1,2025-08-12
ACC-4445,2023-06-14,Starter,Public sector,4,42.72,38,1,24.0,47.0,0,2025-01-04
ACC-4446,2023-09-24,Starter,Education,5,71.34,30,0,21.0,53.0,0,2025-07-15
ACC-4447,2024-03-06,Starter,Manufacturing,5,63.28,13,7,19.0,17.0,0,2025-12-24
ACC-4448,2024-02-15,Scale,Education,41,989.75,34,1,29.0,25.0,0,2025-01-06
ACC-4449,2022-08-11,Starter,Education,3,30.13,33,4,24.0,23.0,0,2025-02-03
ACC-4450,2023-10-14,Starter,Healthcare,1,13.45,47,0,29.0,20.0,0,2025-04-16
ACC-4451,2021-01-03,Scale,Manufacturing,47,1312.97,21,2,21.0,-25.0,1,2025-09-15
ACC-4452,2022-10-12,Starter,Manufacturing,4,51.2,2,1,18.0,41.0,0,2025-04-19
ACC-4453,2024-05-07,Scale,Manufacturing,49,1194.52,36,2,20.0,79.0,0,2025-11-23
ACC-4454,2024-05-17,Starter,Public sector,2,26.3,33,8,11.0,25.0,0,2026-05-10
ACC-4455,2023-11-29,Enterprise,Manufacturing,187,6359.48,30,7,10.0,15.0,1,2026-01-11
ACC-4456,2023-02-15,Growth,Healthcare,6,94.52,19,3,16.0,9.0,1,2026-02-15
ACC-4457,2024-12-13,Starter,Education,4,53.66,15,5,11.0,39.0,0,2025-05-30
ACC-4458,2023-04-04,Starter,Education,4,52.65,9,6,12.0,-21.0,0,2025-07-27
ACC-4459,2021-09-28,Starter,Public sector,2,25.55,37,3,23.0,29.0,0,2025-11-13
ACC-4460,2024-03-28,Growth,Finance,11,202.27,34,5,9.0,86.0,0,2025-03-21
ACC-4461,2025-02-02,Growth,Manufacturing,9,175.69,25,5,27.0,23.0,0,2026-01-18
ACC-4462,2021-08-29,Scale,Finance,46,907.69,3,5,8.0,-7.0,0,2026-05-07
ACC-4463,2021-06-25,Enterprise,Public sector,189,6991.43,5,4,17.0,27.0,0,2026-02-20
ACC-4464,2025-02-04,Growth,Retail,11,227.8,20,3,22.0,58.0,0,2026-04-17
ACC-4465,2021-08-26,Growth,Education,9,192.48,32,4,9.0,25.0,0,2025-10-17
ACC-4466,2021-01-23,Starter,Public sector,3,30.38,41,3,21.0,-10.0,1,2025-03-16
ACC-4467,2021-02-22,Scale,Public sector,39,897.28,14,3,21.0,17.0,0,2025-03-05
ACC-4468,2022-08-23,Scale,Finance,43,1267.15,30,3,14.0,-9.0,0,2026-04-02
ACC-4469,2024-01-30,Scale,Education,42,1104.56,44,0,19.0,7.0,0,2025-07-19
ACC-4470,2021-12-30,Growth,Education,8,146.47,22,0,26.0,25.0,0,2026-03-17
ACC-4471,2024-03-30,Starter,Manufacturing,5,58.8,16,5,11.0,23.0,1,2025-08-20
ACC-4472,2023-08-24,Growth,Healthcare,10,148.88,31,3,29.0,50.0,0,2025-07-21
ACC-4473,2022-11-17,Starter,Retail,4,61.2,12,6,16.0,64.0,1,2025-05-14
ACC-4474,2022-04-20,Scale,Public sector,41,1172.84,14,2,22.0,34.0,0,2026-04-03
ACC-4475,2022-05-26,Starter,Public sector,2,22.38,14,5,0.0,35.0,0,2025-11-24
ACC-4476,2021-10-21,Growth,Finance,11,195.25,15,4,17.0,5.0,0,2026-02-03
ACC-4477,2021-08-18,Starter,Education,1,10.82,10,6,12.0,24.0,0,2025-04-10
ACC-4478,2024-06-23,Starter,Retail,3,31.85,41,1,15.0,7.0,0,2025-02-12
ACC-4479,2024-10-25,Scale,Retail,51,1082.08,7,10,0.0,56.0,1,2025-03-19
ACC-4480,2023-12-06,Scale,Public sector,47,1301.67,44,2,29.0,18.0,0,2025-09-10
ACC-4481,2022-08-03,Starter,Education,2,24.15,23,4,15.0,14.0,1,2025-04-27
ACC-4482,2024-07-12,Enterprise,Healthcare,199,5336.78,8,4,16.0,25.0,0,2025-06-19
ACC-4483,2022-08-23,Starter,Education,4,43.82,36,1,25.0,44.0,0,2026-01-06
ACC-4484,2021-08-11,Starter,Healthcare,3,32.85,29,4,8.0,5.0,1,2025-06-18
ACC-4485,2024-09-20,Scale,Finance,52,1113.43,43,3,12.0,7.0,0,2026-02-16
ACC-4486,2023-07-16,Growth,Finance,10,158.46,45,0,36.0,76.0,0,2025-09-26
ACC-4487,2023-10-16,Scale,Finance,51,963.62,24,5,20.0,45.0,1,2025-12-15
ACC-4488,2023-05-17,Starter,Manufacturing,5,47.34,1,7,14.0,8.0,1,2026-03-17
ACC-4489,2021-08-25,Growth,Healthcare,11,196.32,14,7,8.0,34.0,0,2025-05-30
ACC-4490,2024-03-26,Starter,Manufacturing,1,8.83,19,2,11.0,56.0,0,2025-07-28
ACC-4491,2022-08-20,Scale,Education,34,620.3,19,1,29.0,30.0,0,2025-01-06
ACC-4492,2021-12-08,Growth,Finance,11,177.49,28,1,19.0,49.0,0,2025-11-29
ACC-4493,2022-10-24,Growth,Education,17,320.12,39,0,27.0,8.0,0,2025-12-13
ACC-4494,2024-09-27,Scale,Education,43,1081.52,37,1,18.0,32.0,0,2025-08-30
ACC-4495,2022-08-07,Growth,Finance,6,109.5,16,5,14.0,-3.0,0,2025-04-23
ACC-4496,2023-09-21,Starter,Manufacturing,3,35.82,38,2,15.0,-4.0,0,2026-01-08
ACC-4497,2022-05-20,Growth,Retail,14,228.35,36,1,25.0,39.0,0,2025-12-12
ACC-4498,2021-06-14,Starter,Retail,2,20.34,28,7,17.0,7.0,1,2026-03-20
ACC-4499,2024-03-30,Starter,Healthcare,3,35.95,1,2,28.0,76.0,1,2025-04-02
ACC-4500,2023-06-10,Scale,Public sector,32,762.86,36,3,34.0,5.0,0,2026-04-07
ACC-4501,2022-04-26,Growth,Healthcare,14,216.66,41,0,20.0,82.0,0,2025-06-11
ACC-4502,2021-10-17,Scale,Retail,41,1051.59,1,3,24.0,65.0,1,2025-02-13
ACC-4503,2021-08-09,Starter,Finance,4,39.88,10,2,12.0,32.0,1,2025-10-01
ACC-4504,2024-07-11,Scale,Retail,35,969.51,34,3,14.0,6.0,0,2025-08-05
ACC-4505,2022-04-16,Scale,Retail,48,1142.09,18,6,11.0,42.0,1,2026-01-02
ACC-4506,2023-10-23,Starter,Retail,5,72.07,6,4,9.0,77.0,0,2025-11-02
ACC-4507,2023-06-02,Growth,Retail,10,195.19,29,6,28.0,-5.0,0,2025-06-24
ACC-4508,2021-08-25,Growth,Healthcare,13,203.44,8,6,11.0,1.0,0,2025-04-29
ACC-4509,2022-08-17,Growth,Finance,13,222.86,45,0,15.0,51.0,0,2025-07-28
ACC-4510,2022-04-12,Starter,Public sector,3,36.53,43,2,11.0,37.0,0,2025-09-17
ACC-4511,2022-07-07,Enterprise,Public sector,180,5067.48,3,2,23.0,33.0,0,2025-04-15
ACC-4512,2021-11-16,Starter,Finance,4,43.07,4,8,14.0,42.0,1,2026-03-18
ACC-4513,2024-04-18,Starter,Public sector,2,25.41,18,7,9.0,47.0,1,2025-12-10
ACC-4514,2023-09-26,Scale,Finance,38,907.48,35,1,22.0,84.0,0,2025-07-10
ACC-4515,2021-12-22,Scale,Retail,37,1098.17,23,4,13.0,-1.0,1,2025-08-17
ACC-4516,2022-07-23,Scale,Finance,52,1149.92,13,4,18.0,25.0,1,2026-05-05
ACC-4517,2021-09-05,Starter,Retail,1,10.28,13,8,14.0,48.0,0,2025-02-06
ACC-4518,2024-09-15,Starter,Healthcare,4,47.79,14,2,27.0,13.0,0,2025-05-01
ACC-4519,2022-09-04,Starter,Education,5,53.31,43,0,23.0,8.0,0,2025-02-11
ACC-4520,2022-08-04,Starter,Public sector,4,50.02,20,2,17.0,52.0,0,2025-05-08
ACC-4521,2023-10-13,Starter,Manufacturing,1,11.08,13,4,18.0,37.0,0,2026-04-24
ACC-4522,2024-09-28,Starter,Public sector,2,19.86,25,3,18.0,-11.0,0,2025-05-05
ACC-4523,2023-08-27,Scale,Finance,48,1238.56,36,2,5.0,13.0,0,2025-07-01
ACC-4524,2021-07-14,Starter,Education,2,22.82,34,3,19.0,15.0,0,2025-04-30
ACC-4525,2022-08-01,Growth,Healthcare,4,66.57,21,5,21.0,-18.0,0,2026-02-18
ACC-4526,2021-11-07,Starter,Education,2,24.18,15,5,17.0,0.0,0,2025-11-20
ACC-4527,2024-03-19,Scale,Healthcare,44,1234.77,26,3,22.0,46.0,0,2025-03-22
ACC-4528,2022-06-22,Starter,Retail,1,13.29,44,1,25.0,21.0,0,2026-05-14
ACC-4529,2024-02-23,Starter,Manufacturing,1,14.53,25,4,5.0,7.0,1,2026-01-05
ACC-4530,2021-05-22,Starter,Healthcare,2,21.63,9,2,22.0,13.0,1,2025-10-10
ACC-4531,2024-09-12,Starter,Public sector,2,17.28,19,2,25.0,22.0,0,2025-04-07
ACC-4532,2021-12-01,Starter,Public sector,3,35.58,19,5,14.0,10.0,1,2025-07-08
ACC-4533,2024-11-10,Starter,Public sector,5,57.52,25,3,7.0,53.0,0,2025-04-04
ACC-4534,2023-07-08,Enterprise,Manufacturing,177,6963.85,12,5,17.0,35.0,0,2025-05-05
ACC-4535,2024-03-26,Starter,Healthcare,2,21.62,19,1,33.0,51.0,1,2025-11-24
ACC-4536,2023-08-26,Scale,Retail,53,1304.99,16,4,27.0,17.0,0,2025-06-27
ACC-4537,2022-07-27,Starter,Healthcare,3,40.55,7,4,21.0,14.0,0,2025-10-19
ACC-4538,2024-03-28,Scale,Retail,59,1378.07,17,9,3.0,64.0,1,2025-12-28
ACC-4539,2021-05-05,Starter,Public sector,2,23.05,10,3,16.0,14.0,0,2025-07-06
ACC-4540,2024-10-15,Growth,Retail,17,272.33,12,3,10.0,34.0,1,2025-05-05
ACC-4541,2022-04-23,Scale,Manufacturing,45,947.65,27,2,31.0,19.0,0,2025-01-17
ACC-4542,2022-11-19,Scale,Education,39,972.91,34,2,16.0,55.0,0,2025-08-23
ACC-4543,2022-09-07,Scale,Education,58,1422.52,39,3,11.0,3.0,0,2025-10-04
ACC-4544,2023-01-18,Growth,Retail,9,153.91,15,8,22.0,41.0,0,2026-01-13
ACC-4545,2024-06-28,Growth,Healthcare,13,189.38,3,9,23.0,43.0,1,2025-09-28
ACC-4546,2022-10-23,Starter,Public sector,6,59.72,4,7,18.0,-20.0,0,2025-04-23
ACC-4547,2021-11-15,Enterprise,Finance,192,6819.57,43,1,19.0,16.0,0,2025-02-09
ACC-4548,2023-11-22,Starter,Public sector,6,76.85,45,0,24.0,4.0,0,2026-01-24
ACC-4549,2024-05-20,Growth,Manufacturing,18,299.64,39,3,18.0,58.0,1,2025-03-25
ACC-4550,2021-02-26,Starter,Public sector,2,23.45,31,5,10.0,31.0,0,2026-01-04
ACC-4551,2022-08-19,Starter,Education,4,35.69,16,3,19.0,54.0,1,2025-12-20
ACC-4552,2021-12-20,Starter,Finance,2,25.02,42,2,28.0,5.0,0,2025-12-01
ACC-4553,2024-10-16,Starter,Finance,1,13.61,33,3,19.0,2.0,0,2026-02-17
ACC-4554,2022-02-24,Starter,Finance,3,36.24,18,2,7.0,15.0,0,2025-01-03
ACC-4555,2024-04-01,Starter,Retail,4,40.26,44,2,13.0,27.0,0,2025-04-30
ACC-4556,2024-11-23,Starter,Public sector,1,12.93,14,5,7.0,70.0,0,2025-04-09
ACC-4557,2024-05-09,Scale,Retail,48,1233.45,11,9,14.0,9.0,0,2025-10-27
ACC-4558,2023-11-07,Scale,Healthcare,46,1205.13,29,2,21.0,59.0,0,2025-11-09
ACC-4559,2025-02-06,Growth,Retail,16,282.59,1,2,20.0,36.0,1,2025-05-26
ACC-4560,2021-03-26,Growth,Manufacturing,16,251.03,5,5,10.0,28.0,1,2025-12-27
ACC-4561,2021-01-04,Starter,Retail,5,58.77,21,3,25.0,11.0,1,2026-02-08
ACC-4562,2021-11-19,Starter,Public sector,1,12.9,30,2,23.0,45.0,0,2026-03-22
ACC-4563,2022-01-12,Growth,Manufacturing,12,236.27,38,4,8.0,46.0,0,2025-01-12
ACC-4564,2021-01-20,Starter,Finance,1,13.07,17,4,16.0,54.0,1,2025-11-28
ACC-4565,2022-09-12,Enterprise,Retail,202,5148.55,43,2,21.0,5.0,0,2026-01-18
ACC-4566,2024-01-29,Scale,Retail,46,1031.25,17,6,6.0,41.0,0,2025-02-05
ACC-4567,2022-07-10,Starter,Public sector,4,36.51,46,2,16.0,37.0,0,2026-01-21
ACC-4568,2021-08-16,Starter,Retail,6,63.79,41,1,24.0,27.0,0,2025-07-21
ACC-4569,2024-07-26,Starter,Finance,5,67.55,32,3,19.0,22.0,0,2025-05-10
ACC-4570,2021-05-03,Growth,Education,9,141.08,31,2,15.0,57.0,0,2025-09-25
ACC-4571,2024-04-16,Starter,Finance,3,43.17,21,1,13.0,53.0,0,2026-04-01
ACC-4572,2024-07-15,Starter,Finance,2,21.93,31,2,30.0,48.0,0,2026-04-16
ACC-4573,2023-11-03,Growth,Public sector,7,119.23,35,1,20.0,10.0,0,2025-03-03
ACC-4574,2024-09-11,Starter,Retail,4,48.77,27,5,10.0,54.0,1,2025-09-05
ACC-4575,2022-02-05,Enterprise,Finance,199,5230.59,23,1,25.0,19.0,0,2025-02-10
ACC-4576,2024-11-24,Starter,Healthcare,2,23.43,34,1,29.0,14.0,0,2026-02-22
ACC-4577,2022-01-02,Scale,Education,51,881.39,5,7,3.0,45.0,1,2025-08-26
ACC-4578,2024-09-13,Enterprise,Manufacturing,186,7006.63,39,0,23.0,25.0,0,2025-12-31
ACC-4579,2024-10-19,Starter,Manufacturing,1,12.57,19,5,12.0,36.0,0,2025-10-07
ACC-4580,2021-04-18,Growth,Retail,12,170.69,6,3,19.0,48.0,0,2025-05-29
ACC-4581,2021-09-28,Enterprise,Retail,178,5271.73,28,3,22.0,10.0,1,2025-11-19
ACC-4582,2023-02-06,Growth,Retail,11,183.97,4,5,17.0,52.0,1,2025-11-26
ACC-4583,2023-09-12,Starter,Education,2,20.67,21,5,18.0,-23.0,1,2026-05-14
ACC-4584,2022-10-03,Enterprise,Manufacturing,172,5893.48,32,4,23.0,26.0,0,2025-05-10
ACC-4585,2024-08-13,Growth,Manufacturing,14,187.83,37,2,29.0,43.0,1,2025-09-10
ACC-4586,2023-02-23,Scale,Manufacturing,48,1312.65,2,4,20.0,28.0,0,2026-05-10
ACC-4587,2023-03-02,Growth,Healthcare,17,345.95,24,4,22.0,15.0,0,2026-01-22
ACC-4588,2024-12-14,Growth,Finance,6,99.3,16,4,16.0,19.0,0,2025-03-29
ACC-4589,2024-07-22,Enterprise,Healthcare,178,6035.77,24,2,21.0,24.0,0,2026-02-21
ACC-4590,2021-08-04,Growth,Healthcare,9,188.97,41,1,30.0,49.0,0,2025-10-30
ACC-4591,2022-06-20,Starter,Manufacturing,3,39.92,9,5,12.0,40.0,0,2026-01-06
ACC-4592,2023-06-21,Starter,Education,4,37.08,22,3,19.0,41.0,0,2025-05-01
ACC-4593,2023-02-11,Starter,Education,4,47.25,29,4,11.0,47.0,0,2025-02-13
ACC-4594,2022-08-31,Starter,Public sector,1,10.01,27,1,17.0,24.0,0,2025-01-02
ACC-4595,2023-01-05,Growth,Public sector,12,201.67,47,1,23.0,35.0,0,2026-04-06
ACC-4596,2021-04-29,Starter,Healthcare,3,42.64,24,3,23.0,51.0,0,2026-04-02
ACC-4597,2022-09-28,Starter,Manufacturing,1,11.49,17,3,19.0,37.0,0,2025-08-22
ACC-4598,2021-09-26,Growth,Healthcare,11,184.13,21,4,14.0,15.0,0,2026-01-16
ACC-4599,2022-08-16,Starter,Manufacturing,4,35.63,47,2,15.0,35.0,0,2026-04-17
